mandt,kokrs,kostl,datbi,datab,bkzkp,pkzkp,bukrs,gsber,kosar,verak,verak_user,waers,kalsm,txjcd,prctr,werks,logsystem,ersda,usnam,bkzks,bkzer,bkzob,pkzks,pkzer,vmeth,mgefl,abtei,nkost,kvewe,kappl,koszschl,land1,anred,name1,name2,name3,name4,ort01,ort02,stras,pfach,pstlz,pstl2,regio,spras,telbx,telf1,telf2,telfx,teltx,telx1,datlt,drnam,khinr,cckey,kompl,stakz,objnr,funkt,afunk,cpi_templ,cpd_templ,func_area,sci_templ,scd_templ,ski_templ,skd_templ,vname,recid,etype,jv_otype,jv_jibcl,jv_jibsa,ferc_ind,operation_flag,is_deleted,recordstamp
50,0001,MAHI,9999-12-31,,,,,,,,,,,,,,,,,,,,,,,,,,,,,,,,,,,,,,,,,,,,,,,,,,,,,,,,,,,,,,,,,,,,,,,,D,True,2022-03-10 06:44:39.410045+00:00
800,CP,CP1000,9999-12-31,2002-01-01,,,CPFO,,G,John Smith,,USD,,,,,,2002-08-19,PTABI_SAP,,,,,,,,,,,,,,,,,,,,,,,,,,,,,,,,,,,CP1,,X,,KSCP  CP1000,,,,,,,,,,,,,,,,,L,False,2021-07-27 03:10:41.174365+00:00
800,CP,CP1010,9999-12-31,2002-01-01,,,CPBV,,G,John Smith,,USD,,,,,,2007-10-16,GUSKI,,,,,,,,,,,,,,,,,,,,,,,,,,,,,,,,,,,CP1,,X,,KSCP  CP1010,,,,,,,,,,,,,,,,,L,False,2021-07-27 03:10:41.174365+00:00
800,S300,S-3310,9999-12-31,1998-01-01,,,S300,,7,Herr Knudson,,USD,,,0000003020,,,1999-04-23,KNUDSEN,,,,,,,X,,,,,,,,,,,,,,,,,,,,,,,,,,,,S3300,,X,,KSS300S-3310,,,,,,,,,,,,,,,,,L,False,2021-07-27 03:10:41.174365+00:00
800,S300,S-3410,9999-12-31,1998-01-01,,,S300,,7,Frau Albert,,USD,,,0000003030,,,1999-04-23,KNUDSEN,,,,,,,X,,,,,,,,,,,,,,,,,,,,,,,,,,,,S3400,,X,,KSS300S-3410,,,,,,,,,,,,,,,,,L,False,2021-07-27 03:10:41.174365+00:00
800,S300,S-3510,9999-12-31,1998-01-01,,,S300,,7,Frau Miller,,USD,,,0000003040,,,1999-04-23,KNUDSEN,,,,,,,X,,,,,,,,,,,,,,,,,,,,,,,,,,,,S3500,,X,,KSS300S-3510,,,,,,,,,,,,,,,,,L,False,2021-07-27 03:10:41.174365+00:00
800,S300,S-3610,9999-12-31,1998-01-01,,,S300,,7,Herr Sanchez,,USD,,,0000003050,,,1999-04-23,KNUDSEN,,,,,,,X,,,,,,,,,,,,,,,,,,,,,,,,,,,,S3600,,X,,KSS300S-3610,,,,,,,,,,,,,,,,,L,False,2021-07-27 03:10:41.174365+00:00
800,S300,S-3710,9999-12-31,1998-01-01,,,S300,,7,Herr Finder,,USD,,,0000003060,,,1999-04-23,KNUDSEN,,,,,,,X,,,,,,,,,,,,,,,,,,,,,,,,,,,,S3700,,X,,KSS300S-3710,,,,,,,,,,,,,,,,,L,False,2021-07-27 03:10:41.174365+00:00
800,4300,0000410000,9999-12-31,2010-01-01,,,4300,4000,1,Busch,,INR,,,0000001000,,,2013-06-27,C5188816,,,,,,,X,Tech' Dep't,,,,,,,,,,,,,,,,,,,,,,,,,,,H43,,X,,KS43000000410000,,,,,100.0,,,,,,,,,,,,L,False,2021-07-27 03:10:41.174365+00:00
800,7600,0000001000,9999-12-31,2012-01-01,,,7600,7000,1,Raúl Molteni,,COP,,,,,,2012-10-29,I812053,,,,,,,,Tech' Dep't,,,,,,,,,,,,,,,,,,,,,,,,,,,H7600,,X,,KS76000000001000,,,,,,,,,,,,,,,,,L,False,2021-07-27 03:10:41.174365+00:00
800,SE01,0000002200,9999-12-31,2006-01-01,,,SE01,9900,4,Gilbert,,SEK,,,,,,2006-09-14,BONIN,,,,,,,X,FI & Admin,,,,,,,,,,,,,,,,,,,,,,,,,,,SE011_HIER,,X,,KSSE010000002200,,,,,400.0,,,,,,,,,,,,L,False,2021-07-27 03:10:41.174365+00:00
0,BE01,0000001000,9999-12-31,1997-01-01,,,BE01,,L,Big Boss,,EUR,,,,,,1998-04-17,SAP,,X,X,,X,,,,,,,,,,,,,,,,,,,,,,,,,,,,,,BE01-1-1,,X,,KSBE010000001000,,,,,,,,,,,,,,,,,L,False,2022-01-31 20:41:54.288537+00:00
1,BE01,0000001000,9999-12-31,1997-01-01,,,BE01,,L,Big Boss,,EUR,,,,,,1998-04-17,SAP,,X,X,,X,,,,,,,,,,,,,,,,,,,,,,,,,,,,,,BE01-1-1,,X,,KSBE010000001000,,,,,,,,,,,,,,,,,L,False,2022-01-31 20:41:54.288537+00:00
0,KZ01,SAP-DUMMY,9999-12-31,1999-01-01,,,KZ01,0001,W,SAP,,KZT,,,,,,2000-01-25,SAP,,X,X,,X,,,,,,,,,,,,,,,,,,,,,,,,,,,,,,KZ01-1-1,,X,,KSKZ01SAP-DUMMY,,,,,,,,,,,,,,,,,L,False,2022-01-31 20:41:54.288537+00:00
1,KZ01,SAP-DUMMY,9999-12-31,1999-01-01,,,KZ01,0001,W,SAP,,KZT,,,,,,2000-01-25,SAP,,X,X,,X,,,,,,,,,,,,,,,,,,,,,,,,,,,,,,KZ01-1-1,,X,,KSKZ01SAP-DUMMY,,,,,,,,,,,,,,,,,L,False,2022-01-31 20:41:54.288537+00:00
0,TW01,SAP-DUMMY,9999-12-31,1999-01-01,,,TW01,0001,W,SAP,,TWD,,,,,,1999-05-26,SAP,,X,X,,X,,,,,,,,,,,,,,,,,,,,,,,,,,,,,,TW01,,X,,KSTW01SAP-DUMMY,,,,,,,,,,,,,,,,,L,False,2022-01-31 20:41:54.288537+00:00
1,TW01,SAP-DUMMY,9999-12-31,1999-01-01,,,TW01,0001,W,SAP,,TWD,,,,,,1999-05-26,SAP,,X,X,,X,,,,,,,,,,,,,,,,,,,,,,,,,,,,,,TW01,,X,,KSTW01SAP-DUMMY,,,,,,,,,,,,,,,,,L,False,2022-01-31 20:41:54.288537+00:00
0,0001,SAP-DUMMY,9999-12-31,1997-01-01,,,0001,0001,W,SAP,,EUR,,,,,,2001-11-15,SAP,,X,X,,X,,,,,,,,,,,,,,,,,,,,,,,,,,,,,,0001-1-1,,X,,KS0001SAP-DUMMY,,,,,,,,,,,,,,,,,L,False,2022-01-31 20:41:54.288537+00:00
1,0001,SAP-DUMMY,9999-12-31,1997-01-01,,,0001,0001,W,SAP,,EUR,,,,,,2001-11-15,SAP,,X,X,,X,,,,,,,,,,,,,,,,,,,,,,,,,,,,,,0001-1-1,,X,,KS0001SAP-DUMMY,,,,,,,,,,,,,,,,,L,False,2022-01-31 20:41:54.288537+00:00
0,BE01,SAP-DUMMY,9999-12-31,1997-01-01,,,BE01,0001,W,SAP,,EUR,,,,,,1997-12-08,SAP,,X,X,,X,,,,,,,,,,,,,,,,,,,,,,,,,,,,,,BE01-1-1,,X,,KSBE01SAP-DUMMY,,,,,,,,,,,,,,,,,L,False,2022-01-31 20:41:54.288537+00:00
1,BE01,SAP-DUMMY,9999-12-31,1997-01-01,,,BE01,0001,W,SAP,,EUR,,,,,,1997-12-08,SAP,,X,X,,X,,,,,,,,,,,,,,,,,,,,,,,,,,,,,,BE01-1-1,,X,,KSBE01SAP-DUMMY,,,,,,,,,,,,,,,,,L,False,2022-01-31 20:41:54.288537+00:00
0,CN01,SAP-DUMMY,9999-12-31,1997-01-01,,,CN01,0001,W,SAP,,CNY,,,,,,1998-03-24,SAP,,X,X,,X,,,,,,,,,,,,,,,,,,,,,,,,,,,,,,CN01-1-1,,X,,KSCN01SAP-DUMMY,,,,,,,,,,,,,,,,,L,False,2022-01-31 20:41:54.288537+00:00
1,CN01,SAP-DUMMY,9999-12-31,1997-01-01,,,CN01,0001,W,SAP,,CNY,,,,,,1998-03-24,SAP,,X,X,,X,,,,,,,,,,,,,,,,,,,,,,,,,,,,,,CN01-1-1,,X,,KSCN01SAP-DUMMY,,,,,,,,,,,,,,,,,L,False,2022-01-31 20:41:54.288537+00:00
0,CO01,SAP-DUMMY,9999-12-31,1997-01-01,,,CO01,0001,W,SAP,,COP,,,,,,1998-05-04,SAP,,X,X,,X,,,,,,,,,,,,,,,,,,,,,,,,,,,,,,CO01-1-1,,X,,KSCO01SAP-DUMMY,,,,,,,,,,,,,,,,,L,False,2022-01-31 20:41:54.288537+00:00
1,CO01,SAP-DUMMY,9999-12-31,1997-01-01,,,CO01,0001,W,SAP,,COP,,,,,,1998-05-04,SAP,,X,X,,X,,,,,,,,,,,,,,,,,,,,,,,,,,,,,,CO01-1-1,,X,,KSCO01SAP-DUMMY,,,,,,,,,,,,,,,,,L,False,2022-01-31 20:41:54.288537+00:00
0,CZ01,SAP-DUMMY,9999-12-31,1997-01-01,,,CZ01,0001,W,SAP,,CZK,,,,,,1997-11-25,SAP,,X,X,,X,,,,,,,,,,,,,,,,,,,,,,,,,,,,,,CZ01-1-1,,X,,KSCZ01SAP-DUMMY,,,,,,,,,,,,,,,,,L,False,2022-01-31 20:41:54.288537+00:00
1,CZ01,SAP-DUMMY,9999-12-31,1997-01-01,,,CZ01,0001,W,SAP,,CZK,,,,,,1997-11-25,SAP,,X,X,,X,,,,,,,,,,,,,,,,,,,,,,,,,,,,,,CZ01-1-1,,X,,KSCZ01SAP-DUMMY,,,,,,,,,,,,,,,,,L,False,2022-01-31 20:41:54.288537+00:00
0,DE01,SAP-DUMMY,9999-12-31,1997-01-01,,,DE01,0001,W,SAP,,EUR,,,,,,1997-07-08,SAP,,X,X,,X,1.0,,,,,,,,,,,,,,,,,,,,,,,,,,,,,DE01-1-1,,X,,KSDE01SAP-DUMMY,,,,,,,,,,,,,,,,,L,False,2022-01-31 20:41:54.288537+00:00
1,DE01,SAP-DUMMY,9999-12-31,1997-01-01,,,DE01,0001,W,SAP,,EUR,,,,,,1997-07-08,SAP,,X,X,,X,1.0,,,,,,,,,,,,,,,,,,,,,,,,,,,,,DE01-1-1,,X,,KSDE01SAP-DUMMY,,,,,,,,,,,,,,,,,L,False,2022-01-31 20:41:54.288537+00:00
0,DE02,SAP-DUMMY,9999-12-31,1997-01-01,,,DE02,0001,W,SAP,,EUR,,,,,,1997-10-27,SAP,,X,X,,X,,,,,,,,,,,,,,,,,,,,,,,,,,,,,,DE02-1-1,,X,,KSDE02SAP-DUMMY,,,,,,,,,,,,,,,,,L,False,2022-01-31 20:41:54.288537+00:00
1,DE02,SAP-DUMMY,9999-12-31,1997-01-01,,,DE02,0001,W,SAP,,EUR,,,,,,1997-10-27,SAP,,X,X,,X,,,,,,,,,,,,,,,,,,,,,,,,,,,,,,DE02-1-1,,X,,KSDE02SAP-DUMMY,,,,,,,,,,,,,,,,,L,False,2022-01-31 20:41:54.288537+00:00
0,ES01,SAP-DUMMY,9999-12-31,1997-01-01,,,ES01,0001,W,SAP,,EUR,,,,,,1998-02-10,SAP,,X,X,,X,,,,,,,,,,,,,,,,,,,,,,,,,,,,,,0001-01-01,,X,,KSES01SAP-DUMMY,,,,,,,,,,,,,,,,,L,False,2022-01-31 20:41:54.288537+00:00
1,ES01,SAP-DUMMY,9999-12-31,1997-01-01,,,ES01,0001,W,SAP,,EUR,,,,,,1998-02-10,SAP,,X,X,,X,,,,,,,,,,,,,,,,,,,,,,,,,,,,,,0001-01-01,,X,,KSES01SAP-DUMMY,,,,,,,,,,,,,,,,,L,False,2022-01-31 20:41:54.288537+00:00
0,FI01,SAP-DUMMY,9999-12-31,1997-01-01,,,FI01,0001,W,SAP,,EUR,,,,,,1998-05-04,SAP,,X,X,,X,,,,,,,,,,,,,,,,,,,,,,,,,,,,,,FI01-1-1,,X,,KSFI01SAP-DUMMY,,,,,,,,,,,,,,,,,L,False,2022-01-31 20:41:54.288537+00:00
1,FI01,SAP-DUMMY,9999-12-31,1997-01-01,,,FI01,0001,W,SAP,,EUR,,,,,,1998-05-04,SAP,,X,X,,X,,,,,,,,,,,,,,,,,,,,,,,,,,,,,,FI01-1-1,,X,,KSFI01SAP-DUMMY,,,,,,,,,,,,,,,,,L,False,2022-01-31 20:41:54.288537+00:00
0,HU01,SAP-DUMMY,9999-12-31,1997-01-01,,,HU01,0001,W,SAP,,HUF,,,,,,1997-09-16,SAP,,X,X,,X,1.0,,,,,,,,,,,,,,,,,,,,,,,,,,,,,HU01-1-1,,X,,KSHU01SAP-DUMMY,,,,,,,,,,,,,,,,,L,False,2022-01-31 20:41:54.288537+00:00
1,HU01,SAP-DUMMY,9999-12-31,1997-01-01,,,HU01,0001,W,SAP,,HUF,,,,,,1997-09-16,SAP,,X,X,,X,1.0,,,,,,,,,,,,,,,,,,,,,,,,,,,,,HU01-1-1,,X,,KSHU01SAP-DUMMY,,,,,,,,,,,,,,,,,L,False,2022-01-31 20:41:54.288537+00:00
0,JP01,SAP-DUMMY,9999-12-31,1997-01-01,,,JP01,0001,W,SAP,,JPY,,,,,,1997-08-06,SAP,,X,X,,X,1.0,,,,,,,,,,,,,,,,,,,,,,,,,,,,,JP01-1-1,,X,,KSJP01SAP-DUMMY,,,,,,,,,,,,,,,,,L,False,2022-01-31 20:41:54.288537+00:00
1,JP01,SAP-DUMMY,9999-12-31,1997-01-01,,,JP01,0001,W,SAP,,JPY,,,,,,1997-08-06,SAP,,X,X,,X,1.0,,,,,,,,,,,,,,,,,,,,,,,,,,,,,JP01-1-1,,X,,KSJP01SAP-DUMMY,,,,,,,,,,,,,,,,,L,False,2022-01-31 20:41:54.288537+00:00
0,NO01,SAP-DUMMY,9999-12-31,1997-01-01,,,NO01,0001,W,SAP,,NOK,,,,,,1997-08-14,SAP,,X,X,,X,1.0,,,,,,,,,,,,,,,,,,,,,,,,,,,,,NO01-1-1,,X,,KSNO01SAP-DUMMY,,,,,,,,,,,,,,,,,L,False,2022-01-31 20:41:54.288537+00:00
1,NO01,SAP-DUMMY,9999-12-31,1997-01-01,,,NO01,0001,W,SAP,,NOK,,,,,,1997-08-14,SAP,,X,X,,X,1.0,,,,,,,,,,,,,,,,,,,,,,,,,,,,,NO01-1-1,,X,,KSNO01SAP-DUMMY,,,,,,,,,,,,,,,,,L,False,2022-01-31 20:41:54.288537+00:00
0,RU01,SAP-DUMMY,9999-12-31,1997-01-01,,,RU01,0001,W,SAP,,RUB,,,,,,1997-08-25,SAP,,X,X,,X,,,,,,,,,,,,,,,,,,,,,,,,,,,,,,RU01-1-1,,X,,KSRU01SAP-DUMMY,,,,,,,,,,,,,,,,,L,False,2022-01-31 20:41:54.288537+00:00
1,RU01,SAP-DUMMY,9999-12-31,1997-01-01,,,RU01,0001,W,SAP,,RUB,,,,,,1997-08-25,SAP,,X,X,,X,,,,,,,,,,,,,,,,,,,,,,,,,,,,,,RU01-1-1,,X,,KSRU01SAP-DUMMY,,,,,,,,,,,,,,,,,L,False,2022-01-31 20:41:54.288537+00:00
0,SE01,SAP-DUMMY,9999-12-31,1997-01-01,,,SE01,0001,W,SAP,,SEK,,,,,,1997-08-14,SAP,,X,X,,X,1.0,,,,,,,,,,,,,,,,,,,,,,,,,,,,,SE01-1-1,,X,,KSSE01SAP-DUMMY,,,,,,,,,,,,,,,,,L,False,2022-01-31 20:41:54.288537+00:00
1,SE01,SAP-DUMMY,9999-12-31,1997-01-01,,,SE01,0001,W,SAP,,SEK,,,,,,1997-08-14,SAP,,X,X,,X,1.0,,,,,,,,,,,,,,,,,,,,,,,,,,,,,SE01-1-1,,X,,KSSE01SAP-DUMMY,,,,,,,,,,,,,,,,,L,False,2022-01-31 20:41:54.288537+00:00
0,SK01,SAP-DUMMY,9999-12-31,1997-01-01,,,SK01,0001,W,SAP,,SKK,,,,,,1998-04-15,SAP,,X,X,,X,,,,,,,,,,,,,,,,,,,,,,,,,,,,,,SK01-1-1,,X,,KSSK01SAP-DUMMY,,,,,,,,,,,,,,,,,L,False,2022-01-31 20:41:54.288537+00:00
1,SK01,SAP-DUMMY,9999-12-31,1997-01-01,,,SK01,0001,W,SAP,,SKK,,,,,,1998-04-15,SAP,,X,X,,X,,,,,,,,,,,,,,,,,,,,,,,,,,,,,,SK01-1-1,,X,,KSSK01SAP-DUMMY,,,,,,,,,,,,,,,,,L,False,2022-01-31 20:41:54.288537+00:00
0,TR01,SAP-DUMMY,9999-12-31,1997-01-01,,,TR01,0001,W,SAP,,TRL,,,,,,1999-04-26,SAP,,X,X,,X,,,,,,,,,,,,,,,,,,,,,,,,,,,,,,TR01-1,,X,,KSTR01SAP-DUMMY,,,,,,,,,,,,,,,,,L,False,2022-01-31 20:41:54.288537+00:00
1,TR01,SAP-DUMMY,9999-12-31,1997-01-01,,,TR01,0001,W,SAP,,TRL,,,,,,1999-04-26,SAP,,X,X,,X,,,,,,,,,,,,,,,,,,,,,,,,,,,,,,TR01-1,,X,,KSTR01SAP-DUMMY,,,,,,,,,,,,,,,,,L,False,2022-01-31 20:41:54.288537+00:00
0,KR01,SAP-DUMMY,9999-12-31,1998-01-01,,,KR01,,W,SAP,,KRW,,,,,,1998-04-29,SAP,,X,X,,X,,,,,,,,,,,,,,,,,,,,,,,,,,,,,,KR01-1,,X,,KSKR01SAP-DUMMY,,,,,,,,,,,,,,,,,L,False,2022-01-31 20:41:54.288537+00:00
1,KR01,SAP-DUMMY,9999-12-31,1998-01-01,,,KR01,,W,SAP,,KRW,,,,,,1998-04-29,SAP,,X,X,,X,,,,,,,,,,,,,,,,,,,,,,,,,,,,,,KR01-1,,X,,KSKR01SAP-DUMMY,,,,,,,,,,,,,,,,,L,False,2022-01-31 20:41:54.288537+00:00
0,PL01,SAP-DUMMY,9999-12-31,1998-01-01,,,PL01,0001,W,SAP,,PLN,,,,,,1998-04-22,SAP,,X,X,,X,,,,,,,,,,,,,,,,,,,,,,,,,,,,,,PL01-1-1,,X,,KSPL01SAP-DUMMY,,,,,,,,,,,,,,,,,L,False,2022-01-31 20:41:54.288537+00:00
1,PL01,SAP-DUMMY,9999-12-31,1998-01-01,,,PL01,0001,W,SAP,,PLN,,,,,,1998-04-22,SAP,,X,X,,X,,,,,,,,,,,,,,,,,,,,,,,,,,,,,,PL01-1-1,,X,,KSPL01SAP-DUMMY,,,,,,,,,,,,,,,,,L,False,2022-01-31 20:41:54.288537+00:00
0,UA01,SAP-DUMMY,9999-12-31,1998-01-01,,,UA01,0001,W,SAP,,UAH,,,,,,1998-12-15,SAP,,X,X,,X,,,,,,,,,,,,,,,,,,,,,,,,,,,,,,UA01-1-1,,X,,KSUA01SAP-DUMMY,,,,,,,,,,,,,,,,,L,False,2022-01-31 20:41:54.288537+00:00
1,UA01,SAP-DUMMY,9999-12-31,1998-01-01,,,UA01,0001,W,SAP,,UAH,,,,,,1998-12-15,SAP,,X,X,,X,,,,,,,,,,,,,,,,,,,,,,,,,,,,,,UA01-1-1,,X,,KSUA01SAP-DUMMY,,,,,,,,,,,,,,,,,L,False,2022-01-31 20:41:54.288537+00:00
200,CYMB,PRODEU,9999-12-31,2015-01-01,,,EU01,EU01,F,TBD,,EUR,,,,,,2022-01-20,ANANTHARAMUL,,X,X,,X,,X,,,,,,,,,,,,,,,,,,,,,,,,,,,,CYMB_HIERA,,X,,KSCYMBPRODEU,,,,,,,,,,,,,,,,,L,False,2022-01-31 20:41:54.288537+00:00
250,CYMB,PRODEU,9999-12-31,2015-01-01,,,EU01,EU01,F,TBD,,EUR,,,,,,2022-01-28,SHOBHITSAURA,,X,X,,X,,X,,,,,,,,,,,,,,,,,,,,,,,,,,,,CYMB_HIERA,,X,,KSCYMBPRODEU,,,,,,,,,,,,,,,,,L,False,2022-01-31 20:41:54.288537+00:00
200,CYMB,PORD,9999-12-31,2015-01-01,,,USA1,USA1,F,TBD,,USD,,,,,,2022-01-12,MALVIYAH,,X,X,,X,,X,,,,,,,,,,,,,,,,,,,,,,,,,,,,CYMB_HIERA,,X,,KSCYMBPORD,,,,,,,,,,,,,,,,,L,False,2022-01-31 20:41:54.288537+00:00
250,CYMB,PROD,9999-12-31,2015-01-01,,,USA1,USA1,F,TBD,,USD,,,,,,2022-01-12,MALVIYAH,,X,X,,X,,X,,,,,,,,,,,,,,,,,,,,,,,,,,,,CYMB_HIERA,,X,,KSCYMBPROD,,,,,,,,,,,,,,,,,L,False,2022-01-31 20:41:54.288537+00:00
0,CA01,0000010100,9999-12-31,1998-01-01,,,CA01,0001,V,tbn,,CAD,,,,,,1998-10-16,SAP,,X,X,,X,,,,,,,,,,,,,,,,,,,,,,,,,,,,,,101,,X,,KSCA010000010100,,,,,,,,,,,,,,,,,L,False,2022-01-31 20:41:54.288537+00:00
1,CA01,0000010100,9999-12-31,1998-01-01,,,CA01,0001,V,tbn,,CAD,,,,,,1998-10-16,SAP,,X,X,,X,,,,,,,,,,,,,,,,,,,,,,,,,,,,,,101,,X,,KSCA010000010100,,,,,,,,,,,,,,,,,L,False,2022-01-31 20:41:54.288537+00:00
0,CA01,0000020100,9999-12-31,1998-01-01,,,CA01,0001,V,tbn,,CAD,,,,,,1998-10-16,SAP,,X,X,,X,,,,,,,,,,,,,,,,,,,,,,,,,,,,,,201,,X,,KSCA010000020100,,,,,,,,,,,,,,,,,L,False,2022-01-31 20:41:54.288537+00:00
1,CA01,0000020100,9999-12-31,1998-01-01,,,CA01,0001,V,tbn,,CAD,,,,,,1998-10-16,SAP,,X,X,,X,,,,,,,,,,,,,,,,,,,,,,,,,,,,,,201,,X,,KSCA010000020100,,,,,,,,,,,,,,,,,L,False,2022-01-31 20:41:54.288537+00:00
0,CA01,0000030100,9999-12-31,1998-01-01,,,CA01,0001,F,tbn,,CAD,,,,,,1998-10-16,SAP,,X,X,,X,,X,,,,,,,,,,,,,,,,,,,,,,,,,,,,301,,X,,KSCA010000030100,,,,,,,,,,,,,,,,,L,False,2022-01-31 20:41:54.288537+00:00
1,CA01,0000030100,9999-12-31,1998-01-01,,,CA01,0001,F,tbn,,CAD,,,,,,1998-10-16,SAP,,X,X,,X,,X,,,,,,,,,,,,,,,,,,,,,,,,,,,,301,,X,,KSCA010000030100,,,,,,,,,,,,,,,,,L,False,2022-01-31 20:41:54.288537+00:00
0,CA01,0000040100,9999-12-31,1998-01-01,,,CA01,0001,W,tbn,,CAD,,,,,,1998-10-16,SAP,,X,X,,X,,,,,,,,,,,,,,,,,,,,,,,,,,,,,,401,,X,,KSCA010000040100,,,,,,,,,,,,,,,,,L,False,2022-01-31 20:41:54.288537+00:00
1,CA01,0000040100,9999-12-31,1998-01-01,,,CA01,0001,W,tbn,,CAD,,,,,,1998-10-16,SAP,,X,X,,X,,,,,,,,,,,,,,,,,,,,,,,,,,,,,,401,,X,,KSCA010000040100,,,,,,,,,,,,,,,,,L,False,2022-01-31 20:41:54.288537+00:00
0,CA01,0000040200,9999-12-31,1998-01-01,,,CA01,0001,W,tbn,,CAD,,,,,,1998-10-16,SAP,,X,X,,X,,,,,,,,,,,,,,,,,,,,,,,,,,,,,,402,,X,,KSCA010000040200,,,,,,,,,,,,,,,,,L,False,2022-01-31 20:41:54.288537+00:00
1,CA01,0000040200,9999-12-31,1998-01-01,,,CA01,0001,W,tbn,,CAD,,,,,,1998-10-16,SAP,,X,X,,X,,,,,,,,,,,,,,,,,,,,,,,,,,,,,,402,,X,,KSCA010000040200,,,,,,,,,,,,,,,,,L,False,2022-01-31 20:41:54.288537+00:00
0,CA01,0000040300,9999-12-31,1998-01-01,,,CA01,0001,W,tbn,,CAD,,,,,,1998-10-16,SAP,,X,X,,X,,,,,,,,,,,,,,,,,,,,,,,,,,,,,,403,,X,,KSCA010000040300,,,,,,,,,,,,,,,,,L,False,2022-01-31 20:41:54.288537+00:00
1,CA01,0000040300,9999-12-31,1998-01-01,,,CA01,0001,W,tbn,,CAD,,,,,,1998-10-16,SAP,,X,X,,X,,,,,,,,,,,,,,,,,,,,,,,,,,,,,,403,,X,,KSCA010000040300,,,,,,,,,,,,,,,,,L,False,2022-01-31 20:41:54.288537+00:00
0,CA01,0000090100,9999-12-31,1998-01-01,,,CA01,0001,H,tbn,,CAD,,,,,,1998-10-16,SAP,,X,X,,X,,X,,,,,,,,,,,,,,,,,,,,,,,,,,,,901,,X,,KSCA010000090100,,,,,,,,,,,,,,,,,L,False,2022-01-31 20:41:54.288537+00:00
1,CA01,0000090100,9999-12-31,1998-01-01,,,CA01,0001,H,tbn,,CAD,,,,,,1998-10-16,SAP,,X,X,,X,,X,,,,,,,,,,,,,,,,,,,,,,,,,,,,901,,X,,KSCA010000090100,,,,,,,,,,,,,,,,,L,False,2022-01-31 20:41:54.288537+00:00
50,0001,MAHI,9999-12-31,2022-03-09,,,0001,,F,shab,,USD,,,P0001-2,,,2022-03-10,MAHITHA,,X,X,,X,,X,,,,,,,,,,,,,,,,,,,,,,,,,,,,0001,,X,,KS0001MAHI,,,,,,,,,,,,,,,,,I,False,2022-03-10 05:59:16.824729+00:00
50,0001,MAHI,9999-12-31,2022-03-09,,,0001,,F,shab,,USD,,,P0001-2,,,2022-03-10,MAHITHA,,X,X,,X,,X,,,,,,,,,,,,,,,,,,,,,,,,,,,,0001,,X,,KS0001MAHI,,,,,,,,,,,,,,,,,U,False,2022-03-10 06:12:29.302824+00:00
50,0001,MAHI,9999-12-31,2022-03-09,,,0001,,F,shab,,USD,,,P0001-2,,,2022-03-10,MAHITHA,,X,X,,X,,X,XYZ,,,,,,,,,,,,,,,,,,,,,,,,,,,0001,,X,,KS0001MAHI,,,,,,,,,,,,,,,,,I,False,2022-03-17 18:12:53.858599+00:00
100,0001,MAHI,9999-12-31,2022-03-09,,,0001,,F,shab,,USD,,,P0001-2,,,2022-03-10,MAHITHA,,X,X,,X,,X,XYZ,,,,,,,,,,,,,,,,,,,,,,,,,,,0001,,X,,KS0001MAHI,,,,,,,,,,,,,,,,,I,False,2022-04-21 14:44:41.317933+00:00
800,6650,0000001110,9999-12-31,2000-01-01,,,6650,9900,5,Abdullah,,SAR,,,0000009999,,,2011-05-02,SOLOMON,,X,,,X,,,Corporate,,,,,SA,,,,,,Riyadh,,,,,,,,,,,,,,,,6650,,X,,KS66500000001110,,,,,400.0,,,,,,,,,,,,L,False,2021-07-27 03:10:41.174365+00:00
800,6650,0000002200,9999-12-31,2000-01-01,,,6650,9900,4,Taylor,,SAR,,,0000009999,,,2011-05-02,SOLOMON,,X,,,X,,,FI & Admin,,,,,SA,,,,,,Riyadh,Riyadh,,,,,,,,,,,,,,,6650,,X,,KS66500000002200,,,,,400.0,,,,,,,,,,,,L,False,2021-07-27 03:10:41.174365+00:00
800,6720,0000006721,9999-12-31,1994-01-01,,,6720,9900,5,Mohammed,,QAR,,,0000009999,,,2014-07-10,C5162783,,X,,,X,,,Corporate,,,,,AE,,,,,,Abu Dhabi,,,,,,,,,,,,,,,,6720,,X,,KS67200000006721,,,,,400.0,,,,,,,,,,,,L,False,2021-07-27 03:10:41.174365+00:00
800,6720,0000006722,9999-12-31,1994-01-01,,,6720,9900,5,Mohammed,,QAR,,,0000009999,,,2014-07-10,C5162783,,X,,,X,,,Corporate,,,,,AE,,,,,,Abu Dhabi,,,,,,,,,,,,,,,,6720,,X,,KS67200000006722,,,,,400.0,,,,,,,,,,,,L,False,2021-07-27 03:10:41.174365+00:00
800,6720,0000006723,9999-12-31,1994-01-01,,,6720,9900,5,Mohammed,,QAR,,,0000009999,,,2014-07-10,C5162783,,X,,,X,,,Corporate,,,,,AE,,,,,,Abu Dhabi,,,,,,,,,,,,,,,,6720,,X,,KS67200000006723,,,,,400.0,,,,,,,,,,,,L,False,2021-07-27 03:10:41.174365+00:00
800,6720,0000006724,9999-12-31,1994-01-01,,,6720,9900,5,Mohammed,,QAR,,,0000009999,,,2014-07-10,C5162783,,X,,,X,,,Corporate,,,,,AE,,,,,,Abu Dhabi,,,,,,,,,,,,,,,,6720,,X,,KS67200000006724,,,,,400.0,,,,,,,,,,,,L,False,2021-07-27 03:10:41.174365+00:00
800,6720,0000006725,9999-12-31,1994-01-01,,,6720,9900,5,Mohammed,,QAR,,,0000009999,,,2014-07-10,C5162783,,X,,,X,,,Corporate,,,,,AE,,,,,,Abu Dhabi,,,,,,,,,,,,,,,,6720,,X,,KS67200000006725,,,,,400.0,,,,,,,,,,,,L,False,2021-07-27 03:10:41.174365+00:00
800,6720,0000006726,9999-12-31,1994-01-01,,,6720,9900,5,Mohammed,,QAR,,,0000009999,,,2014-07-10,C5162783,,X,,,X,,,Corporate,,,,,AE,,,,,,Abu Dhabi,,,,,,,,,,,,,,,,6720,,X,,KS67200000006726,,,,,400.0,,,,,,,,,,,,L,False,2021-07-27 03:10:41.174365+00:00
800,6720,0000006727,9999-12-31,1994-01-01,,,6720,9900,5,Mohammed,,QAR,,,0000009999,,,2014-07-10,C5162783,,X,,,X,,,Corporate,,,,,AE,,,,,,Abu Dhabi,,,,,,,,,,,,,,,,6720,,X,,KS67200000006727,,,,,400.0,,,,,,,,,,,,L,False,2021-07-27 03:10:41.174365+00:00
800,6720,0000006728,9999-12-31,1994-01-01,,,6720,9900,5,Mohammed,,QAR,,,0000009999,,,2014-07-10,C5162783,,X,,,X,,,Corporate,,,,,AE,,,,,,Abu Dhabi,,,,,,,,,,,,,,,,6720,,X,,KS67200000006728,,,,,400.0,,,,,,,,,,,,L,False,2021-07-27 03:10:41.174365+00:00
800,6720,0000006729,9999-12-31,1994-01-01,,,6720,9900,5,Mohammed,,QAR,,,0000009999,,,2014-07-10,C5162783,,X,,,X,,,Corporate,,,,,AE,,,,,,Abu Dhabi,,,,,,,,,,,,,,,,6720,,X,,KS67200000006729,,,,,400.0,,,,,,,,,,,,L,False,2021-07-27 03:10:41.174365+00:00
800,6750,0000001110,9999-12-31,2000-01-01,,,6750,9900,5,Naber,,AED,,,0000009999,,,2011-05-02,SOLOMON,,X,,,X,,,Corporate,,,,,AE,,,,,,Abu Dhabi,,,,,,,,,,,,,,,,6750,,X,,KS67500000001110,,,,,400.0,,,,,,,,,,,,L,False,2021-07-27 03:10:41.174365+00:00
800,6750,0000002200,9999-12-31,2000-01-01,,,6750,9900,4,Naber,,AED,,,0000009999,,,2011-05-02,SOLOMON,,X,,,X,,,FI & Admin,,,,,AE,,,,,,Abu Dhabi,,,,,,,,,,,,,,,,6750,,X,,KS67500000002200,,,,,400.0,,,,,,,,,,,,L,False,2021-07-27 03:10:41.174365+00:00
800,2600,DFI,9999-12-31,1900-01-01,,,2600,,L,Galantini,,EUR,,,,,,2005-06-08,I003941,,X,,,X,,,,,,,,,,,,,,,,,,,,,,,,,,,,,,IT1,,X,,KS2600DFI,,,,,,,,,,,,,,,,,L,False,2021-07-27 03:10:41.174365+00:00
800,2600,DRU,9999-12-31,1900-01-01,,,2600,,L,Galantini,,EUR,,,,,,2005-06-08,I003941,,X,,,X,,,,,,,,,,,,,,,,,,,,,,,,,,,,,,IT1,,X,,KS2600DRU,,,,,,,,,,,,,,,,,L,False,2021-07-27 03:10:41.174365+00:00
800,2600,DSI,9999-12-31,1900-01-01,,,2600,,L,Galantini,,EUR,,,,,,2005-06-08,I003941,,X,,,X,,,,,,,,,,,,,,,,,,,,,,,,,,,,,,IT1,,X,,KS2600DSI,,,,,,,,,,,,,,,,,L,False,2021-07-27 03:10:41.174365+00:00
800,2600,CORP,9999-12-31,1900-01-01,,,2600,,L,Galantini,,EUR,,,,,,2005-06-07,I003941,,X,,,X,,,,,,,,,,,,,,,,,,,,,,,,,,,,,,IT1,,X,,KS2600CORP,,,,,,,,,,,,,,,,,L,False,2021-07-27 03:10:41.174365+00:00
800,CH01,CH-HR,9999-12-31,1997-01-01,,,CH01,0001,4,Broghammer,,CHF,,,,,,2002-05-14,CH_EMPLOYEE,,X,,,X,,,,,,,,,,,,,,,,,,,,,,,,,,,,,,CH01,,X,,KSCH01CH-HR,,,,,,,,,,,,,,,,,L,False,2021-07-27 03:10:41.174365+00:00
800,CP,DUMMY,9999-12-31,2002-01-01,,,CPFO,,G,Big Brother,,USD,,,,,,2003-11-21,KETTNERC,,X,,,X,,X,,,,,,,,,,,,,,,,,,,,,,,,,,,,CP1,,X,,KSCP  DUMMY,,,,,100.0,,,,,,,,,,,,L,False,2021-07-27 03:10:41.174365+00:00
800,0001,ZLAMCC,9999-12-31,2010-01-01,,,0001,,G,D046387,,EUR,,,,,,2012-10-16,D046387,,X,,,X,,,,,,,,,,,,,,,,,,,,,,,,,,,,,,K0001_HIER,,X,,KS0001ZLAMCC,,,,,,,,,,,,,,,,,L,False,2021-07-27 03:10:41.174365+00:00
800,6700,6701_1,9999-12-31,1997-01-01,,,6701,6701,1,6700,,EGP,,,,,,2011-04-06,I046762,,X,,,X,,X,,,,,,,,,,,,,,,,,,,,,,,,,,,,6700,,X,,KS67006701_1,,,,,100.0,,,,,,,,,,,,L,False,2021-07-27 03:10:41.174365+00:00
800,6700,6701_2,9999-12-31,1997-01-01,,,6701,6700,1,6700,,EGP,,,,,,2011-04-06,I046762,,X,,,X,,X,,,,,,,,,,,,,,,,,,,,,,,,,,,,6700,,X,,KS67006701_2,,,,,100.0,,,,,,,,,,,,L,False,2021-07-27 03:10:41.174365+00:00
800,S300,S-3110,9999-12-31,1998-01-01,,,S300,,5,Herr Schneider,,USD,,,0000003010,,,1999-04-23,KNUDSEN,,X,,,X,,,,,,,,,,,,,,,,,,,,,,,,,,,,,,S3100,,X,,KSS300S-3110,,,,,,,,,,,,,,,,,L,False,2021-07-27 03:10:41.174365+00:00
800,S300,S-3120,9999-12-31,1998-01-01,,,S300,,7,Herr Bird,,USD,,,0000003010,,,1999-04-23,KNUDSEN,,X,,,X,,,,,,,,,,,,,,,,,,,,,,,,,,,,,,S3100,,X,,KSS300S-3120,,,,,,,,,,,,,,,,,L,False,2021-07-27 03:10:41.174365+00:00
800,S300,S-3210,9999-12-31,1998-01-01,,,S300,,4,Herr Schneider,,USD,,,0000003010,,,1999-04-23,KNUDSEN,,X,,,X,,,,,,,,,,,,,,,,,,,,,,,,,,,,,,S3200,,X,,KSS300S-3210,,,,,,,,,,,,,,,,,L,False,2021-07-27 03:10:41.174365+00:00
800,S300,S-3220,9999-12-31,1998-01-01,,,S300,,4,Herr Newman,,USD,,,0000003010,,,1999-04-23,KNUDSEN,,X,,,X,,,,,,,,,,,,,,,,,,,,,,,,,,,,,,S3200,,X,,KSS300S-3220,,,,,,,,,,,,,,,,,L,False,2021-07-27 03:10:41.174365+00:00
800,S300,S-3320,9999-12-31,1998-01-01,,,S300,,4,Frau Billing,,USD,,,0000003020,,,1999-04-23,KNUDSEN,,X,,,X,,,,,,,,,,,,,,,,,,,,,,,,,,,,,,S3300,,X,,KSS300S-3320,,,,,,,,,,,,,,,,,L,False,2021-07-27 03:10:41.174365+00:00
800,S300,S-3420,9999-12-31,1998-01-01,,,S300,,4,Herr Klein,,USD,,,0000003030,,,1999-04-23,KNUDSEN,,X,,,X,,,,,,,,,,,,,,,,,,,,,,,,,,,,,,S3400,,X,,KSS300S-3420,,,,,,,,,,,,,,,,,L,False,2021-07-27 03:10:41.174365+00:00
800,S300,S-3520,9999-12-31,1998-01-01,,,S300,,4,Herr Mayer,,USD,,,0000003040,,,1999-04-23,KNUDSEN,,X,,,X,,,,,,,,,,,,,,,,,,,,,,,,,,,,,,S3500,,X,,KSS300S-3520,,,,,,,,,,,,,,,,,L,False,2021-07-27 03:10:41.174365+00:00
800,S300,S-3620,9999-12-31,1998-01-01,,,S300,,4,Frau Campbell,,USD,,,0000003050,,,1999-04-23,KNUDSEN,,X,,,X,,,,,,,,,,,,,,,,,,,,,,,,,,,,,,S3600,,X,,KSS300S-3620,,,,,,,,,,,,,,,,,L,False,2021-07-27 03:10:41.174365+00:00
800,S300,S-3720,9999-12-31,1998-01-01,,,S300,,4,Herr Bull,,USD,,,0000003060,,,1999-04-23,KNUDSEN,,X,,,X,,,,,,,,,,,,,,,,,,,,,,,,,,,,,,S3700,,X,,KSS300S-3720,,,,,,,,,,,,,,,,,L,False,2021-07-27 03:10:41.174365+00:00
800,S330,S-3510,9999-12-31,2007-06-17,,,S330,0001,7,Frau Miller,,EUR,,,,,,2007-06-17,I040906,,X,,,X,,X,,,,,,,,,,,,,,,,,,,,,,,,,,,,S330,,X,,KSS330S-3510,,,,,,,,,,,,,,,,,L,False,2021-07-27 03:10:41.174365+00:00
800,5400,NL5400-01,9999-12-31,2003-01-01,,,5400,0001,1,Cals,,EUR,,,,,,2004-08-04,CALS,,X,,,X,,X,,,,,,,,,,,,,,,,,,,,,,,,,,,,5400,,X,,KS5400NL5400-01,,,,,100.0,,,,,,,,,,,,L,False,2021-07-27 03:10:41.174365+00:00
800,2801,0000001000,9999-12-31,2011-01-01,,,2820,,1,A,,CNY,,,0000009999,,,2011-07-18,I037538,,X,,,X,,X,,,,,,,,,,,,,,,,,,,,,,,,,,,,0001,,X,,KS28010000001000,,,,,,,,,,,,,,,,,L,False,2021-07-27 03:10:41.174365+00:00
800,2801,0000002000,9999-12-31,2011-01-01,,,2821,,2,Emily,,USD,,,0000009999,,,2011-11-08,I037538,,X,,,X,,X,,,,,,,,,,,,,,,,,,,,,,,,,,,,0001,,X,,KS28010000002000,,,,,,,,,,,,,,,,,L,False,2021-07-27 03:10:41.174365+00:00
800,4200,0000001000,9999-12-31,1900-01-01,,,4200,9900,1,I012389,,TWD,,,,,,2004-06-04,I012389,,X,,,X,,X,,,,,,,,,,,,,,,,,,,,,,,,,,,,H42,,X,,KS42000000001000,,,,,,,,,,,,,,,,,L,False,2021-07-27 03:10:41.174365+00:00
800,4300,0000004300,9999-12-31,2000-01-01,,,4300,9900,1,PP,,INR,,,0000001000,,,2014-08-08,C5157655,,X,,,X,,X,,,,,,,,,,,,,,,,,,,,,,,,,,,,H43,,X,,KS43000000004300,,,,,100.0,,,,,,,,,,,,L,False,2021-07-27 03:10:41.174365+00:00
800,6650,0000006650,9999-12-31,2000-01-01,,,6650,6650,1,6650,,SAR,,,,,,2011-03-31,I046762,,X,,,X,,X,,,,,,,,,,,,,,,,,,,,,,,,,,,,6650,,X,,KS66500000006650,,,,,100.0,,,,,,,,,,,,L,False,2021-07-27 03:10:41.174365+00:00
800,6650,0000006651,9999-12-31,2000-01-01,,,6650,6651,1,6650,,SAR,,,,,,2011-03-31,I046762,,X,,,X,,X,,,,,,,,,,,,,,,,,,,,,,,,,,,,6650,,X,,KS66500000006651,,,,,100.0,,,,,,,,,,,,L,False,2021-07-27 03:10:41.174365+00:00
800,6650,0000006652,9999-12-31,2000-01-01,,,6650,6650,1,6650,,SAR,,,,,,2011-03-31,I046762,,X,,,X,,X,,,,,,,,,,,,,,,,,,,,,,,,,,,,6650,,X,,KS66500000006652,,,,,100.0,,,,,,,,,,,,L,False,2021-07-27 03:10:41.174365+00:00
800,6650,0000006653,9999-12-31,2000-01-01,,,6650,6650,1,6650,,SAR,,,,,,2011-03-31,I046762,,X,,,X,,X,,,,,,,,,,,,,,,,,,,,,,,,,,,,6650,,X,,KS66500000006653,,,,,100.0,,,,,,,,,,,,L,False,2021-07-27 03:10:41.174365+00:00
800,6650,0000006654,9999-12-31,2000-01-01,,,6650,6650,1,6650,,SAR,,,,,,2011-03-31,I046762,,X,,,X,,X,,,,,,,,,,,,,,,,,,,,,,,,,,,,6650,,X,,KS66500000006654,,,,,100.0,,,,,,,,,,,,L,False,2021-07-27 03:10:41.174365+00:00
800,6650,0000006655,9999-12-31,2000-01-01,,,6650,6650,1,6650,,SAR,,,,,,2011-03-31,I046762,,X,,,X,,X,,,,,,,,,,,,,,,,,,,,,,,,,,,,6650,,X,,KS66500000006655,,,,,100.0,,,,,,,,,,,,L,False,2021-07-27 03:10:41.174365+00:00
800,6700,0000001110,9999-12-31,2000-01-01,,,6700,9900,1,6700,,EGP,,,,,,2011-04-30,SOLOMON,,X,,,X,,X,,,,,,,,,,,,,,,,,,,,,,,,,,,,6700,,X,,KS67000000001110,,,,,400.0,,,,,,,,,,,,L,False,2021-07-27 03:10:41.174365+00:00
800,6700,0000006700,9999-12-31,2000-01-01,,,6700,6700,1,6700,,EGP,,,,,,2011-03-31,I046762,,X,,,X,,X,,,,,,,,,,,,,,,,,,,,,,,,,,,,6700,,X,,KS67000000006700,,,,,100.0,,,,,,,,,,,,L,False,2021-07-27 03:10:41.174365+00:00
800,6700,0000006701,9999-12-31,2000-01-01,,,6700,6701,1,6700,,EGP,,,,,,2011-03-31,I046762,,X,,,X,,X,,,,,,,,,,,,,,,,,,,,,,,,,,,,6700,,X,,KS67000000006701,,,,,100.0,,,,,,,,,,,,L,False,2021-07-27 03:10:41.174365+00:00
800,6700,0000006710,9999-12-31,1997-01-01,,,6710,6700,1,6700,,EGP,,,,,,2011-04-06,I046762,,X,,,X,,X,,,,,,,,,,,,,,,,,,,,,,,,,,,,6700,,X,,KS67000000006710,,,,,100.0,,,,,,,,,,,,L,False,2021-07-27 03:10:41.174365+00:00
800,6700,0000006711,9999-12-31,1997-01-01,,,6710,6701,1,6700,,EGP,,,,,,2011-04-06,I046762,,X,,,X,,X,,,,,,,,,,,,,,,,,,,,,,,,,,,,6700,,X,,KS67000000006711,,,,,100.0,,,,,,,,,,,,L,False,2021-07-27 03:10:41.174365+00:00
800,6750,0000006750,9999-12-31,2000-01-01,,,6750,6750,1,6750,,AED,,,,,,2011-03-31,I046762,,X,,,X,,X,,,,,,,,,,,,,,,,,,,,,,,,,,,,6750,,X,,KS67500000006750,,,,,100.0,,,,,,,,,,,,L,False,2021-07-27 03:10:41.174365+00:00
800,6750,0000006751,9999-12-31,2000-01-01,,,6750,6750,1,6751,,AED,,,,,,2011-03-31,I046762,,X,,,X,,X,,,,,,,,,,,,,,,,,,,,,,,,,,,,6750,,X,,KS67500000006751,,,,,100.0,,,,,,,,,,,,L,False,2021-07-27 03:10:41.174365+00:00
800,AT01,0000004711,9999-12-31,2003-01-01,,,AT01,0001,V,kneifel,,EUR,,,,,,2003-11-19,KNEIFFEL,,X,,,X,,,,,,,,,,,,,,,,,,,,,,,,,,,,,,1000,,X,,KSAT010000004711,,,,,,,,,,,,,,,,,L,False,2021-07-27 03:10:41.174365+00:00
800,AT01,0000004712,9999-12-31,2003-01-01,,,AT01,0001,V,kneifel,,EUR,,,,,,2003-11-19,KNEIFFEL,,X,,,X,,,,,,,,,,,,,,,,,,,,,,,,,,,,,,1000,,X,,KSAT010000004712,,,,,,,,,,,,,,,,,L,False,2021-07-27 03:10:41.174365+00:00
800,AT01,0000004713,9999-12-31,2003-01-01,,,AT01,0001,V,kneifel,,EUR,,,,,,2003-11-19,KNEIFFEL,,X,,,X,,,,,,,,,,,,,,,,,,,,,,,,,,,,,,1000,,X,,KSAT010000004713,,,,,,,,,,,,,,,,,L,False,2021-07-27 03:10:41.174365+00:00
800,CH01,F1-CONS001,9999-12-31,1997-01-01,,,CH01,,4,Witting,,CHF,,,,,,2002-07-17,CH_MANAGER,,X,,,X,,,,,,,,,,,,,,,,,,,,,,,,,,,,,,CH01,,X,,KSCH01F1-CONS001,,,,,,,,,,,,,,,,,L,False,2021-07-27 03:10:41.174365+00:00
800,CH01,F1-EDUC001,9999-12-31,1997-01-01,,,CH01,0001,4,Witting,,CHF,,,,,,2002-07-17,CH_MANAGER,,X,,,X,,,,,,,,,,,,,,,,,,,,,,,,,,,,,,CH01,,X,,KSCH01F1-EDUC001,,,,,,,,,,,,,,,,,L,False,2021-07-27 03:10:41.174365+00:00
800,CH01,F1-FIN1000,9999-12-31,1900-01-01,,,CH01,,4,Witting,,CHF,,,,,,2002-07-19,CH_MANAGER,,X,,,X,,,,,,,,,,,,,,,,,,,,,,,,,,,,,,CH01,,X,,KSCH01F1-FIN1000,,,,,,,,,,,,,,,,,L,False,2021-07-27 03:10:41.174365+00:00
800,CH01,F1-FINZ001,9999-12-31,1997-01-01,,,CH01,,4,Witting,,CHF,,,,,,2002-07-17,CH_MANAGER,,X,,,X,,,,,,,,,,,,,,,,,,,,,,,,,,,,,,CH01,,X,,KSCH01F1-FINZ001,,,,,,,,,,,,,,,,,L,False,2021-07-27 03:10:41.174365+00:00
800,CH01,F1-HR_CH01,9999-12-31,1997-01-01,,,CH01,,4,Witting,,CHF,,,,,,2002-07-17,CH_MANAGER,,X,,,X,,,,,,,,,,,,,,,,,,,,,,,,,,,,,,CH01,,X,,KSCH01F1-HR_CH01,,,,,,,,,,,,,,,,,L,False,2021-07-27 03:10:41.174365+00:00
800,CH01,F1-PERS001,9999-12-31,1997-01-01,,,CH01,,4,Witting,,CHF,,,,,,2002-07-17,CH_MANAGER,,X,,,X,,,,,,,,,,,,,,,,,,,,,,,,,,,,,,CH01,,X,,KSCH01F1-PERS001,,,,,,,,,,,,,,,,,L,False,2021-07-27 03:10:41.174365+00:00
800,CH01,F1-PROD001,9999-12-31,1997-01-01,,,CH01,,4,Witting,,CHF,,,,,,2002-07-17,CH_MANAGER,,X,,,X,,,,,,,,,,,,,,,,,,,,,,,,,,,,,,CH01,,X,,KSCH01F1-PROD001,,,,,,,,,,,,,,,,,L,False,2021-07-27 03:10:41.174365+00:00
800,CH01,F1-SALE001,9999-12-31,1997-01-01,,,CH01,,4,Witting,,CHF,,,,,,2002-07-17,CH_MANAGER,,X,,,X,,,,,,,,,,,,,,,,,,,,,,,,,,,,,,CH01,,X,,KSCH01F1-SALE001,,,,,,,,,,,,,,,,,L,False,2021-07-27 03:10:41.174365+00:00
800,CP,0000001000,9999-12-31,2002-01-01,,,CPBV,,W,SAP,,USD,,,,,,2007-05-21,D039455,,,,,X,,,,,,,,,,,,,,,,,,,,,,,,,,,,,,CP1,,X,,KSCP  0000001000,,,,,,,,,,,,,,,,,L,False,2021-07-27 03:10:41.174365+00:00
800,CP,0000001100,9999-12-31,2002-01-01,,,CPBV,,W,SAP,,USD,,,,,,2007-05-21,D039455,,X,,,X,,,,,,,,,,,,,,,,,,,,,,,,,,,,,,CP1,,X,,KSCP  0000001100,,,,,,,,,,,,,,,,,L,False,2021-07-27 03:10:41.174365+00:00
800,PS01,0000010101,9999-12-31,1990-01-01,,,PS01,,5,blanchard,,USD,,,,,,2008-09-23,BLANCHARD,,X,X,,X,,X,,,,,,,,,,,,,,,,,,,,,,,,,,,,1000,,X,,KSPS010000010101,,,,,400.0,,,,,,,,,,,,L,False,2021-07-27 03:10:41.174365+00:00
800,PS01,0000010201,9999-12-31,1990-01-01,,,PS01,,4,blanchard,,USD,,,,,,2008-09-23,BLANCHARD,,X,X,,X,,X,,,,,,,,,,,,,,,,,,,,,,,,,,,,1000,,X,,KSPS010000010201,,,,,,,,,,,,,,,,,L,False,2021-07-27 03:10:41.174365+00:00
800,PS01,0000010301,9999-12-31,1990-01-01,,,PS01,0001,5,blanchard,,USD,,,,,,2009-02-20,KENNEDY,,X,X,,X,,X,,,,,,,,,,,,,,,,,,,,,,,,,,,,1000,,X,,KSPS010000010301,,,,,400.0,,,,,,,,,,,,L,False,2021-07-27 03:10:41.174365+00:00
800,PS01,0000010401,9999-12-31,1990-01-01,,,PS01,,5,blanchard,,USD,,,,,,2009-02-20,KENNEDY,,X,X,,X,,X,,,,,,,,,,,,,,,,,,,,,,,,,,,,1000,,X,,KSPS010000010401,,,,,400.0,,,,,,,,,,,,L,False,2021-07-27 03:10:41.174365+00:00
800,PS01,0000010501,9999-12-31,2001-01-01,,,PS01,0001,5,John E. Morton,,USD,,,,,,2010-01-15,KENNEDY,,X,X,,X,,X,,,,,,,,,,,,,,,,,,,,,,,,,,,,1000,,X,,KSPS010000010501,,,,,5100.0,,,,,,,,,,,,L,False,2021-07-27 03:10:41.174365+00:00
800,PS01,0000010502,9999-12-31,2001-01-01,,,PS01,0001,5,John E. Morton,,USD,,,,,,2010-01-15,KENNEDY,,X,X,,X,,X,,,,,,,,,,,,,,,,,,,,,,,,,,,,1000,,X,,KSPS010000010502,,,,,5100.0,,,,,,,,,,,,L,False,2021-07-27 03:10:41.174365+00:00
800,1000,BOARD,9999-12-31,2000-01-01,,,1000,9900,5,Ms President,,EUR,,,0000001402,,,2002-09-24,FIEDLER-PHEL,,,,,,,,Board,,,,,,,,,,,,,,,,,,,,,,,,,,,H1110,,X,,KS1000BOARD,,,,,400.0,,,,,,,,,,,,L,False,2021-07-27 03:10:41.174365+00:00
800,1000,T-L01,9999-12-31,2003-02-25,,,1000,9900,4,Schieber,,EUR,,,,,,2003-02-25,RENDES,,,,,,,X,FI & Amin,,,,,,,,,,,,,,,,,,,,,,,,,,,H-SCM500,,X,,KS1000T-L01,,,,,400.0,,,,,,,,,,,,L,False,2021-07-27 03:10:41.174365+00:00
800,1000,T-L02,9999-12-31,2003-02-25,,,1000,9900,4,Schieber,,EUR,,,,,,2003-02-25,RENDES,,,,,,,X,FI & Amin,,,,,,,,,,,,,,,,,,,,,,,,,,,H-SCM500,,X,,KS1000T-L02,,,,,400.0,,,,,,,,,,,,L,False,2021-07-27 03:10:41.174365+00:00
800,1000,T-L03,9999-12-31,2003-02-25,,,1000,9900,4,Schieber,,EUR,,,,,,2003-02-25,RENDES,,,,,,,X,FI & Amin,,,,,,,,,,,,,,,,,,,,,,,,,,,H-SCM500,,X,,KS1000T-L03,,,,,400.0,,,,,,,,,,,,L,False,2021-07-27 03:10:41.174365+00:00
800,1000,T-L04,9999-12-31,2003-02-25,,,1000,9900,4,Schieber,,EUR,,,,,,2003-02-25,RENDES,,,,,,,X,FI & Amin,,,,,,,,,,,,,,,,,,,,,,,,,,,H-SCM500,,X,,KS1000T-L04,,,,,400.0,,,,,,,,,,,,L,False,2021-07-27 03:10:41.174365+00:00
800,1000,T-L05,9999-12-31,2003-02-25,,,1000,9900,4,Schieber,,EUR,,,,,,2003-02-25,RENDES,,,,,,,X,FI & Amin,,,,,,,,,,,,,,,,,,,,,,,,,,,H-SCM500,,X,,KS1000T-L05,,,,,400.0,,,,,,,,,,,,L,False,2021-07-27 03:10:41.174365+00:00
800,1000,T-L06,9999-12-31,2003-02-25,,,1000,9900,4,Schieber,,EUR,,,,,,2003-02-25,RENDES,,,,,,,X,FI & Amin,,,,,,,,,,,,,,,,,,,,,,,,,,,H-SCM500,,X,,KS1000T-L06,,,,,400.0,,,,,,,,,,,,L,False,2021-07-27 03:10:41.174365+00:00
800,1000,T-L07,9999-12-31,2003-02-25,,,1000,9900,4,Schieber,,EUR,,,,,,2003-02-25,RENDES,,,,,,,X,FI & Amin,,,,,,,,,,,,,,,,,,,,,,,,,,,H-SCM500,,X,,KS1000T-L07,,,,,400.0,,,,,,,,,,,,L,False,2021-07-27 03:10:41.174365+00:00
800,1000,T-L08,9999-12-31,2003-02-25,,,1000,9900,4,Schieber,,EUR,,,,,,2003-02-25,RENDES,,,,,,,X,FI & Amin,,,,,,,,,,,,,,,,,,,,,,,,,,,H-SCM500,,X,,KS1000T-L08,,,,,400.0,,,,,,,,,,,,L,False,2021-07-27 03:10:41.174365+00:00
800,1000,T-L09,9999-12-31,2003-02-25,,,1000,9900,4,Schieber,,EUR,,,,,,2003-02-25,RENDES,,,,,,,X,FI & Amin,,,,,,,,,,,,,,,,,,,,,,,,,,,H-SCM500,,X,,KS1000T-L09,,,,,400.0,,,,,,,,,,,,L,False,2021-07-27 03:10:41.174365+00:00
800,1000,T-L10,9999-12-31,2003-02-25,,,1000,9900,4,Schieber,,EUR,,,,,,2003-02-25,RENDES,,,,,,,X,FI & Amin,,,,,,,,,,,,,,,,,,,,,,,,,,,H-SCM500,,X,,KS1000T-L10,,,,,400.0,,,,,,,,,,,,L,False,2021-07-27 03:10:41.174365+00:00
800,1000,T-L11,9999-12-31,2003-02-25,,,1000,9900,4,Schieber,,EUR,,,,,,2003-02-25,RENDES,,,,,,,X,FI & Amin,,,,,,,,,,,,,,,,,,,,,,,,,,,H-SCM500,,X,,KS1000T-L11,,,,,400.0,,,,,,,,,,,,L,False,2021-07-27 03:10:41.174365+00:00
800,1000,T-L12,9999-12-31,2003-02-25,,,1000,9900,4,Schieber,,EUR,,,,,,2003-02-25,RENDES,,,,,,,X,FI & Amin,,,,,,,,,,,,,,,,,,,,,,,,,,,H-SCM500,,X,,KS1000T-L12,,,,,400.0,,,,,,,,,,,,L,False,2021-07-27 03:10:41.174365+00:00
800,1000,T-L13,9999-12-31,2003-02-25,,,1000,9900,4,Schieber,,EUR,,,,,,2003-02-25,RENDES,,,,,,,X,FI & Amin,,,,,,,,,,,,,,,,,,,,,,,,,,,H-SCM500,,X,,KS1000T-L13,,,,,400.0,,,,,,,,,,,,L,False,2021-07-27 03:10:41.174365+00:00
800,1000,T-L14,9999-12-31,2003-02-25,,,1000,9900,4,Schieber,,EUR,,,,,,2003-02-25,RENDES,,,,,,,X,FI & Amin,,,,,,,,,,,,,,,,,,,,,,,,,,,H-SCM500,,X,,KS1000T-L14,,,,,400.0,,,,,,,,,,,,L,False,2021-07-27 03:10:41.174365+00:00
800,1000,T-L15,9999-12-31,2003-02-25,,,1000,9900,4,Schieber,,EUR,,,,,,2003-02-25,RENDES,,,,,,,X,FI & Amin,,,,,,,,,,,,,,,,,,,,,,,,,,,H-SCM500,,X,,KS1000T-L15,,,,,400.0,,,,,,,,,,,,L,False,2021-07-27 03:10:41.174365+00:00
800,1000,T-L16,9999-12-31,2003-02-25,,,1000,9900,4,Schieber,,EUR,,,,,,2003-02-25,RENDES,,,,,,,X,FI & Amin,,,,,,,,,,,,,,,,,,,,,,,,,,,H-SCM500,,X,,KS1000T-L16,,,,,400.0,,,,,,,,,,,,L,False,2021-07-27 03:10:41.174365+00:00
800,1000,T-L17,9999-12-31,2003-02-25,,,1000,9900,4,Schieber,,EUR,,,,,,2003-02-25,RENDES,,,,,,,X,FI & Amin,,,,,,,,,,,,,,,,,,,,,,,,,,,H-SCM500,,X,,KS1000T-L17,,,,,400.0,,,,,,,,,,,,L,False,2021-07-27 03:10:41.174365+00:00
800,1000,T-L18,9999-12-31,2003-02-25,,,1000,9900,4,Schieber,,EUR,,,,,,2003-02-25,RENDES,,,,,,,X,FI & Amin,,,,,,,,,,,,,,,,,,,,,,,,,,,H-SCM500,,X,,KS1000T-L18,,,,,400.0,,,,,,,,,,,,L,False,2021-07-27 03:10:41.174365+00:00
800,1000,T-L19,9999-12-31,2003-02-25,,,1000,9900,4,Schieber,,EUR,,,,,,2003-02-25,RENDES,,,,,,,X,FI & Amin,,,,,,,,,,,,,,,,,,,,,,,,,,,H-SCM500,,X,,KS1000T-L19,,,,,400.0,,,,,,,,,,,,L,False,2021-07-27 03:10:41.174365+00:00
800,1000,T-L20,9999-12-31,2003-02-25,,,1000,9900,4,Schieber,,EUR,,,,,,2003-02-25,RENDES,,,,,,,X,FI & Amin,,,,,,,,,,,,,,,,,,,,,,,,,,,H-SCM500,,X,,KS1000T-L20,,,,,400.0,,,,,,,,,,,,L,False,2021-07-27 03:10:41.174365+00:00
800,1000,T-L21,9999-12-31,2003-02-25,,,1000,9900,4,Schieber,,EUR,,,,,,2003-02-25,RENDES,,,,,,,X,FI & Amin,,,,,,,,,,,,,,,,,,,,,,,,,,,H-SCM500,,X,,KS1000T-L21,,,,,400.0,,,,,,,,,,,,L,False,2021-07-27 03:10:41.174365+00:00
800,1000,T-L22,9999-12-31,2003-02-25,,,1000,9900,4,Schieber,,EUR,,,,,,2003-02-25,RENDES,,,,,,,X,FI & Amin,,,,,,,,,,,,,,,,,,,,,,,,,,,H-SCM500,,X,,KS1000T-L22,,,,,400.0,,,,,,,,,,,,L,False,2021-07-27 03:10:41.174365+00:00
800,1000,T-L23,9999-12-31,2003-02-25,,,1000,9900,4,Schieber,,EUR,,,,,,2003-02-25,RENDES,,,,,,,X,FI & Amin,,,,,,,,,,,,,,,,,,,,,,,,,,,H-SCM500,,X,,KS1000T-L23,,,,,400.0,,,,,,,,,,,,L,False,2021-07-27 03:10:41.174365+00:00
800,1000,T-L24,9999-12-31,2003-02-25,,,1000,9900,4,Schieber,,EUR,,,,,,2003-02-25,RENDES,,,,,,,X,FI & Amin,,,,,,,,,,,,,,,,,,,,,,,,,,,H-SCM500,,X,,KS1000T-L24,,,,,400.0,,,,,,,,,,,,L,False,2021-07-27 03:10:41.174365+00:00
800,1000,T-L25,9999-12-31,2003-02-25,,,1000,9900,4,Schieber,,EUR,,,,,,2003-02-25,RENDES,,,,,,,X,FI & Amin,,,,,,,,,,,,,,,,,,,,,,,,,,,H-SCM500,,X,,KS1000T-L25,,,,,400.0,,,,,,,,,,,,L,False,2021-07-27 03:10:41.174365+00:00
800,1000,T-L26,9999-12-31,2003-02-25,,,1000,9900,4,Schieber,,EUR,,,,,,2003-02-25,RENDES,,,,,,,X,FI & Amin,,,,,,,,,,,,,,,,,,,,,,,,,,,H-SCM500,,X,,KS1000T-L26,,,,,400.0,,,,,,,,,,,,L,False,2021-07-27 03:10:41.174365+00:00
800,1000,T-L27,9999-12-31,2003-02-25,,,1000,9900,4,Schieber,,EUR,,,,,,2003-02-25,RENDES,,,,,,,X,FI & Amin,,,,,,,,,,,,,,,,,,,,,,,,,,,H-SCM500,,X,,KS1000T-L27,,,,,400.0,,,,,,,,,,,,L,False,2021-07-27 03:10:41.174365+00:00
800,1000,T-L28,9999-12-31,2003-02-25,,,1000,9900,4,Schieber,,EUR,,,,,,2003-02-25,RENDES,,,,,,,X,FI & Amin,,,,,,,,,,,,,,,,,,,,,,,,,,,H-SCM500,,X,,KS1000T-L28,,,,,400.0,,,,,,,,,,,,L,False,2021-07-27 03:10:41.174365+00:00
800,1000,T-L29,9999-12-31,2003-02-25,,,1000,9900,4,Schieber,,EUR,,,,,,2003-02-25,RENDES,,,,,,,X,FI & Amin,,,,,,,,,,,,,,,,,,,,,,,,,,,H-SCM500,,X,,KS1000T-L29,,,,,400.0,,,,,,,,,,,,L,False,2021-07-27 03:10:41.174365+00:00
800,1000,T-L30,9999-12-31,2003-02-25,,,1000,9900,4,Schieber,,EUR,,,,,,2003-02-25,RENDES,,,,,,,X,FI & Amin,,,,,,,,,,,,,,,,,,,,,,,,,,,H-SCM500,,X,,KS1000T-L30,,,,,400.0,,,,,,,,,,,,L,False,2021-07-27 03:10:41.174365+00:00
800,1000,2-1000,9999-12-31,1994-01-01,,,2000,9900,4,Mixer,,GBP,,,0000001402,,,1994-11-09,KATO,,,,,,,X,Corporate,,,,,,,,,,,,,,,,,,,,,,,,,,,H2120,,X,,KS10002-1000,,,,,400.0,,,,,,,,,,,,L,False,2021-07-27 03:10:41.174365+00:00
800,1000,2-1110,9999-12-31,1994-01-01,,,2000,9900,5,Richard,,GBP,,,0000001402,,,1994-11-09,KATO,,,,,,,X,Corporate,,,,,,,,,,,,,,,,,,,,,,,,,,,H2110,,X,,KS10002-1110,,,,,400.0,,,,,,,,,,,,L,False,2021-07-27 03:10:41.174365+00:00
800,1000,2-1200,9999-12-31,1994-01-01,,,2000,9900,4,Martin,,GBP,,,0000001402,,,1994-11-09,KATO,,,,,,,X,Corporate,,,,,,,,,,,,,,,,,,,,,,,,,,,H2120,,X,,KS10002-1200,,,,,400.0,,,,,,,,,,,,L,False,2021-07-27 03:10:41.174365+00:00
800,1000,2-1210,9999-12-31,1994-01-01,,,2000,9900,4,Nisch,,GBP,,,0000001402,,,1994-11-09,KATO,,,,,,,X,Corporate,,,,,,,,,,,,,,,,,,,,,,,,,,,H2120,,X,,KS10002-1210,,,,,400.0,,,,,,,,,,,,L,False,2021-07-27 03:10:41.174365+00:00
800,1000,2-1220,9999-12-31,1994-01-01,,,2000,9900,4,Park,,GBP,,,0000001402,,,1994-11-09,KATO,,,,,,,X,Corporate,,,,,,,,,,,,,,,,,,,,,,,,,,,H2120,,X,,KS10002-1220,,,,,400.0,,,,,,,,,,,,L,False,2021-07-27 03:10:41.174365+00:00
800,1000,2-1230,9999-12-31,1994-01-01,,,2000,9900,4,Hildebrand,,GBP,,,0000001402,,,1994-11-09,KATO,,,,,,,X,Corporate,,,,,,,,,,,,,,,,,,,,,,,,,,,H2120,,X,,KS10002-1230,,,,,400.0,,,,,,,,,,,,L,False,2021-07-27 03:10:41.174365+00:00
800,1000,2-2100,9999-12-31,1994-01-01,,,2000,9900,4,Thomas,,GBP,,,0000001402,,,1994-11-09,KATO,,,,,,,X,FI & Admin,,,,,,,,,,,,,,,,,,,,,,,,,,,H2210,,X,,KS10002-2100,,,,,400.0,,,,,,,,,,,,L,False,2021-07-27 03:10:41.174365+00:00
800,1000,2-2200,9999-12-31,1994-01-01,,,2000,9900,4,Gilbert,,GBP,,,0000001402,,,1994-11-09,KATO,,,,,,,X,FI & Admin,,,,,,,,,,,,,,,,,,,,,,,,,,,H2220,,X,,KS10002-2200,,,,,400.0,,,,,,,,,,,,L,False,2021-07-27 03:10:41.174365+00:00
800,1000,2-2300,9999-12-31,1994-01-01,,,2000,9900,4,Becker,,GBP,,,0000001400,,,1994-11-09,KATO,,,,,,,X,FI & Admin,,,,,,,,,,,,,,,,,,,,,,,,,,,H2230,,X,,KS10002-2300,,,,,400.0,,,,,,,,,,,,L,False,2021-07-27 03:10:41.174365+00:00
800,1000,2-3100,9999-12-31,1997-01-01,,,2000,3000,3,Childress,,GBP,,,0000001000,,,1994-11-09,KATO,,,,,,,X,Sales & Mkt,,,,,,,,,,,,,,,,,,,,,,,,,,,H2310,,X,,KS10002-3100,,,,,300.0,,,,,,,,,,,,L,False,2021-07-27 03:10:41.174365+00:00
800,1000,2-3100,1996-12-31,1994-01-01,,,2000,4000,3,Childress,,GBP,,,0000002100,,,1994-11-09,KATO,,,,,,,X,Sales & Mkt,,,,,,,,,,,,,,,,,,,,,,,,,,,H2310,,X,,KS10002-3100,,,,,300.0,,,,,,,,,,,,L,False,2021-07-27 03:10:41.174365+00:00
800,1000,2-3110,1996-12-31,1994-01-01,,,2000,4000,3,Baller,,GBP,,,0000002100,,,1994-11-09,KATO,,,,,,,X,Sales & Mkt,,,,,,,,,,,,,,,,,,,,,,,,,,,H2310,,X,,KS10002-3110,,,,,300.0,,,,,,,,,,,,L,False,2021-07-27 03:10:41.174365+00:00
800,1000,2-3110,9999-12-31,1997-01-01,,,2000,1000,3,Baller,,GBP,,,0000001010,,,1994-11-09,KATO,,,,,,,X,Sales & Mkt,,,,,,,,,,,,,,,,,,,,,,,,,,,H2310,,X,,KS10002-3110,,,,,300.0,,,,,,,,,,,,L,False,2021-07-27 03:10:41.174365+00:00
800,1000,2-3200,1996-12-31,1994-01-01,,,2000,9900,3,White,,GBP,,,0000002100,,,1994-11-09,KATO,,,,,,,X,Sales & Mkt,,,,,,,,,,,,,,,,,,,,,,,,,,,H2320,,X,,KS10002-3200,,,,,300.0,,,,,,,,,,,,L,False,2021-07-27 03:10:41.174365+00:00
800,1000,2-3200,9999-12-31,1997-01-01,,,2000,9900,3,White,,GBP,,,0000001402,,,1994-11-09,KATO,,,,,,,X,Sales & Mkt,,,,,,,,,,,,,,,,,,,,,,,,,,,H2320,,X,,KS10002-3200,,,,,300.0,,,,,,,,,,,,L,False,2021-07-27 03:10:41.174365+00:00
800,1000,2-4100,1999-12-31,1999-01-01,,,2000,3000,2,blank1,,GBP,,,0000001600,,,1994-11-09,KATO,,,,,,,X,Tech'l Dep't,,,,,,,,,,,,,,,,,,,,,,,,,,,H2410,,X,,KS10002-4100,,,,,100.0,,,,,,,,,,,,L,False,2021-07-27 03:10:41.174365+00:00
800,1000,2-4100,9999-12-31,2000-01-01,,,2000,8000,2,blank1,,GBP,,,0000001600,,,1994-11-09,KATO,,,,,,,X,Tech'l Dep't,,,,,,,,,,,,,,,,,,,,,,,,,,,H2410,,X,,KS10002-4100,,,,,100.0,,,,,,,,,,,,L,False,2021-07-27 03:10:41.174365+00:00
800,1000,2-4100,1996-12-31,1994-01-01,,,2000,9900,2,blank1,,GBP,,,0000001600,,,1994-11-09,KATO,,,,,,,X,Tech'l Dep't,,,,,,,,,,,,,,,,,,,,,,,,,,,H2410,,X,,KS10002-4100,,,,,100.0,,,,,,,,,,,,L,False,2021-07-27 03:10:41.174365+00:00
800,1000,2-4100,1998-12-31,1997-01-01,,,2000,8000,2,blank1,,GBP,,,0000001600,,,1994-11-09,KATO,,,,,,,X,Tech'l Dep't,,,,,,,,,,,,,,,,,,,,,,,,,,,H2410,,X,,KS10002-4100,,,,,100.0,,,,,,,,,,,,L,False,2021-07-27 03:10:41.174365+00:00
800,1000,2-4120,1998-12-31,1994-01-01,,,2000,9900,2,blank1,,GBP,,,0000001400,,,1994-11-09,KATO,,,,,,,X,Tech'l Dep't,,,,,,,,,,,,,,,,,,,,,,,,,,,H2410,,X,,KS10002-4120,,,,,100.0,,,,,,,,,,,,L,False,2021-07-27 03:10:41.174365+00:00
800,1000,2-4120,1999-12-31,1999-01-01,,,2000,3000,2,blank1,,GBP,,,0000001600,,,1994-11-09,KATO,,,,,,,X,Tech'l Dep't,,,,,,,,,,,,,,,,,,,,,,,,,,,H2410,,X,,KS10002-4120,,,,,100.0,,,,,,,,,,,,L,False,2021-07-27 03:10:41.174365+00:00
800,1000,2-4120,9999-12-31,2000-01-01,,,2000,9900,2,blank1,,GBP,,,0000001400,,,1994-11-09,KATO,,,,,,,X,Tech'l Dep't,,,,,,,,,,,,,,,,,,,,,,,,,,,H2410,,X,,KS10002-4120,,,,,100.0,,,,,,,,,,,,L,False,2021-07-27 03:10:41.174365+00:00
800,1000,2-4130,1998-12-31,1994-01-01,,,2000,9900,2,blank1,,GBP,,,0000001400,,,1994-11-09,KATO,,,,,,,X,Tech'l Dep't,,,,,,,,,,,,,,,,,,,,,,,,,,,H2410,,X,,KS10002-4130,,,,,100.0,,,,,,,,,,,,L,False,2021-07-27 03:10:41.174365+00:00
