tabname,fieldname,as4local,as4vers,position,keyflag,mandatory,rollname,checktable,adminfield,inttype,intlen,reftable,precfield,reffield,conrout,notnull,datatype,leng,decimals,domname,shlporigin,tabletype,depth,comptype,reftype,languflag,dbposition,anonymous,outputstyle
TKKVVKKM,FDNAM,A,,2,X,,FDNAM,*,0,C,30,,,,,X,CHAR,30,,FDNAME,,,,E,,,,,
MCHX_BINCO_BADI,ADD_CHAR06,A,,6,,,CHAR30,,0,C,30,,,,,,CHAR,30,,CHAR30,,,,E,,,,,
VV_T511K_NV_RVPRZ,KOTXT,A,,7,,,TEXT30,,0,C,60,,,,,,CHAR,30,,TEXT30,,,,E,,,,,
RSD_S_DELTAPAIR,PLANPART,A,,1,,,RSINFOPROV,,0,C,30,,,,,,CHAR,30,,RSINFOPROV,D,,,E,,,,,
PJP_FWS_REQ_HEADER,USER,A,,85,,,SYSID,,0,C,60,,,,,,CHAR,30,,CHAR30,,,1.0,E,,,,,
UMB_SC190,ICHANM,A,,8,,,UMC_Y_ICHANM,,1,C,60,,,,,,CHAR,30,,UMC_D_ICHANM,,,,E,,,,,
FSBP_FSCAA_STR_FIELD_INFO,DYNPFIELD,A,,5,,,BU_DYNPFLD,,0,C,30,,,,,,CHAR,30,,BU_FELDNM,,,,E,,,,,
ICH_PHONE_NUMBER,SUBSCRIBER_ID,A,,3,,,ICH_PHONE_NUMBER_SUBSCRIBER_ID,,0,C,30,,,,,,CHAR,30,,,,,,E,,,,,
GHO_S_SP_ALLOC_MC_STDQTY_DET,GHO_OBJ_ID,A,,20,,,GHO_NETOBJ_ID,*,2,C,60,,,,,,CHAR,30,,TPLNR,,,,E,,,,,
POC_DB_SIG_HANDL,SIG_CLASS,A,,6,,,SEOCLSNAME,,0,C,30,,,,,,CHAR,30,,SEOCLSNAME,,,,E,,,,,
RSUICDONE,SELUPDIC,A,,5,,,RSINFOCUBE,,0,C,30,,,,,X,CHAR,30,,RSINFOCUBE,,,,E,,,,,
IPC_COMT_CUCFG,KBVERSION,A,,7,,,IPC_COMT_KBVERSION,,1,C,30,,,,,,CHAR,30,,CHAR30,,,,E,,,,,
TDS_GAF_EWB_PREDEF,ROLLNAME,A,,11,,,ROLLNAME,DD04L,1,C,60,,,,,,CHAR,30,,ROLLNAME,X,,,E,,,,,
FVD_PL_PROD_TYPE_PER_CC,PROD_TYPE_LTX,A,,4,,,TEXT30,,0,C,60,,,,,,CHAR,30,,TEXT30,,,,E,,,,,
TDATAGROUPS,PROCESS,A,,3,,,CATT_PROCESS,TCHAINS,0,C,30,,,,,X,CHAR,30,,TWB_NAME,P,,,E,,,,,
RPARTCPOIMAIN,TEL_NUMBERUSR,A,,284,,,AD_TLNMBR1,,1,C,60,,,,,,CHAR,30,,CHAR30,,,,E,,,,,
HCMT_BSP_PA_FI_R0033,TXT06,A,,58,,,AUSTXT,,0,C,60,,,,,,CHAR,30,,TEXT30,,,,E,,,,,
T7BREFD_JOB,JOB_CODE,A,,9,,,HRPADBR_JOB_CODE,,0,C,60,,,,,X,CHAR,30,,CHAR30,,,,E,,,,,
MMPURUI_DETAIL_COMPONENTS_STY,INTERFACE_VIEW,A,,3,,,MMPURUI_WD_VIEW,,0,C,30,,,,,,CHAR,30,,,,,,E,,,,,
BAPI_RE_RENTAL_OBJECT,NEIGHBORHOOD_03,A,,55,,,REBDNEIGHBORHOOD,,0,C,60,,,,,,CHAR,30,,REBDNEIGHBORHOOD,,,,E,,,,,
P01P_PBSZV_ST,ABMEL,A,,3,,,P01P_PBSZV_STRUCTURE_NAME,DD02L,1,C,30,,,,,,CHAR,30,,AS4TAB,P,,,E,,,,,
V_TJKSDCICORDUSG,TEXT,A,,3,,,BEZEI30,,0,C,60,,,,,,CHAR,30,,TEXT30,,,,E,,,,,
ROXBY30123,ACCESS_OBJECT,A,,33,,,PAK_ACCESS_OBJECT,,0,C,30,,,,,,CHAR,30,,,,,,E,,,,,
VSSFW_0007,BFUNCTION,A,,1,,,,,0,C,30,,,,,,CHAR,30,,,,,,,,,,,
PBR_FORM_RSC_HEADER,EMPRESA,A,,1,,,NAME1,,0,C,60,,,,,,CHAR,30,,TEXT30,,,,E,,,,,
CKF_GUI_KIS1,WERKSTEXT,A,,204,,,NAME1,,2,C,60,,,,,,CHAR,30,,TEXT30,,,,E,,,,,
RSMPE_FUNT,SFW_SWITCHID,A,,15,,,SFW_SWITCHID,*,1,C,30,,,,,,CHAR,30,,SFW_SWITCHID,D,,,E,,,,,
RJHANZDRV,TA_TELX,A,,45,,,DRV_FAX,,0,C,30,,,,,,CHAR,30,,TEXT30,,,,E,,,,,
TIVCN05T,RECNXRELOBL,A,,3,,,VVXMVARTINTL,,0,C,30,,,,,,CHAR,30,,VVXMVARTINTL,,,,E,,,,,
PIVB_CALC_KF_T,REPORT_SCENARIO,A,,3,X,,PIVB_REPORT_SCENARIO,,0,C,60,,,,,X,CHAR,30,,PIVB_REPORT_SCENARIO,,,,E,,,,,
CSIM_ST_HEADER_MATERIAL,ATWRT83,A,,698,,,ATWRT,,1,C,60,,,,,,CHAR,30,,ATWRT,,,,E,,,,,
SCUSTOMER_IDE,CLBRG,A,,94,,,BU_CLBRG,,4,C,60,,,,,,CHAR,30,,CHAR30,,,,E,,,,,
V_TFK090_MENU,ENTRY_MODULE,A,,4,,,FKK_MAD_MENU_MODULE,TFDIR,0,C,60,,,,,,CHAR,30,,FUNCNAME,P,,,E,,,,,
VTI_FUSKO,XKOARTL,A,,54,,,XKOARTL,,0,C,60,,,,,,CHAR,30,,XMBEZ,,,,E,,,,,
MSDSQLPERF,COUNTER4,A,,5,,,,,0,N,30,,,,,,NUMC,30,,,,,,,,,,,
PIQPROC_AUD1,RUNID,A,,5,,,PIQAUDR_ID,,1,C,32,,,,,,CHAR,32,,SYSUUID_C,,,,E,,,,,
CMS_STR_RIG_AST_MAP_CRT,OBJECT_TYP,A,,1,,,CMS_DTE_OBJ_TYP,,0,C,64,,,,,,CHAR,32,,CMS_OBJ_TYP,,,,E,,,,,
WB2_TRO_CANC_REQU_MSG,CONTENT,A,,45,,,EAGLT_CONTCT_PERS_INTERN_ID_CT,,0,C,64,,,,,,CHAR,32,,,,,4.0,E,,,,,
UMB_YS_INITIATIVE,RFCDEST,A,,12,,,UMC_Y_RFCDEST,*,2,C,64,,,,,,CHAR,32,,RFCDEST,D,,,E,,,,,
HRGB_EFO_EYU_OUT_GOV_15_M,CLASS,A,,7,,,HR_GB_EFO_EYU_OUT_15_CLASS,,0,C,64,,,,,,CHAR,32,,,,,2.0,E,,,,,
P01EL_DBGB,GUID,A,,2,X,,P01_SVGUID,,0,C,64,,,,,X,CHAR,32,,SYSUUID_C,,,,E,,,,,
RCF_S_MDL_CAND_RSM_ATTACHMENT,ATT_GUID,A,,27,,,RCF_ATT_GUID,,2,C,64,,,,,,CHAR,32,,SYSUUID_C,,,,E,,,,,
SWLN3TCMPAV,COMPONENT,A,,1,,,SWLN3CMPNM,,0,C,32,,,,,,CHAR,32,,TEXT32,,,,E,,,,,
HRTMC_S_DR_FIELD_BADI_INFO,BADI_FIELD_NAME,A,,3,,,HRTMC_DR_BADI_FIELD,*,0,C,32,,,,,,CHAR,32,,HRTMC_DR_FIELD_NAME,,,,E,,,,,
RN1CC_EDRUG,DRUG_MASTER_ID,A,,3,,,N1ME_DRUGID,,1,C,64,,,,,,CHAR,32,,SYSUUID_C,,,,E,,,,,
SXMSCONF_DEFAULTS_S,DOCU,A,,1,,,CHAR32,,0,C,32,,,,,,CHAR,32,,CHAR32,,,,E,,,,,
CRMC_UI_FRW_HDR,GF_COMP_ID,A,,7,,,CRMT_UI_FRW_GF_CMP_ID,CRMC_UI_FRW_CP,0,C,32,,,,,,CHAR,32,,CRMT_UI_FRM_CMP_ID,P,,,E,,,,,
MDG_MAT_MATL_ERPRPLCT_REQ_MSG,CONTENT,A,,45,,,MDGCO_CONTACT_PERSON_INTERNAL,,0,C,64,,,,,,CHAR,32,,,,,4.0,E,,,,,
TTED_REPFLDS_COM,DOCUMENTNAME,A,,3,X,,TTET_DOCNAME_COM,*,0,C,32,,,,,X,CHAR,32,,TTET_DOCNAME_COM,,,,E,,,,,
CNVMBTPCLSTRUCRF,DESTINATION_ID,A,,3,,,RFCDEST,*,0,C,64,,,,,,CHAR,32,,RFCDEST,D,,,E,,,,,
DML_ST_TEXT_KEY_DELIVERY,OWNER,A,,1,,,DML_OWNER2,,0,C,32,,,,,,CHAR,32,,DML_OWNER2,,,,E,,,,,
HRDESV_DS_S_DSME_V03,DSID,A,,41,,,P01_SVDSID,,0,C,64,,,,,,CHAR,32,,SYSUUID_C,,,,E,,,,,
SAPPLCO_PURGDOC_AN_PURGRP_PTY,CONTENT,A,,6,,,SAPPLCO_PARTY_INTERNAL_ID_CONT,,0,C,64,,,,,,CHAR,32,,,,,1.0,E,,,,,
V_OXT_TASKLINK,EXTENSIONID,A,,2,X,,OXT_EXTENSIONID,,0,C,32,,,,,,CHAR,32,,OXT_GUID,,,,E,,,,,
SAPPLSEFPURCHASEREQ_I_CHG_C,VALUE,A,,158,,,SAPPLSEF_PARTY_INTERNAL_ID_CON,,0,C,64,,,,,,CHAR,32,,,,,2.0,E,,,,,
FDT_INC_ADMN_0030_DATA,OVERS_ID,A,,9,,,FDT_VERSION_UUID,,0,C,32,,,,,,CHAR,32,,SYSUUID_C,,,,E,,,,,
T77RCF_TRANS_ACT,ACTIVITY_GUID,A,,2,X,,RCF_ACT_GUID,,0,C,64,,,,,X,CHAR,32,,SYSUUID_C,,,,E,,,,,
WGDS_TRADE_ITEM_CATALOGUE_STY,CONTENT,A,,437,,,RDM_PARTY_INTERNAL_IDCONTENT,,0,C,64,,,,,,CHAR,32,,,,,2.0,E,,,,,
RMSAS_STD_CALC,ITEM,A,,1,,,RMSAE_ID,,0,C,32,,,,,,CHAR,32,,RMSAD_ID,,,,E,,,,,
ICL_BW_WCMPDS,WCMPH_SEQNUM,A,,6,,,ICL_WCMP_SEQNUM,,1,C,64,,,,,,CHAR,32,,SYSUUID_C,,,,E,,,,,
BDSLORE16,REP2_ID,A,,6,,,SDOK_DOCID,,0,C,32,,,,,X,CHAR,32,,SDOK_DOCID,,,,E,,,,,
SPROLOPR,OBJECT_ID,A,,1,X,,SDOK_DOCID,,0,C,32,,,,,X,CHAR,32,,SDOK_DOCID,,,,E,,,,,
FDT_INC_ACTN_6000_DATA,MSG_PARAM_3,A,,10,,,FDT_UUID,,0,C,32,,,,,,CHAR,32,,SYSUUID_C,D,,,E,,,,,
SAPPLCO_CUST_QTE_ERPBY_IDRSP57,CONTENT,A,,11,,,SAPPLCO_PARTY_INTERNAL_ID_CONT,,0,C,64,,,,,,CHAR,32,,,,,1.0,E,,,,,
OIUY3_TX_RPSM,PROP_ALIAS_NAME,A,,9,,,OIUY3_TX_GLO_PROP_ALIAS_NAME,,0,C,64,,,,,,CHAR,32,,,,,,E,,,,,
SAPPLCO_SLS_ORD_ERPCRTE_CK_R40,CONTENT,A,,6,,,SAPPLCO_PARTY_INTERNAL_ID_CONT,,0,C,64,,,,,,CHAR,32,,,,,1.0,E,,,,,
T77TMCKWGRPHREPR,OBJECT_ID,A,,2,X,,SDOK_REID,T77TMCKWGRPHF,0,C,32,,,,,X,CHAR,32,,SDOK_DOCID,P,,,E,,,,,
DTINF_S_INTEL_OUTPUT_INTERNAL,FIELDS_GUID,A,,7,,,SYSUUID_C32,,0,C,64,,,,,,CHAR,32,,SYSUUID_C32,,,,E,,,,,
FKK_MD_S_MASTERDATA,DATA4,A,,36,,,CDATA_KK,,0,C,64,,,,,,CHAR,32,,CDATA_KK,,,1.0,E,,,,,
ALRFCTACRE,RFCDEST,A,,1,,,RFCDEST,*,0,C,32,,,,,,CHAR,32,,RFCDEST,D,,,E,,,,,
RN1_ME_MD_GRID_OUTTAB_FOFSA,DRUGID,A,,7,,,N1ME_DRUGID,,1,C,64,,,,,,CHAR,32,,SYSUUID_C,,,,E,,,,,
ESH_OM_ADPRVDFL,ORG_SYSREL_GUID,A,,17,,,ESH_E_OM_SYSREL_GUID,,2,C,32,,,,,,CHAR,32,,SYSUUID_C,,,,E,,,,,
ECNSTRUCD,ATTRIB2,A,,25,,,ECN_ATTRIB,,1,C,32,,,,,,CHAR,32,,SWC_ELEM,,,,E,,,,,
RCF_S_SE_RECACTMOD_FIELDS,ACT_GUID,A,,1,,,RCF_RP_ACT_GUID,,0,C,64,,,,,,CHAR,32,,SYSUUID_C,,,,E,,,,,
ACEPS_PPLIST_STANDARD,REF_SUBKEY,A,,30,,,ACE_REF_SUBKEY,,0,C,32,,,,,,CHAR,32,,ACE_REF_SUBKEY,,,,E,,,,,
IUUC_RC_TMPL_RMA,RMA_ID,A,,1,X,,IUUC_TMPL_RULE_ID,,0,C,64,,,,,X,CHAR,32,,SYSUUID_C,,,,E,,,,,
N2GL_ITEM,DEPEND_ITEM_ID,A,,21,,,N2GL_DEPENDENT_ID,,0,C,64,,,,,,CHAR,32,,SYSUUID_C,,,,E,,,,,
HRDESV_A1_S_DXFK,DSID,A,,6,,,P01_SVDSID,,1,C,64,,,,,,CHAR,32,,SYSUUID_C,,,,E,,,,,
RCF_S_ACT_STATCHG_UPD_PL,ACT_GUID,A,,11,,,RCF_ACT_GUID,,0,C,64,,,,,,CHAR,32,,SYSUUID_C,,,,E,,,,,
HRGB_EFO_EXB_OUT_16_HEADER,TRANSACTION_ID,A,,7,,,,,0,C,64,,,,,,CHAR,32,,,,,1.0,,,,,,
BLAP_PCPAYMENT_CANCEL_REQUEST,VALUE,A,,1038,,,SAPPLSEF_CNTCT_PERSN_INTID_COD,,0,C,64,,,,,,CHAR,32,,,,,4.0,E,,,,,
RCGWLIOT,RFCDEST,A,,37,,,RFCDEST,*,1,C,32,,,,,,CHAR,32,,RFCDEST,D,,,E,,,,,
HRPAYFR_S_PY_BAREME_INPUT,GLBID,A,,162,,,PC_B2A_GLBID,,0,C,64,,,,,,CHAR,32,,CHAR32,,,1.0,E,,,,,
GSS_RFC_CALLS,MASTER_KEY,A,,14,,,SYSUUID_C32,,0,C,64,,,,,,CHAR,32,,SYSUUID_C32,,,,E,,,,,
RSRA_SX_KWF_TMPL,OBJID,A,,10,,,SDOK_DOCID,,1,C,64,,,,,,CHAR,32,,SDOK_DOCID,,,1.0,E,,,,,
DNOC_USERCFGT,FIELD,A,,4,X,,DNOT_FIELD,DNOC_USERCFG,0,C,32,,,,,X,CHAR,32,,DNOE_FIELD,P,,,E,,,,,
HRGB_EFO_FPS_OUT_21_HEADER1,CLASS,A,,4,,,HRGB_EFO_FPS_OUT_21_CLASS1,,0,C,64,,,,,,CHAR,32,,,,,1.0,E,,,,,
APPLSEF_PROJ_ERPWBSELMNT_UPD10,VALUE,A,,14,,,APPLSEF_PROJECT_WORK_BREAKDO17,,0,C,64,,,,,,CHAR,32,,,,,2.0,E,,,,,
ERC_SE_CANDCYLCBURQ_SCNDYLCSTS,UUID,A,,3,,,ERC_SE_NOSC_RECRTMT_ACT_UUID,,0,C,64,,,,,,CHAR,32,,,,,,E,,,,,
FSCD_ICDR_BBTDRQU_MESSAGE,CONTENT,A,,20,,,FSCD_BUSINESS_DOCUMENT_MESSAGE,,0,C,70,,,,,,CHAR,35,,,,,2.0,E,,,,,
APPLSEF_PROJ_ACTY_BY_ACTY_ID10,VALUE,A,,9,,,APPLSEF_BUSINESS_DOCUMENT_MES1,,0,C,70,,,,,,CHAR,35,,,,,2.0,E,,,,,
IBKK42_S1,ACNUM_EXT,A,,1,,,BKK_ACEXT,,0,C,70,,,,,,CHAR,35,,BKK_ACEXT,D,,,E,,,,,
IDWTADD_US,US_COMP_STRAS,A,,46,,,STRAS_GP,,0,C,70,,,,,,CHAR,35,,TEXT35,,,,E,,,,,
SAPPLCO_CUST_RET_ERPCRTE_REQ13,ID,A,,40,,,SAPPLCO_NOSC_BUSINESS_TRANSACT,,0,C,70,,,,,,CHAR,35,,,,,2.0,E,,,,,
RJGBAPIBUSISM007_STR,PSON2,A,,1180,,,NAME2_GP,,2,C,70,,,,,,CHAR,35,,NAME,,,2.0,E,,,,,
FSCM_DC_CHGREQ_MSG,CONTENT,A,,9,,,FSCM_BUSINESS_DOCUMENT_MESSAGE,,0,C,70,,,,,,CHAR,35,,,,,2.0,E,,,,,
FKKR_S_ICMI01_BASIC,HILDOC_ID,A,,24,,,RAI_HLDID_KK,,0,C,70,,,,,,CHAR,35,,,,,,E,,,,,
HRGB_EFO_EXB_OUT_GOV_20_O,COMPANY,A,,72,,,HRGB_EFO_EXB_OUT_20_COMPANY,,0,C,70,,,,,,CHAR,35,,,,,4.0,E,,,,,
ISMSD_PDF_BILLING_HEAD,NAME3,A,,312,,,NAME3_ISP,,1,C,70,,,,,,CHAR,35,,NAME,,,2.0,E,,,,,
RSEDCD400,TXT_STAT_R,A,,4,,,,,0,C,70,,,,,,CHAR,35,,,,,,,,,,,
NLAANLEVER_RESPONSE,NUMMER,A,,9,,,,,0,C,70,,,,,,CHAR,35,,,,,1.0,,,,,,
IBKKITDIEX,PUBLIC_CONT_L1,A,,50,,,BCA_DTE_CHAR035,,1,C,70,,,,,,CHAR,35,,BCA_DOM_CF_CHAR35,,,,E,,,,,
BIL_S_PRT_INTERFACE,PFORT,A,,43,,,PFORT_GP,,0,C,70,,,,,,CHAR,35,,TEXT35,,,2.0,E,,,,,
SHP_VORGABE_DATEN,LIFEX,A,,133,,,LIFEX,,1,C,70,,,,,,CHAR,35,,TEXT35,,,,E,,,,,
SAPPLSEF_PHYS_INV_CT_CRTREQMSG,REFERENCE_ID,A,,6,,,SAPPLSEF_NOSC_BUSIN_DOC_MSG_ID,,0,C,70,,,,,,CHAR,35,,,,,1.0,E,,,,,
V_CM09_OPT,BSTKD,A,,58,,,BSTKD,,0,C,70,,,,,,CHAR,35,,BSTKD,,,,E,,,,,
ISA_PARTNER_BUFFER,STREET,A,,9,,,STRAS_GP,,1,C,35,,,,,,CHAR,35,,TEXT35,,,,E,,,,,
SRAL_CUR_ACCT_CONTR_FSBSC_DA12,ROUTING_ID,A,,30,,,SRAL_BANK_ROUTING_ID,,0,C,35,,,,,,CHAR,35,,,,,2.0,E,,,,,
BAPI_FTR_PAYDET,BANK_ACCOUNT_2,A,,30,,,BNKN2_BF,,0,C,70,,,,,,CHAR,35,,CHAR35,,,,E,,,,,
BCA_MIG_CONT_ACC,CLEAR_ACCT,A,,4,,,BCA_DTE_DIM_CLEAR_ACCOUNT,,0,C,70,,,,,,CHAR,35,,BCA_DOM_DIM_CLEAR_ACCOUNT,,,,E,,,,,
WABEK_EMPF,NAME3,A,,6,,,NAME3_GP,,0,C,35,,,,,,CHAR,35,,NAME,,,,E,,,,,
SAPPLSEF_REQUEST_FOR_SUPPLI170,VALUE,A,,9,,,SAPPLSEF_BUSINESS_TRANSACTIO12,,0,C,70,,,,,,CHAR,35,,,,,2.0,E,,,,,
JKVZSADR,STRAS_MACO,A,,36,,,STRAS_ISPM,,0,C,70,,,,,,CHAR,35,,STRAS_MACO,,,,E,,,,,
SAPPLCO_GLACCTMSTR_RPLCTNCO_MS,CONTENT,A,,20,,,SAPPLCO_BUSINESS_DOCUMENT_MESS,,0,C,70,,,,,,CHAR,35,,,,,2.0,E,,,,,
RDM_BUSINESS_TRANSACTION_DOCU2,CONTENT,A,,5,,,RDM_BUSINESS_TRANSACTION_DOCU1,,0,C,70,,,,,,CHAR,35,,,,,,E,,,,,
DFKKEXC_CL,PAYID,A,,4,X,,PAYID_KK,,0,C,70,,,,,X,CHAR,35,,PAYID_KK,,,,E,,,,,
EDOC_IN_MAP_SOURCE,NAME4,A,,381,,,NAME4_GP,,1,C,70,,,,,,CHAR,35,,NAME,,,1.0,E,,,,,
MDG_BUSINESS_PARTNER_BASIC_DAT,CONTENT,A,,22,,,MDG_BUSINESS_DOCUMENT_MESSAGE,,0,C,35,,,,,,CHAR,35,,,,,3.0,E,,,,,
IOOPMST,FKT_RELMS,A,,136,,,MLST_FUNC2,,0,C,70,,,,,,CHAR,35,,TEXT35,,,,E,,,,,
SEA_WBK_DDIC_DETAIL_S,SCRTEXT_L,A,,10,,,SCRTEXT_L,,0,C,80,,,,,,CHAR,40,,SCRTEXT_L,,,,E,,,,,
TCM_CFIR_SUITEREQUEST,ADDITIONAL_NAME_PREFIX_NAME,A,,137,,,SAPPLCO_LANGUAGEINDEPENDENT_ME,,0,C,80,,,,,,CHAR,40,,,,,5.0,E,,,,,
APPLSEF_HZDSMATLBYELRP_HZMA_S,LABELLING_REQUIREMENT_NAME,A,,109,,,APPLSEF_LANGUINDEPEND_MED_NAME,,0,C,80,,,,,,CHAR,40,,,,,1.0,E,,,,,
HRRCFHIRE,FAMILY_NAME,A,,20,,,,,0,C,80,,,,,,CHAR,40,,,,,3.0,,,,,,
QPCPS_NODE_DATA_GEN,SHORTTEXT,A,,3,,,QKURZTEXT,,0,C,40,,,,,,CHAR,40,,QKURZTEXT,,,,E,,,,,
ISM_ADVSOICACITEMBNRPADDRESS,CONTENT,A,,118,,,ISM_MEDIUM_NAME_CONTENT,,0,C,80,,,,,,CHAR,40,,,,,2.0,E,,,,,
FSL_AB_INV_INFO_MESS,ADDITIONAL_NAME_PREFIX_NAME,A,,479,,,FSL_AB_LANGUINDEP_MED_NAME,,0,C,40,,,,,,CHAR,40,,,,,4.0,E,,,,,
WTY_PV_DYNPRO,ITMNO,A,,12,,,WTY_ITMNO,,2,C,40,,,,,,CHAR,40,,CHAR40,X,,,E,,,,,
FVD_LDISBMT_REQ_ERPLDISBMT_RE1,ADDITIONAL_CITY_NAME,A,,49,,,FVD_LANGUAGEINDEPENDENT_MEDIU5,,0,C,80,,,,,,CHAR,40,,,,,1.0,E,,,,,
PSHLP_CAUFVBT_ST,KTEXT,A,,60,,,AUFTEXT,,2,C,80,,,,,,CHAR,40,,TEXT40,,,,E,,,,,
EMMA_CTXN_SUBSCR,ISPSREPID,A,,15,,,SYREPID,*,0,C,40,,,,,,CHAR,40,,PROGRAMM,,,,E,,,,,
SIDE_ADVICE,EXTENSION2,A,,429,,,AD_EXTENS2,,4,C,80,,,,,,CHAR,40,,TEXT40,,,2.0,E,,,,,
UCU_S_SVERSION_FIELD_DISP,TXTMI,A,,3,,,UC_TXTMI,,0,C,80,,,,,,CHAR,40,,TEXT40,,,,E,,,,,
ISM_ADVSOUCADVVOUCCOPYTERMS,DISTRICT_NAME,A,,155,,,ISM_LANGUINDEPEND_MEDIUM_NAME,,0,C,80,,,,,,CHAR,40,,,,,3.0,E,,,,,
QCERT_TS_CHARACT_PDF,CHARACT_ID1,A,,33,,,QCHARACT_ID1,,1,C,80,,,,,,CHAR,40,,QCHARACT_ID,,,1.0,E,,,,,
PRU_LEGAL_PROPERTIES_002_PFR,MNAM22_PFR,A,,5,,,PAD_MIDNM,,0,C,80,,,,,,CHAR,40,,PAD_VORNM,,,,E,,,,,
CROSS,INCLUDE,A,,4,X,,SYREPID,*,0,C,80,,,,,X,CHAR,40,,PROGRAMM,,,,E,,,,,
RCF_S_SE_CAND_RESUME,CAND_FNAME,A,,4,,,BU_NAMEP_F,,1,C,80,,,,,,CHAR,40,,BU_NAME,,,,E,,,,,
PIQS_OUTPUT_EXTENSION,MAKTX,A,,3,,,MAKTX,,0,C,80,,,,,,CHAR,40,,TEXT40,,,,E,,,,,
SAPPLCO_CFIR_SUITEREQ_STSUCL_T,ADDITIONAL_FAMILY_NAME,A,,22,,,SAPPLCO_LANGUAGEINDEPENDENT_ME,,0,C,80,,,,,,CHAR,40,,,,,2.0,E,,,,,
QLXI_QUALITY_INSPECTION_REQUES,MIDDLE_NAME,A,,115,,,QLXI_LANGUAGEINDEPENDENT_MEDIU,,0,C,40,,,,,,CHAR,40,,,,,1.0,E,,,,,
E1PADP2,KOMM,A,,26,,,,,0,C,40,,,,,,CHAR,40,,,,,,,,,,,
SAPPLCO_PSAIDR_ITMSHIPTOLOC,CONTENT,A,,102,,,SAPPLCO_MEDIUM_NAME_CONTENT,,0,C,80,,,,,,CHAR,40,,,,,3.0,E,,,,,
VRMSLA_USAGE,VALIDITY_AREA,A,,7,,,RMSLE_VALIDITY_AREA,,1,C,40,,,,,,CHAR,40,,RMSLD_OBJID,D,,,E,,,,,
J_5KMH_INV3,TOT_QNTY_W,A,,20,,,J_5KMH_TOTQNTYW,,0,C,80,,,,,,CHAR,40,,TEXT40,,,1.0,E,,,,,
SAPPLCO_PUR_ORD_ERPREPLNMT_O24,NICK_NAME,A,,1015,,,SAPPLCO_LANGUAGEINDEPENDENT_ME,,0,C,80,,,,,,CHAR,40,,,,,4.0,E,,,,,
BSS_BANKD,BANK_ACC,A,,11,,,GB_BANKACC,,1,C,40,,,,,,CHAR,40,,CHARACT_40,,,,E,,,,,
BBP_ERP_ADRC,HOME_CITY,A,,17,,,AD_CITY3,,0,C,40,,,,,,CHAR,40,,TEXT40,,,,E,,,,,
RCOMP_STEER_UI,ICON_TEXT,A,,92,,,GUI_ICTEXT,,0,C,80,,,,,,CHAR,40,,GUI_TEXT,,,3.0,E,,,,,
ISM_ADVSOICACIASADVPARADDRESS,ACADEMIC_TITLE_NAME,A,,43,,,ISM_LANGUINDEPEND_MEDIUM_NAME,,0,C,80,,,,,,CHAR,40,,,,,1.0,E,,,,,
VIMRG,MDTXT,A,,9,,,IMRC_MDTXT,,1,C,80,,,,,,CHAR,40,,TEXT40,,,,E,,,,,
P_MD_BPC_DATA,LASTNAME,A,,5,,,BU_NAMEP_L,,0,C,80,,,,,,CHAR,40,,BU_NAME,,,,E,,,,,
ISMSD_PDF_SETTL_CARR_GROUP,NAME_FIRST,A,,82,,,BU_NAMEP_F,,3,C,80,,,,,,CHAR,40,,BU_NAME,,,2.0,E,,,,,
EPM_PURCHASE_ORDER_CONFIRMATIO,CONTENT,A,,1558,,,EPM_MEDIUM_NAME_CONTENT,,0,C,40,,,,,,CHAR,40,,,,,6.0,E,,,,,
AXT_BOL_WD_CONFIG_UI,RELATION_NAME,A,,5,,,CRMT_RELATION_NAME,,0,C,40,,,,,,CHAR,40,,CRM_RELATION_NAME,,,,E,,,,,
E1BP1080_BGR_C,BOM_TEXT,A,,11,,,,,0,C,40,,,,,,CHAR,40,,,,,,,,,,,
J_2GLPPSDNM,NAME_COBP3,A,,343,,,AD_NAME_CO,,4,C,80,,,,,,CHAR,40,,TEXT40,,,,E,,,,,
EPM_PURCHASE_ORDER_RESPONSE_ST,NAME_SUPPLEMENT_NAME,A,,2788,,,EPM_LANGUAGEINDEPENDENT_MEDIUM,,0,C,40,,,,,,CHAR,40,,,,,5.0,E,,,,,
SXIVERI_TRADING_PARTNERS,PARTNER_IDVENDOR,A,,40,,,,,0,C,40,,,,,,CHAR,40,,,,,2.0,,,,,,
OIU_S_MP_MASS_UPLOAD_CHAR,UOM_GRP,A,,6,,,CHAR40,,0,C,80,,,,,,CHAR,40,,CHAR40,,,,E,,,,,
EPM_PURCHASE_ORDER_ITEM,ADDITIONAL_CITY_NAME,A,,3072,,,EPM_LANGUAGEINDEPENDENT_MEDIUM,,0,C,40,,,,,,CHAR,40,,,,,4.0,E,,,,,
DODP_ASSOCN_CTXT,DOCM_PROG_INCLUDE,A,,12,,,DOCDL_CHANGED_PROG_INCLUDE,,1,C,80,,,,,,CHAR,40,,,,,,E,,,,,
PIQCDSSTUDDATA,STUDENTMIDDLENAME,A,,7,X,,PAD_MIDNM,,0,C,80,,,,,,CHAR,40,,PAD_VORNM,,,,E,,,,,
SAPPLSEF_TRANSP_REQ_SUITEREQ_3,NICK_NAME,A,,24,,,SAPPLSEF_LANGUAGEINDEPENDENT_M,,0,C,80,,,,,,CHAR,40,,,,,2.0,E,,,,,
N2CA06,N8CARESNAM,A,,139,,,N2_CARSNM,,0,C,80,,,,,,CHAR,40,,TEXT40,,,,E,,,,,
PPESSTATUS_LOG,CSIDTEXT,A,,3,,,PPE_SCSIDTEXT,,0,C,40,,,,,,CHAR,40,,TEXT40,,,,E,,,,,
ISM_ADVSOICCQIADVERTISERSHARE,NAME_SUPPLEMENT_NAME,A,,113,,,ISM_LANGUINDEPEND_MEDIUM_NAME,,0,C,80,,,,,,CHAR,40,,,,,3.0,E,,,,,
KOMWBHIH,BEZEI_ROUTE,A,,213,,,ROUTBEZ,,2,C,80,,,,,,CHAR,40,,TEXT40,,,,E,,,,,
PTM_S_JF_WITH_Q,TTEXT,A,,7,,,STEXT,,0,C,40,,,,,,CHAR,40,,TEXT40,,,,E,,,,,
EAMWS_GRRM_S_API_RISK_LIST,OBJECTIVE_TXT,A,,19,,,EAMWS_GRFN_TITLE,,0,C,40,,,,,,CHAR,40,,CHAR40,,,,E,,,,,
V77FSEAT,TOOLTEXT,A,,4,,,TEXT40,,0,C,40,,,,,,CHAR,40,,TEXT40,,,,E,,,,,
ISU_WA_ORDEROBJ_S_SERVFREQ,COUNTY,A,,423,,,AD_COUNTY,,3,C,80,,,,,,CHAR,40,,TEXT40,D,,1.0,E,,,,,
BUPA_BPERPCK_QRY_S_BPCOM,FAMILY_NAME,A,,32,,,SAPPLCO_LANGUAGEINDEPENDENT_ME,,0,C,80,,,,,,CHAR,40,,,,,2.0,E,,,,,
EDOC_IT_FATTURAFI_SOURCE,EXTENSION2,A,,320,,,AD_EXTENS2,,0,C,80,,,,,,CHAR,40,,TEXT40,,,1.0,E,,,,,
TTONFVZZBEPP,BASEFACTOR,A,,286,,,TFM_BASEFACTOR,,1,e,16,,,,,,D34R,34,,TFM_FACTOR,,,,E,,,,,
LRM_S_PD_RTP_RULE,PD_STORE,A,,7,,,ILM_PD_STORE,,0,g,8,,,,,,SSTR,255,,,,,,E,,,,,
IBD_SAPMSM2107_ALV,TEXT,A,,20,,,IBD_ERRMESSAGE,,0,C,1604,,,,,,LCHR,802,,,,,,E,,,,,
FKKEBPP_ADURI,URI_ADDR,A,,7,,,AD_URI,,0,C,2048,,,,,,LCHR,2048,,AD_URI,,,,E,,,,,
ESH_S_IF_INA_ATTR_FILTER,ALIAS,A,,3,,,ESH_E_IF_INA_SSTRING,,0,g,8,,,,,,SSTR,250,,,,,,E,,,,,
CMM_PRC_S_FBFIX_FIXATION_DATA,TERMRATE_DF34,A,,69,,,CPET_INTERNAL_VALUE,,0,e,16,,,,,,D34D,31,14.0,CPE_INTERNAL_VALUE,,,,E,,,,,
BAPIDFKKOP_DP,TAX_BASE_LOC_CURR,A,,15,,,BP_SBASH_KK,,0,P,12,,,,,,DEC,23,4.0,BAPICURR,,,,E,,,,,
APPLSEF_MEASUREMENT_READING_E6,VALUE,A,,72,,,APPLSEF_MEASURE_CONTENT1,,0,P,10,,,,,,DEC,19,6.0,,,,2.0,E,,,,,
DB2EDMPOOL,QISESQCA,A,,50,,,DB2ISESQCA,,1,P,10,,,,,,DEC,19,,DB2DEC19V,,,,E,,,,,
ICMMNAPNLVALUE,CALCRELCONTRCONDITIONTERMRATE,A,,91,X,,CDS_CALCREL_CONTRACT_TERMRATE,,0,P,16,,,,,,DEC,31,8.0,,,,,E,,,,,
DB6PMCIDX,SYSFULLKCD,A,,10,,,,,0,P,12,,,,,,DEC,22,,,,,,,,,,,
BAPI_JBD_STR_SWAP_ADDFLOW,LOCAL_CUR_AMOUNT,A,,12,,,BAPI_JBD_DTE_BHWBETR,,0,P,12,,,,,,DEC,23,4.0,BAPICURR,,,,E,,,,,
HRNL_EIR_AANLEVER_RESULTAAT1,TIJDSTEMPEL_ONTVANGST,A,,10,,,XSDDATETIME_LONG_Z,,0,P,11,,,,,,DEC,21,7.0,XSDDATETIME_LONG_Z,,,1.0,E,,,,,
SE16N_LT,GUID,A,,6,,,SE16N_ID,,0,P,11,,,,,,DEC,21,7.0,TZNTSTMPL,,,,E,,,,,
SWNCGLHITINCDB,INSTI,A,,11,,,SWNCTIMMSAGG,,0,P,13,,,,,,DEC,24,,SWNCDOMDEC24,,,,E,,,,,
SAPPLCO_MSMTRDNG_SMSMTRDNG,CONTENT,A,,42,,,SAPPLCO_MEASURE_CONTENT1,,0,P,16,,,,,,DEC,31,14.0,,,,2.0,E,,,,,
ISSR_ADMN_ASSET_SPEC_X,FUND_SHR_NONEWR,A,,48,,,ISSR_FOND_ANTEIL_NONEWR,,1,P,4,,,,,,DEC,7,4.0,ISSR_FOND_ANTEIL,F,,,E,,,,,
DB6_VIEW_PKGC_SECTIONS,POST_SHRTHRESHOLD_SORTS,A,,303,,,,,1,P,12,,,,,,DEC,22,,,,,1.0,,,,,,
V_T71ADM17,MIPCT,A,,14,,,ECM_MIPCT,,0,P,4,,,,,,DEC,7,2.0,ECM_CPPCS,,,,E,,,,,
DB6_VIEW_TBSNAP_DETAIL,BP_D_SWS,A,,18,,,,,0,P,12,,,,,,DEC,22,,,,,1.0,,,,,,
SAPPLSEF_INVC_REQ_ITM,VALUE,A,,3050,,,SAPPLSEF_MEASURE_CONTENT1,,0,P,10,,,,,,DEC,19,6.0,,,,4.0,E,,,,,
DB6MON_PKGC_STMT,TOTAL_SECTION_TIME,A,,79,,,,,1,P,12,,,,,,DEC,22,,,,,,,,,,,
HRPBSCAS_NOVA_KUERZUNG_P57,P58_AKT_RENTENWERT,A,,27,,,DE_PBSVAVG_AKTRW,,0,P,6,,,,,,DEC,11,5.0,PDE_PBSVAVG_DEC6_5,,,,E,,,,,
DB6_VIEW_DBSNAP,STATS_FABRICATIONS,A,,174,,,,,0,P,12,,,,,,DEC,22,,,,,1.0,,,,,,
ISM_ADVSOUCQPRINTADSPEC,CONTENT,A,,153,,,ISM_MEASURE_CONTENT,,0,P,16,,,,,,DEC,31,14.0,,,,2.0,E,,,,,
SYBMON_CACHEDSTMTCOND,TOTALSORTTIME,A,,72,,,SYBBIGINT,,1,P,12,,,,,,DEC,22,,,,,,E,,,,,
REIS_RO_AS_L,UNITPRICE_CN05,A,,263,,,REISCONDMEASPRICE,,2,P,10,,,,,,DEC,19,6.0,RECDUNITPRICE,,,,E,,,,,
