MANDT,EBELN,EBELP,ETENR,EINDT,SLFDT,LPEIN,MENGE,AMENG,WEMNG,WAMNG,UZEIT,BANFN,BNFPO,ESTKZ,QUNUM,QUPOS,MAHNZ,BEDAT,RSNUM,SERNR,FIXKZ,GLMNG,DABMG,CHARG,LICHA,CHKOM,VERID,ABART,MNG02,DAT01,ALTDT,AULWE,MBDAT,MBUHR,LDDAT,LDUHR,TDDAT,TDUHR,WADAT,WAUHR,ELDAT,ELUHR,ANZSN,NODISP,GEO_ROUTE,ROUTE_GTS,GTS_IND,TSP,CD_LOCNO,CD_LOCTYPE,HANDOVERDATE,HANDOVERTIME,WESBB,FSH_RALLOC_QTY,FSH_SALLOC_QTY,FSH_OS_ID,KEY_ID,OTB_VALUE,OTB_CURR,OTB_RES_VALUE,OTB_SPEC_VALUE,SPR_RSN_PROFILE,BUDG_TYPE,OTB_STATUS,OTB_REASON,CHECK_TYPE,DL_ID,HANDOVER_DATE,NO_SCEM,DNG_DATE,DNG_TIME,CNCL_ANCMNT_DONE,DATESHIFT_NUMBER,OPERATION_FLAG,IS_DELETED,RECORDSTAMP,REMNG
250,4500000000,10,1,2022-01-19,2022-01-19,1,1.0,,1.0,,,10000000.0,10.0,R,,,,2022-01-14,,,X,,1.0,,,,,,,,,,,,,,,,,,,,,,,,,,,,,,,,,,,,,,,,,,,,,,,,,,,L,False,2022-01-31 20:41:59.548321+00:00,100.0
250,4500000001,10,1,2022-01-20,2022-01-20,1,1.0,,,,,10000001.0,10.0,R,,,,2022-01-19,,,X,,1.0,,,,,,,,,,,,,,,,,,,,,,,,,,,,,,,,,,,,,,,,,,,,,,,,,,,L,False,2022-01-31 20:41:59.548321+00:00,250.5
250,4500000003,10,1,2022-01-21,2022-01-21,1,10.0,,10.0,,,10000003.0,10.0,R,,,,2022-01-20,,,X,,10.0,,,,,,,,,,,,,,,,,,,,,,,,,,,,,,,,,,,,,,,,,,,,,,,,,,,L,False,2022-01-31 20:41:59.548321+00:00,88.25
250,4500000002,10,1,2022-01-24,2022-01-24,1,2.0,,2.0,,,10000002.0,10.0,R,,,,2022-01-19,,,X,,2.0,,,,,,,,,,,,,,,,,,,,,,,,,,,,,,,,,,,,,,,,,,,,,,,,,,,L,False,2022-01-31 20:41:59.548321+00:00,300.0
250,4500000010,10,1,2022-01-31,2022-01-31,1,6.0,,2.0,,,,,R,,,,2022-01-21,,,X,,6.0,,,,,,,,,,,,,,,,,,,,,,,,,,,,,,,,,,,,,,,,,,,,,,,,,,,L,False,2022-01-31 20:41:59.548321+00:00,175.75
250,4500000007,10,1,2022-01-31,2022-01-31,1,10.0,,4.0,,,,,R,,,,2022-01-21,,,X,,10.0,,,,,,,,,,,,,,,,,,,,,,,,,,,,,,,,,,,,,,,,,,,,,,,,,,,L,False,2022-01-31 20:41:59.548321+00:00,60.0
250,4500000026,10,1,2022-02-01,2022-02-01,1,10.0,,10.0,,,,,R,,,,2022-01-27,,,X,,10.0,,,,,,,,,,,,,,,,,,,,,,,,,,,,,,,,,,,,,,,,,,,,,,,,,,,L,False,2022-01-31 20:41:59.548321+00:00,430.0
250,4500000016,10,1,2022-02-03,2022-02-03,1,10.0,,10.0,,,,,R,,,,2022-01-24,,,X,,10.0,,,,,,,,,,,,,,,,,,,,,,,,,,,,,,,,,,,,,,,,,,,,,,,,,,,L,False,2022-01-31 20:41:59.548321+00:00,95.5
250,4500000017,10,1,2022-02-03,2022-02-03,1,10.0,,10.0,,,,,R,,,,2022-01-24,,,X,,10.0,,,,,,,,,,,,,,,,,,,,,,,,,,,,,,,,,,,,,,,,,,,,,,,,,,,L,False,2022-01-31 20:41:59.548321+00:00,210.0
250,4500000022,10,1,2022-02-04,2022-02-04,1,1.0,,1.0,,,10000005.0,10.0,R,,,,2022-01-25,3.0,,X,,1.0,,,,,,,,,,,,,,,,,,,,,,,,,,,,,,,,,,,,,,,,,,,,,,,,,,,L,False,2022-01-31 20:41:59.548321+00:00,540.0
250,4500000023,10,1,2022-02-04,2022-02-04,1,1.0,,1.0,,,10000006.0,10.0,R,,,,2022-01-25,5.0,,X,,1.0,,,,,,,,,,,,,,,,,,,,,,,,,,,,,,,,,,,,,,,,,,,,,,,,,,,L,False,2022-01-31 20:41:59.548321+00:00,100.0
250,4500000009,10,1,2021-01-22,2021-01-22,1,10.0,,,,,,,R,,,,2021-01-21,,,X,,5.0,,,,,,,,,,,,,,,,,,,,,,,,,,,,,,,,,,,,,,,,,,,,,,,,,,,L,False,2022-01-31 20:41:59.548321+00:00,250.5
250,4500000008,10,1,2021-01-22,2021-01-22,1,10.0,,,,,,,R,,,,2021-01-21,,,X,,10.0,,,,,,,,,,,,,,,,,,,,,,,,,,,,,,,,,,,,,,,,,,,,,,,,,,,L,False,2022-01-31 20:41:59.548321+00:00,88.25
250,4500000020,10,1,2021-01-30,2021-01-30,1,1.0,,,,,,,R,,,,2021-01-24,,,X,,1.0,,,,,,,,,,,,,,,,,,,,,,,,,,,,,,,,,,,,,,,,,,,,,,,,,,,L,False,2022-01-31 20:41:59.548321+00:00,300.0
50,4500000000,10,1,2022-01-18,2022-01-18,1,1.0,,,,,10000000.0,10.0,R,,,,2022-01-17,,,X,,,,,,,,,,,,,,,,,,,,,,,,,,,,,,,,,,,,,,,,,,,,,,,,,,,,,L,False,2022-01-31 20:41:59.548321+00:00,175.75
50,4500000001,10,1,2022-01-19,2022-01-19,1,5.0,,,,,10000001.0,10.0,R,,,,2022-01-17,,,X,,,,,,,,,,,,,,,,,,,,,,,,,,,,,,,,,,,,,,,,,,,,,,,,,,,,,L,False,2022-01-31 20:41:59.548321+00:00,60.0
250,4500000013,10,1,2022-01-23,2022-01-23,1,100.0,,,,,,,R,,,,2022-01-23,,,X,100.0,,,,,,,,,,,,,,,,,,,,,,,,,,,,,,,,,,,,,,,,,,,,,,,,,,,,L,False,2022-01-31 20:41:59.548321+00:00,430.0
50,4500000005,10,1,2022-01-24,2022-01-24,1,1.0,,,,,10000005.0,10.0,R,,,,2022-01-24,,,X,,,,,,,,,,,,,,,,,,,,,,,,,,,,,,,,,,,,,,,,,,,,,,,,,,,,,L,False,2022-01-31 20:41:59.548321+00:00,95.5
250,4500000005,10,1,2022-01-24,2022-01-24,1,1.0,,,,,,,R,,,,2022-01-21,,,X,,,,,,,,,,,,,,,,,,,,,,,,,,,,,,,,,,,,,,,,,,,,,,,,,,,,,L,False,2022-01-31 20:41:59.548321+00:00,210.0
250,4500000004,10,1,2022-01-24,2022-01-24,1,10.0,,,,,,,R,,,,2022-01-21,,,X,,,,,,,,,,,,,,,,,,,,,,,,,,,,,,,,,,,,,,,,,,,,,,,,,,,,,L,False,2022-01-31 20:41:59.548321+00:00,540.0
250,4500000006,10,1,2022-01-24,2022-01-24,1,10.0,,10.0,10.0,,,,R,,,,2022-01-21,,,X,10.0,,,,,,,,,,,,,,,,,,,,,,,,,,,,,,,,,,,,,,,,,,,,,,,,,,,,L,False,2022-01-31 20:41:59.548321+00:00,100.0
250,4500000011,10,1,2022-01-24,2022-01-24,1,10.0,,10.0,10.0,,,,R,,,,2022-01-23,,,X,10.0,,,,,,,,,,,,,,,,,,,,,,,,,,,,,,,,,,,,,,,,,,,,,,,,,,,,L,False,2022-01-31 20:41:59.548321+00:00,250.5
50,4500000002,10,1,2022-01-25,2022-01-25,1,3.0,,,,,10000002.0,10.0,R,,,,2022-01-23,,,X,,,,,,,,,,,,,,,,,,,,,,,,,,,,,,,,,,,,,,,,,,,,,,,,,,,,,L,False,2022-01-31 20:41:59.548321+00:00,88.25
50,4500000003,10,1,2022-01-25,2022-01-25,1,3.0,,,,,10000003.0,10.0,R,,,,2022-01-23,,,X,,,,,,,,,,,,,,,,,,,,,,,,,,,,,,,,,,,,,,,,,,,,,,,,,,,,,L,False,2022-01-31 20:41:59.548321+00:00,300.0
50,4500000004,10,1,2022-01-25,2022-01-25,1,3.0,,,,,10000004.0,10.0,R,,,,2022-01-23,,,X,,,,,,,,,,,,,,,,,,,,,,,,,,,,,,,,,,,,,,,,,,,,,,,,,,,,,L,False,2022-01-31 20:41:59.548321+00:00,175.75
250,4500000014,10,1,2022-01-25,2022-01-25,1,2.0,,2.0,2.0,,,,R,,,,2022-01-24,,,X,2.0,,,,,,,,,,,,,,,,,,,,,,,,,,,,,,,,,,,,,,,,,,,,,,,,,,,,L,False,2022-01-31 20:41:59.548321+00:00,60.0
250,4500000018,10,1,2022-01-25,2022-01-25,1,2.0,,,,,,,R,,,,2022-01-24,,,X,,,,,,,,,,,,,,,,,,,,,,,,,,,,,,,,,,,,,,,,,,,,,,,,,,,,,L,False,2022-01-31 20:41:59.548321+00:00,430.0
250,4500000024,10,1,2022-01-25,2022-01-25,1,10.0,,,10.0,,,,R,,,,2022-01-25,,,X,10.0,,,,,,,,,,,,,,,,,,,,,,,,,,,,,,,,,,,,,,,,,,,,,,,,,,,,L,False,2022-01-31 20:41:59.548321+00:00,95.5
250,4500000012,10,1,2022-01-25,2022-01-25,1,10.0,,10.0,10.0,,,,R,,,,2022-01-23,,,X,10.0,,,,,,,,,,,,,,,,,,,,,,,,,,,,,,,,,,,,,,,,,,,,,,,,,,,,L,False,2022-01-31 20:41:59.548321+00:00,210.0
250,4500000015,10,1,2022-01-25,2022-01-25,1,10.0,,10.0,10.0,,,,R,,,,2022-01-24,,,X,10.0,,,,,,,,,,,,,,,,,,,,,,,,,,,,,,,,,,,,,,,,,,,,,,,,,,,,L,False,2022-01-31 20:41:59.548321+00:00,540.0
250,4500000019,10,1,2022-01-25,2022-01-25,1,10.0,,10.0,10.0,,,,R,,,,2022-01-24,,,X,10.0,,,,,,,,,,,,,,,,,,,,,,,,,,,,,,,,,,,,,,,,,,,,,,,,,,,,L,False,2022-01-31 20:41:59.548321+00:00,100.0
50,4500000006,10,1,2022-01-26,2022-01-26,1,10.0,,,,,10000006.0,10.0,R,,,,2022-01-25,,,X,,,,,,,,,,,,,,,,,,,,,,,,,,,,,,,,,,,,,,,,,,,,,,,,,,,,,L,False,2022-01-31 20:41:59.548321+00:00,250.5
250,4500000027,10,1,2022-01-28,2022-01-28,1,1.0,,,,,,,R,,,,2022-01-27,,,X,1.0,,,,,,,,,,,,,,,,,,,,,,,,,,,,,,,,,,,,,,,,,,,,,,,,,,,,L,False,2022-01-31 20:41:59.548321+00:00,88.25
250,4500000030,10,1,2022-01-28,2022-01-28,1,10.0,,10.0,10.0,,,,R,,,,2022-01-28,,,X,10.0,,,,,,,,,,,,,,,,,,,,,,,,,,,,,,,,,,,,,,,,,,,,,,,,,,,,L,False,2022-01-31 20:41:59.548321+00:00,300.0
250,4500000029,10,1,2022-02-04,2022-02-04,1,5.0,,,,,,,R,,,,2022-01-28,,,X,,,,,,,,,,,,,,,,,,,,,,,,,,,,,,,,,,,,,,,,,,,,,,,,,,,,,L,False,2022-01-31 20:41:59.548321+00:00,175.75
250,4500000025,10,1,2022-02-07,2022-02-07,1,2.0,,2.0,,,,,R,,,,2022-01-27,,,X,,,,,,,,,,,,,,,,,,,,,,,,,,,,,,,,,,,,,,,,,,,,,,,,,,,,,L,False,2022-01-31 20:41:59.548321+00:00,60.0
250,4500000028,10,1,2022-02-07,2022-02-07,1,10.0,,,,,,,R,,,,2022-01-28,,,X,,,,,,,,,,,,,,,,,,,,,,,,,,,,,,,,,,,,,,,,,,,,,,,,,,,,,L,False,2022-01-31 20:41:59.548321+00:00,430.0
50,4500000007,10,1,2022-01-27,2022-01-27,1,10.0,,,,,10000008.0,10.0,R,,,,2022-01-26,,,X,,,,,,,,,,,,,,,,,,,,,,,,,,,,,,,,,,,,,,,,,,,,,,,,,,,,,L,False,2022-01-31 20:41:59.548321+00:00,95.5
50,4500000008,10,1,2022-01-27,2022-01-27,1,12.0,,,,,10000009.0,10.0,R,,,,2022-01-26,,,X,,,,,,,,,,,,,,,,,,,,,,,,,,,,,,,,,,,,,,,,,,,,,,,,,,,,,L,False,2022-01-31 20:41:59.548321+00:00,210.0
250,4500000021,10,1,2022-02-04,2022-02-04,1,10.0,,10.0,,,,,R,,,,2020-01-01,,,X,,10.0,,,,,,,,,,,,,,,,,,,,,,,,,,,,,,,,,,,,,,,,,,,,,,,,,,,L,False,2022-01-31 20:41:59.548321+00:00,540.0
250,4500069420,10,1,2022-04-19,2022-04-19,1,1.0,,,,,,,R,,,,2022-03-24,,,X,,,,,,,,,,,,,,,,,,,,,,,,,,,,,,,,,,,,,,,,,,,,,,,,,,,,,I,False,2022-03-26 02:44:48.202008+00:00,100.0
250,4500069421,10,1,2022-04-19,2022-04-19,1,1.0,,,,,,,R,,,,2022-03-24,,,X,,,,,,,,,,,,,,,,,,,,,,,,,,,,,,,,,,,,,,,,,,,,,,,,,,,,,I,False,2022-03-26 02:44:48.202008+00:00,250.5
250,4500069422,10,1,2022-04-06,2022-04-06,1,10.0,,,,,,,R,,,,2022-04-06,,,X,,,,,,,,,,,,,,,,,,,,,,,,,,,,,,,,,,,,,,,,,,,,,,,,,,,,,I,False,2022-04-06 08:29:52.025714+00:00,88.25
250,4500069423,10,1,2022-04-06,2022-04-06,1,10.0,,,,,,,R,,,,2022-04-06,,,X,,,,,,,,,,,,,,,,,,,,,,,,,,,,,,,,,,,,,,,,,,,,,,,,,,,,,I,False,2022-04-06 10:19:23.212106+00:00,300.0
250,4500069424,10,1,2022-04-06,2022-04-06,1,10.0,,,,,,,R,,,,2022-04-06,,,X,,,,,,,,,,,,,,,,,,,,,,,,,,,,,,,,,,,,,,,,,,,,,,,,,,,,,I,False,2022-04-06 10:21:20.671285+00:00,175.75
250,4500069425,10,1,2022-04-13,2022-04-13,1,10.0,,,,,,,R,,,,2022-04-13,,,X,,,,,,,,,,,,,,,,,,,,,,,,,,,,,,,,,,,,,,,,,,,,,,,,,,,,,I,False,2022-04-13 07:21:43.238895+00:00,60.0
250,4500069426,10,1,2022-04-13,2022-04-13,1,10.0,,,,,,,R,,,,2022-04-13,,,X,,,,,,,,,,,,,,,,,,,,,,,,,,,,,,,,,,,,,,,,,,,,,,,,,,,,,I,False,2022-04-13 07:24:37.791187+00:00,430.0
250,4500069427,10,1,2022-04-13,2022-04-13,1,10.0,,,,,,,R,,,,2022-04-13,,,X,,,,,,,,,,,,,,,,,,,,,,,,,,,,,,,,,,,,,,,,,,,,,,,,,,,,,I,False,2022-04-13 07:50:43.277347+00:00,95.5
100,4500000015,10,1,2022-02-01,2022-02-01,1,10.0,,,,,,,R,,,,2022-02-01,,,X,,,,,,,,,,,,,,,,,,,,,,,,,,,,,,,,,,,,,,,,,,,,,,,,,,,,,I,False,2022-04-21 14:46:55.717403+00:00,210.0
100,4500000016,10,1,2022-02-02,2022-02-02,1,5.0,,,,,,,R,,,,2022-02-02,,,X,,,,,,,,,,,,,,,,,,,,,,,,,,,,,,,,,,,,,,,,,,,,,,,,,,,,,I,False,2022-04-21 14:46:55.717403+00:00,540.0
100,4500000017,10,1,2022-02-02,2022-02-02,1,5.0,,,,,,,R,,,,2022-02-02,,,X,,,,,,,,,,,,,,,,,,,,,,,,,,,,,,,,,,,,,,,,,,,,,,,,,,,,,I,False,2022-04-21 14:46:55.717403+00:00,100.0
100,4500000000,10,1,2022-01-18,2022-01-18,1,1.0,,,,,10000000.0,10.0,R,,,,2022-01-17,,,X,,,,,,,,,,,,,,,,,,,,,,,,,,,,,,,,,,,,,,,,,,,,,,,,,,,,,I,False,2022-04-21 14:46:55.717403+00:00,250.5
100,4500000001,10,1,2022-01-19,2022-01-19,1,5.0,,,,,10000001.0,10.0,R,,,,2022-01-17,,,X,,,,,,,,,,,,,,,,,,,,,,,,,,,,,,,,,,,,,,,,,,,,,,,,,,,,,I,False,2022-04-21 14:46:55.717403+00:00,88.25
100,4500000002,10,1,2022-01-25,2022-01-25,1,3.0,,,,,10000002.0,10.0,R,,,,2022-01-23,,,X,,,,,,,,,,,,,,,,,,,,,,,,,,,,,,,,,,,,,,,,,,,,,,,,,,,,,I,False,2022-04-21 14:46:55.717403+00:00,300.0
100,4500000003,10,1,2022-01-25,2022-01-25,1,3.0,,,,,10000003.0,10.0,R,,,,2022-01-23,,,X,,,,,,,,,,,,,,,,,,,,,,,,,,,,,,,,,,,,,,,,,,,,,,,,,,,,,I,False,2022-04-21 14:46:55.717403+00:00,175.75
100,4500000004,10,1,2022-01-25,2022-01-25,1,3.0,,,,,10000004.0,10.0,R,,,,2022-01-23,,,X,,,,,,,,,,,,,,,,,,,,,,,,,,,,,,,,,,,,,,,,,,,,,,,,,,,,,I,False,2022-04-21 14:46:55.717403+00:00,60.0
100,4500000005,10,1,2022-01-24,2022-01-24,1,1.0,,,,,10000005.0,10.0,R,,,,2022-01-24,,,X,,,,,,,,,,,,,,,,,,,,,,,,,,,,,,,,,,,,,,,,,,,,,,,,,,,,,I,False,2022-04-21 14:46:55.717403+00:00,430.0
100,4500000006,10,1,2022-01-26,2022-01-26,1,10.0,,,,,10000006.0,10.0,R,,,,2022-01-25,,,X,,,,,,,,,,,,,,,,,,,,,,,,,,,,,,,,,,,,,,,,,,,,,,,,,,,,,I,False,2022-04-21 14:46:55.717403+00:00,95.5
100,4500000009,10,1,2022-01-31,2022-01-31,1,10.0,,,,,10000010.0,10.0,R,,,,2022-01-31,,,X,,,,,,,,,,,,,,,,,,,,,,,,,,,,,,,,,,,,,,,,,,,,,,,,,,,,,I,False,2022-04-21 14:46:55.717403+00:00,210.0
100,4500000010,10,1,2022-01-31,2022-01-31,1,10.0,,,,,10000011.0,10.0,R,,,,2022-01-31,,,X,,,,,,,,,,,,,,,,,,,,,,,,,,,,,,,,,,,,,,,,,,,,,,,,,,,,,I,False,2022-04-21 14:46:55.717403+00:00,540.0
100,4500000011,10,1,2022-01-31,2022-01-31,1,15.0,,,,,10000012.0,10.0,R,,,,2022-01-31,,,X,,,,,,,,,,,,,,,,,,,,,,,,,,,,,,,,,,,,,,,,,,,,,,,,,,,,,I,False,2022-04-21 14:46:55.717403+00:00,100.0
100,4500000012,10,1,2022-02-01,2022-02-01,1,10.0,,,,,10000013.0,10.0,R,,,,2022-02-01,,,X,,,,,,,,,,,,,,,,,,,,,,,,,,,,,,,,,,,,,,,,,,,,,,,,,,,,,I,False,2022-04-21 14:46:55.717403+00:00,250.5
100,4500000013,10,1,2022-02-01,2022-02-01,1,10.0,,,,,10000014.0,10.0,R,,,,2022-02-01,,,X,,,,,,,,,,,,,,,,,,,,,,,,,,,,,,,,,,,,,,,,,,,,,,,,,,,,,I,False,2022-04-21 14:46:55.717403+00:00,88.25
100,4500000014,30,1,2022-02-01,2022-02-01,1,10.0,,,,,10000015.0,10.0,R,,,,2022-02-01,,,X,,,,,,,,,,,,,,,,,,,,,,,,,,,,,,,,,,,,,,,,,,,,,,,,,,,,,I,False,2022-04-21 14:46:55.717403+00:00,300.0
100,4500000018,10,1,2022-02-23,2022-02-23,1,5.0,,,,,10000020.0,10.0,R,,,,2022-02-23,,,X,,,,,,,,,,,,,,,,,,,,,,,,,,,,,,,,,,,,,,,,,,,,,,,,,,,,,I,False,2022-04-21 14:46:55.717403+00:00,175.75
100,4500000019,10,1,2022-03-14,2022-03-14,1,5.0,,,,,10000021.0,10.0,R,,,,2022-03-14,,,X,,,,,,,,,,,,,,,,,,,,,,,,,,,,,,,,,,,,,,,,,,,,,,,,,,,,,I,False,2022-04-21 14:46:55.717403+00:00,60.0
100,4500000020,10,1,2022-03-18,2022-03-18,1,5.0,,,,,10000022.0,10.0,R,,,,2022-03-18,,,X,,,,,,,,,,,,,,,,,,,,,,,,,,,,,,,,,,,,,,,,,,,,,,,,,,,,,I,False,2022-04-21 14:46:55.717403+00:00,430.0
100,4500000021,10,1,2022-03-18,2022-03-18,1,5.0,,,,,10000024.0,10.0,R,,,,2022-03-18,,,X,,,,,,,,,,,,,,,,,,,,,,,,,,,,,,,,,,,,,,,,,,,,,,,,,,,,,I,False,2022-04-21 14:46:55.717403+00:00,95.5
100,4500000022,10,1,2022-03-18,2022-03-18,1,5.0,,,,,10000025.0,10.0,R,,,,2022-03-18,,,X,,,,,,,,,,,,,,,,,,,,,,,,,,,,,,,,,,,,,,,,,,,,,,,,,,,,,I,False,2022-04-21 14:46:55.717403+00:00,210.0
100,4500000023,10,1,2022-03-18,2022-03-18,1,5.0,,,,,10000028.0,10.0,R,,,,2022-03-18,,,X,,,,,,,,,,,,,,,,,,,,,,,,,,,,,,,,,,,,,,,,,,,,,,,,,,,,,I,False,2022-04-21 14:46:55.717403+00:00,540.0
100,4500000024,10,1,2022-03-18,2022-03-18,1,5.0,,,,,10000029.0,10.0,R,,,,2022-03-18,,,X,,,,,,,,,,,,,,,,,,,,,,,,,,,,,,,,,,,,,,,,,,,,,,,,,,,,,I,False,2022-04-21 14:46:55.717403+00:00,100.0
100,4500000025,10,1,2022-03-18,2022-03-18,1,5.0,,,,,10000031.0,10.0,R,,,,2022-03-18,,,X,,,,,,,,,,,,,,,,,,,,,,,,,,,,,,,,,,,,,,,,,,,,,,,,,,,,,I,False,2022-04-21 14:46:55.717403+00:00,250.5
100,4500000026,10,1,2022-03-18,2022-03-18,1,5.0,,,,,10000033.0,10.0,R,,,,2022-03-18,,,X,,,,,,,,,,,,,,,,,,,,,,,,,,,,,,,,,,,,,,,,,,,,,,,,,,,,,I,False,2022-04-21 14:46:55.717403+00:00,88.25
100,4500000027,10,1,2022-03-19,2022-03-19,1,5.0,,,,,10000034.0,10.0,R,,,,2022-03-18,,,X,,,,,,,,,,,,,,,,,,,,,,,,,,,,,,,,,,,,,,,,,,,,,,,,,,,,,I,False,2022-04-21 14:46:55.717403+00:00,300.0
100,4500000028,10,1,2022-03-19,2022-03-19,1,5.0,,,,,10000035.0,10.0,R,,,,2022-03-18,,,X,,,,,,,,,,,,,,,,,,,,,,,,,,,,,,,,,,,,,,,,,,,,,,,,,,,,,I,False,2022-04-21 14:46:55.717403+00:00,175.75
100,4500000029,10,1,2022-03-19,2022-03-19,1,5.0,,,,,10000036.0,10.0,R,,,,2022-03-18,,,X,,,,,,,,,,,,,,,,,,,,,,,,,,,,,,,,,,,,,,,,,,,,,,,,,,,,,I,False,2022-04-21 14:46:55.717403+00:00,60.0
50,4500000030,10,1,2022-04-12,2022-04-12,1,5.0,,,,,10000037.0,10.0,R,,,,2022-04-12,,,X,,,,,,,,,,,,,,,,,,,,,,,,,,,,,,,,,,,,,,,,,,,,,,,,,,,,,I,False,2022-04-13 05:49:05.037517+00:00,430.0
100,4500000030,10,1,2022-04-12,2022-04-12,1,5.0,,,,,10000037.0,10.0,R,,,,2022-04-12,,,X,,,,,,,,,,,,,,,,,,,,,,,,,,,,,,,,,,,,,,,,,,,,,,,,,,,,,I,False,2022-04-21 14:46:55.717403+00:00,95.5
50,4500000031,10,1,2022-04-12,2022-04-12,1,10.0,,,,,10000038.0,10.0,R,,,,2022-04-12,,,X,,,,,,,,,,,,,,,,,,,,,,,,,,,,,,,,,,,,,,,,,,,,,,,,,,,,,I,False,2022-04-13 06:10:45.620485+00:00,210.0
100,4500000031,10,1,2022-04-12,2022-04-12,1,10.0,,,,,10000038.0,10.0,R,,,,2022-04-12,,,X,,,,,,,,,,,,,,,,,,,,,,,,,,,,,,,,,,,,,,,,,,,,,,,,,,,,,I,False,2022-04-21 14:46:55.717403+00:00,540.0
50,4500000032,10,1,2022-04-12,2022-04-12,1,6.0,,,,,10000039.0,10.0,R,,,,2022-04-12,,,X,,,,,,,,,,,,,,,,,,,,,,,,,,,,,,,,,,,,,,,,,,,,,,,,,,,,,I,False,2022-04-13 06:25:12.546507+00:00,100.0
100,4500000032,10,1,2022-04-12,2022-04-12,1,6.0,,,,,10000039.0,10.0,R,,,,2022-04-12,,,X,,,,,,,,,,,,,,,,,,,,,,,,,,,,,,,,,,,,,,,,,,,,,,,,,,,,,I,False,2022-04-21 14:46:55.717403+00:00,250.5
50,4500000033,10,1,2022-04-13,2022-04-13,1,5.0,,,,,10000042.0,10.0,R,,,,2022-04-13,,,X,,,,,,,,,,,,,,,,,,,,,,,,,,,,,,,,,,,,,,,,,,,,,,,,,,,,,I,False,2022-04-13 08:09:38.090431+00:00,88.25
100,4500000033,10,1,2022-04-13,2022-04-13,1,5.0,,,,,10000042.0,10.0,R,,,,2022-04-13,,,X,,,,,,,,,,,,,,,,,,,,,,,,,,,,,,,,,,,,,,,,,,,,,,,,,,,,,I,False,2022-04-21 14:46:55.717403+00:00,300.0
100,4500000034,10,1,2022-04-24,2022-04-24,1,3.0,,,,,10000050.0,10.0,R,,,,2022-04-24,,,X,,,,,,,,,,,,,,,,,,,,,,,,,,,,,,,,,,,,,,,,,,,,,,,,,,,,,I,False,2022-04-26 14:35:08.479785+00:00,175.75
100,4500000035,10,1,2022-04-25,2022-04-25,1,3.0,,,,,10000051.0,10.0,R,,,,2022-04-24,,,X,,,,,,,,,,,,,,,,,,,,,,,,,,,,,,,,,,,,,,,,,,,,,,,,,,,,,I,False,2022-04-26 14:35:08.479785+00:00,60.0
50,4500000034,10,1,2022-04-25,2022-04-25,1,5.0,,,,,10000045.0,10.0,R,,,,2022-04-24,,,X,,,,,,,,,,,,,,,,,,,,,,,,,,,,,,,,,,,,,,,,,,,,,,,,,,,,,I,False,2022-04-26 14:35:08.479785+00:00,430.0
100,4500000036,10,1,2022-04-25,2022-04-25,1,5.0,,,,,10000052.0,10.0,R,,,,2022-04-24,,,X,,,,,,,,,,,,,,,,,,,,,,,,,,,,,,,,,,,,,,,,,,,,,,,,,,,,,I,False,2022-04-26 14:35:08.479785+00:00,95.5
100,4500000037,10,1,2022-04-25,2022-04-25,1,4.0,,,,,10000053.0,10.0,R,,,,2022-04-24,,,X,,,,,,,,,,,,,,,,,,,,,,,,,,,,,,,,,,,,,,,,,,,,,,,,,,,,,I,False,2022-04-26 14:35:08.479785+00:00,210.0
100,4500000038,10,1,2022-04-26,2022-04-26,1,5.0,,,,,10000054.0,10.0,R,,,,2022-04-25,,,X,,,,,,,,,,,,,,,,,,,,,,,,,,,,,,,,,,,,,,,,,,,,,,,,,,,,,I,False,2022-04-26 14:35:08.479785+00:00,540.0
100,4500000039,10,1,2022-04-25,2022-04-25,1,3.0,,,,,10000055.0,10.0,R,,,,2022-04-25,,,X,,,,,,,,,,,,,,,,,,,,,,,,,,,,,,,,,,,,,,,,,,,,,,,,,,,,,I,False,2022-04-26 14:35:08.479785+00:00,100.0
100,4500000040,10,1,2022-04-25,2022-04-25,1,4.0,,,,,10000056.0,10.0,R,,,,2022-04-25,,,X,,,,,,,,,,,,,,,,,,,,,,,,,,,,,,,,,,,,,,,,,,,,,,,,,,,,,I,False,2022-04-26 14:35:08.479785+00:00,250.5
100,4500000041,10,1,2022-04-25,2022-04-25,1,3.0,,,,,10000057.0,10.0,R,,,,2022-04-25,,,X,,,,,,,,,,,,,,,,,,,,,,,,,,,,,,,,,,,,,,,,,,,,,,,,,,,,,I,False,2022-04-26 14:35:08.479785+00:00,88.25
100,4500000042,10,1,2022-04-25,2022-04-25,1,4.0,,,,,10000058.0,10.0,R,,,,2022-04-25,,,X,,,,,,,,,,,,,,,,,,,,,,,,,,,,,,,,,,,,,,,,,,,,,,,,,,,,,I,False,2022-04-26 14:35:08.479785+00:00,300.0
100,4500000043,10,1,2022-04-25,2022-04-25,1,5.0,,,,,10000059.0,10.0,R,,,,2022-04-25,,,X,,,,,,,,,,,,,,,,,,,,,,,,,,,,,,,,,,,,,,,,,,,,,,,,,,,,,I,False,2022-04-26 14:35:08.479785+00:00,175.75
100,4500000044,10,1,2022-04-25,2022-04-25,1,4.0,,,,,10000060.0,10.0,R,,,,2022-04-25,,,X,,,,,,,,,,,,,,,,,,,,,,,,,,,,,,,,,,,,,,,,,,,,,,,,,,,,,I,False,2022-04-26 14:35:08.479785+00:00,60.0
100,4500000045,10,1,2022-04-25,2022-04-25,1,5.0,,,,,10000061.0,10.0,R,,,,2022-04-25,,,X,,,,,,,,,,,,,,,,,,,,,,,,,,,,,,,,,,,,,,,,,,,,,,,,,,,,,I,False,2022-04-26 14:35:08.479785+00:00,430.0
100,4500000046,10,1,2022-04-25,2022-04-25,1,5.0,,,,,10000062.0,10.0,R,,,,2022-04-25,,,X,,,,,,,,,,,,,,,,,,,,,,,,,,,,,,,,,,,,,,,,,,,,,,,,,,,,,I,False,2022-04-26 14:35:08.479785+00:00,95.5
100,4500000047,10,1,2022-04-25,2022-04-25,1,5.0,,,,,10000063.0,10.0,R,,,,2022-04-25,,,X,,,,,,,,,,,,,,,,,,,,,,,,,,,,,,,,,,,,,,,,,,,,,,,,,,,,,I,False,2022-04-26 14:35:08.479785+00:00,210.0
100,4500000048,10,1,2022-04-25,2022-04-25,1,5.0,,,,,10000064.0,10.0,R,,,,2022-04-25,,,X,,,,,,,,,,,,,,,,,,,,,,,,,,,,,,,,,,,,,,,,,,,,,,,,,,,,,I,False,2022-04-26 14:35:08.479785+00:00,540.0
250,4500000700,10,1,2019-01-25,2019-01-25,1,50.0,,,,,,,R,,,,2019-01-15,,,X,,,,,,,,,,,,,,,,,,,,,,,,,,,,,,,,,,,,,,,,,,,,,,,,,,,,,I,False,2022-02-04 07:22:39.567770+00:00,100.0
250,4500000701,10,1,2019-01-25,2019-01-25,1,50.0,,,,,,,R,,,,2019-01-15,,,X,,,,,,,,,,,,,,,,,,,,,,,,,,,,,,,,,,,,,,,,,,,,,,,,,,,,,I,False,2022-02-04 07:22:39.567770+00:00,250.5
250,4500000702,10,1,2019-01-25,2019-01-25,1,50.0,,,,,,,R,,,,2019-01-15,,,X,,,,,,,,,,,,,,,,,,,,,,,,,,,,,,,,,,,,,,,,,,,,,,,,,,,,,I,False,2022-02-04 07:22:39.870467+00:00,88.25
250,4500000703,10,1,2019-01-25,2019-01-25,1,50.0,,,,,,,R,,,,2019-01-15,,,X,,,,,,,,,,,,,,,,,,,,,,,,,,,,,,,,,,,,,,,,,,,,,,,,,,,,,I,False,2022-02-04 07:22:39.870467+00:00,300.0
250,4500000704,10,1,2019-01-25,2019-01-25,1,50.0,,,,,,,R,,,,2019-01-15,,,X,,,,,,,,,,,,,,,,,,,,,,,,,,,,,,,,,,,,,,,,,,,,,,,,,,,,,I,False,2022-02-04 07:22:39.870467+00:00,175.75
250,4500000705,10,1,2019-01-25,2019-01-25,1,50.0,,,,,,,R,,,,2019-01-15,,,X,,,,,,,,,,,,,,,,,,,,,,,,,,,,,,,,,,,,,,,,,,,,,,,,,,,,,I,False,2022-02-04 07:22:40.099882+00:00,60.0
250,4500000706,10,1,2019-01-25,2019-01-25,1,50.0,,,,,,,R,,,,2019-01-15,,,X,,,,,,,,,,,,,,,,,,,,,,,,,,,,,,,,,,,,,,,,,,,,,,,,,,,,,I,False,2022-02-04 07:22:40.099882+00:00,430.0
250,4500000707,10,1,2019-01-25,2019-01-25,1,50.0,,,,,,,R,,,,2019-01-15,,,X,,,,,,,,,,,,,,,,,,,,,,,,,,,,,,,,,,,,,,,,,,,,,,,,,,,,,I,False,2022-02-04 07:22:44.360962+00:00,95.5
250,4500000708,10,1,2019-01-25,2019-01-25,1,50.0,,,,,,,R,,,,2019-01-15,,,X,,,,,,,,,,,,,,,,,,,,,,,,,,,,,,,,,,,,,,,,,,,,,,,,,,,,,I,False,2022-02-04 07:22:44.360962+00:00,210.0
250,4500000709,10,1,2019-01-25,2019-01-25,1,50.0,,,,,,,R,,,,2019-01-15,,,X,,,,,,,,,,,,,,,,,,,,,,,,,,,,,,,,,,,,,,,,,,,,,,,,,,,,,I,False,2022-02-04 07:22:44.360962+00:00,540.0
250,4500000710,10,1,2019-01-25,2019-01-25,1,50.0,,,,,,,R,,,,2019-01-15,,,X,,,,,,,,,,,,,,,,,,,,,,,,,,,,,,,,,,,,,,,,,,,,,,,,,,,,,I,False,2022-02-04 07:22:44.360962+00:00,100.0
250,4500000711,10,1,2019-01-25,2019-01-25,1,50.0,,,,,,,R,,,,2019-01-15,,,X,,,,,,,,,,,,,,,,,,,,,,,,,,,,,,,,,,,,,,,,,,,,,,,,,,,,,I,False,2022-02-04 07:22:44.360962+00:00,250.5
250,4500000712,10,1,2019-01-25,2019-01-25,1,50.0,,,,,,,R,,,,2019-01-15,,,X,,,,,,,,,,,,,,,,,,,,,,,,,,,,,,,,,,,,,,,,,,,,,,,,,,,,,I,False,2022-02-04 07:22:44.360962+00:00,88.25
250,4500000713,10,1,2019-01-25,2019-01-25,1,50.0,,,,,,,R,,,,2019-01-15,,,X,,,,,,,,,,,,,,,,,,,,,,,,,,,,,,,,,,,,,,,,,,,,,,,,,,,,,I,False,2022-02-04 07:22:44.360962+00:00,300.0
250,4500000714,10,1,2019-01-25,2019-01-25,1,50.0,,,,,,,R,,,,2019-01-15,,,X,,,,,,,,,,,,,,,,,,,,,,,,,,,,,,,,,,,,,,,,,,,,,,,,,,,,,I,False,2022-02-04 07:22:44.360962+00:00,175.75
250,4500000715,10,1,2019-01-25,2019-01-25,1,50.0,,,,,,,R,,,,2019-01-15,,,X,,,,,,,,,,,,,,,,,,,,,,,,,,,,,,,,,,,,,,,,,,,,,,,,,,,,,I,False,2022-02-04 07:22:44.360962+00:00,60.0
250,4500000716,10,1,2019-01-25,2019-01-25,1,50.0,,,,,,,R,,,,2019-01-15,,,X,,,,,,,,,,,,,,,,,,,,,,,,,,,,,,,,,,,,,,,,,,,,,,,,,,,,,I,False,2022-02-04 07:22:44.360962+00:00,430.0
250,4500000717,10,1,2019-01-25,2019-01-25,1,50.0,,,,,,,R,,,,2019-01-15,,,X,,,,,,,,,,,,,,,,,,,,,,,,,,,,,,,,,,,,,,,,,,,,,,,,,,,,,I,False,2022-02-04 07:22:44.360962+00:00,95.5
250,4500000718,10,1,2019-01-25,2019-01-25,1,50.0,,,,,,,R,,,,2019-01-15,,,X,,,,,,,,,,,,,,,,,,,,,,,,,,,,,,,,,,,,,,,,,,,,,,,,,,,,,I,False,2022-02-04 07:22:44.360962+00:00,210.0
250,4500000719,10,1,2019-01-25,2019-01-25,1,50.0,,,,,,,R,,,,2019-01-15,,,X,,,,,,,,,,,,,,,,,,,,,,,,,,,,,,,,,,,,,,,,,,,,,,,,,,,,,I,False,2022-02-04 07:22:44.360962+00:00,540.0
250,4500000720,10,1,2019-01-27,2019-01-27,1,50.0,,,,,,,R,,,,2019-01-17,,,X,,,,,,,,,,,,,,,,,,,,,,,,,,,,,,,,,,,,,,,,,,,,,,,,,,,,,I,False,2022-02-04 07:22:44.360962+00:00,100.0
250,4500000721,10,1,2019-01-27,2019-01-27,1,50.0,,,,,,,R,,,,2019-01-17,,,X,,,,,,,,,,,,,,,,,,,,,,,,,,,,,,,,,,,,,,,,,,,,,,,,,,,,,I,False,2022-02-04 07:22:44.360962+00:00,250.5
250,4500000722,10,1,2019-01-27,2019-01-27,1,50.0,,,,,,,R,,,,2019-01-17,,,X,,,,,,,,,,,,,,,,,,,,,,,,,,,,,,,,,,,,,,,,,,,,,,,,,,,,,I,False,2022-02-04 07:22:44.360962+00:00,88.25
250,4500000723,10,1,2019-01-27,2019-01-27,1,50.0,,,,,,,R,,,,2019-01-17,,,X,,,,,,,,,,,,,,,,,,,,,,,,,,,,,,,,,,,,,,,,,,,,,,,,,,,,,I,False,2022-02-04 07:22:44.360962+00:00,300.0
250,4500000724,10,1,2019-01-27,2019-01-27,1,50.0,,,,,,,R,,,,2019-01-17,,,X,,,,,,,,,,,,,,,,,,,,,,,,,,,,,,,,,,,,,,,,,,,,,,,,,,,,,I,False,2022-02-04 07:22:44.360962+00:00,175.75
250,4500000787,10,1,2019-01-27,2019-01-27,1,50.0,,,,,,,R,,,,2019-01-17,,,X,,,,,,,,,,,,,,,,,,,,,,,,,,,,,,,,,,,,,,,,,,,,,,,,,,,,,I,False,2022-02-04 07:22:48.557123+00:00,60.0
250,4500000788,10,1,2019-01-27,2019-01-27,1,50.0,,,,,,,R,,,,2019-01-17,,,X,,,,,,,,,,,,,,,,,,,,,,,,,,,,,,,,,,,,,,,,,,,,,,,,,,,,,I,False,2022-02-04 07:22:48.557123+00:00,430.0
250,4500000789,10,1,2019-01-27,2019-01-27,1,50.0,,,,,,,R,,,,2019-01-17,,,X,,,,,,,,,,,,,,,,,,,,,,,,,,,,,,,,,,,,,,,,,,,,,,,,,,,,,I,False,2022-02-04 07:22:48.557123+00:00,95.5
250,4500000790,10,1,2019-01-27,2019-01-27,1,50.0,,,,,,,R,,,,2019-01-17,,,X,,,,,,,,,,,,,,,,,,,,,,,,,,,,,,,,,,,,,,,,,,,,,,,,,,,,,I,False,2022-02-04 07:22:48.557123+00:00,210.0
250,4500000791,10,1,2019-01-27,2019-01-27,1,50.0,,,,,,,R,,,,2019-01-17,,,X,,,,,,,,,,,,,,,,,,,,,,,,,,,,,,,,,,,,,,,,,,,,,,,,,,,,,I,False,2022-02-04 07:22:48.557123+00:00,540.0
250,4500000792,10,1,2019-01-27,2019-01-27,1,50.0,,,,,,,R,,,,2019-01-17,,,X,,,,,,,,,,,,,,,,,,,,,,,,,,,,,,,,,,,,,,,,,,,,,,,,,,,,,I,False,2022-02-04 07:22:48.557123+00:00,100.0
250,4500000793,10,1,2019-01-27,2019-01-27,1,50.0,,,,,,,R,,,,2019-01-17,,,X,,,,,,,,,,,,,,,,,,,,,,,,,,,,,,,,,,,,,,,,,,,,,,,,,,,,,I,False,2022-02-04 07:22:48.557123+00:00,250.5
250,4500000794,10,1,2019-01-27,2019-01-27,1,50.0,,,,,,,R,,,,2019-01-17,,,X,,,,,,,,,,,,,,,,,,,,,,,,,,,,,,,,,,,,,,,,,,,,,,,,,,,,,I,False,2022-02-04 07:22:52.180257+00:00,88.25
250,4500000795,10,1,2019-01-27,2019-01-27,1,50.0,,,,,,,R,,,,2019-01-17,,,X,,,,,,,,,,,,,,,,,,,,,,,,,,,,,,,,,,,,,,,,,,,,,,,,,,,,,I,False,2022-02-04 07:22:52.180257+00:00,300.0
250,4500000796,10,1,2019-01-27,2019-01-27,1,50.0,,,,,,,R,,,,2019-01-17,,,X,,,,,,,,,,,,,,,,,,,,,,,,,,,,,,,,,,,,,,,,,,,,,,,,,,,,,I,False,2022-02-04 07:22:52.180257+00:00,175.75
250,4500000797,10,1,2019-01-27,2019-01-27,1,50.0,,,,,,,R,,,,2019-01-17,,,X,,,,,,,,,,,,,,,,,,,,,,,,,,,,,,,,,,,,,,,,,,,,,,,,,,,,,I,False,2022-02-04 07:22:52.180257+00:00,60.0
250,4500000798,10,1,2019-01-27,2019-01-27,1,50.0,,,,,,,R,,,,2019-01-17,,,X,,,,,,,,,,,,,,,,,,,,,,,,,,,,,,,,,,,,,,,,,,,,,,,,,,,,,I,False,2022-02-04 07:22:52.180257+00:00,430.0
250,4500000799,10,1,2019-01-27,2019-01-27,1,50.0,,,,,,,R,,,,2019-01-17,,,X,,,,,,,,,,,,,,,,,,,,,,,,,,,,,,,,,,,,,,,,,,,,,,,,,,,,,I,False,2022-02-04 07:22:52.180257+00:00,95.5
250,4500000800,10,1,2019-01-27,2019-01-27,1,50.0,,,,,,,R,,,,2019-01-17,,,X,,,,,,,,,,,,,,,,,,,,,,,,,,,,,,,,,,,,,,,,,,,,,,,,,,,,,I,False,2022-02-04 07:22:52.180257+00:00,210.0
250,4500000801,10,1,2019-01-27,2019-01-27,1,50.0,,,,,,,R,,,,2019-01-17,,,X,,,,,,,,,,,,,,,,,,,,,,,,,,,,,,,,,,,,,,,,,,,,,,,,,,,,,I,False,2022-02-04 07:22:52.180257+00:00,540.0
250,4500000756,10,1,2019-01-29,2019-01-29,1,50.0,,,,,,,R,,,,2019-01-19,,,X,,,,,,,,,,,,,,,,,,,,,,,,,,,,,,,,,,,,,,,,,,,,,,,,,,,,,I,False,2022-02-04 07:22:45.074833+00:00,100.0
250,4500000757,10,1,2019-01-29,2019-01-29,1,50.0,,,,,,,R,,,,2019-01-19,,,X,,,,,,,,,,,,,,,,,,,,,,,,,,,,,,,,,,,,,,,,,,,,,,,,,,,,,I,False,2022-02-04 07:22:45.074833+00:00,250.5
250,4500000758,10,1,2019-01-29,2019-01-29,1,50.0,,,,,,,R,,,,2019-01-19,,,X,,,,,,,,,,,,,,,,,,,,,,,,,,,,,,,,,,,,,,,,,,,,,,,,,,,,,I,False,2022-02-04 07:22:45.239616+00:00,88.25
250,4500000759,10,1,2019-01-29,2019-01-29,1,50.0,,,,,,,R,,,,2019-01-19,,,X,,,,,,,,,,,,,,,,,,,,,,,,,,,,,,,,,,,,,,,,,,,,,,,,,,,,,I,False,2022-02-04 07:22:45.239616+00:00,300.0
250,4500000802,10,1,2019-01-29,2019-01-29,1,50.0,,,,,,,R,,,,2019-01-19,,,X,,,,,,,,,,,,,,,,,,,,,,,,,,,,,,,,,,,,,,,,,,,,,,,,,,,,,I,False,2022-02-04 07:22:52.180257+00:00,175.75
250,4500000803,10,1,2019-01-29,2019-01-29,1,50.0,,,,,,,R,,,,2019-01-19,,,X,,,,,,,,,,,,,,,,,,,,,,,,,,,,,,,,,,,,,,,,,,,,,,,,,,,,,I,False,2022-02-04 07:22:52.180257+00:00,60.0
250,4500000804,10,1,2019-01-29,2019-01-29,1,50.0,,,,,,,R,,,,2019-01-19,,,X,,,,,,,,,,,,,,,,,,,,,,,,,,,,,,,,,,,,,,,,,,,,,,,,,,,,,I,False,2022-02-04 07:22:52.180257+00:00,430.0
250,4500000805,10,1,2019-01-29,2019-01-29,1,50.0,,,,,,,R,,,,2019-01-19,,,X,,,,,,,,,,,,,,,,,,,,,,,,,,,,,,,,,,,,,,,,,,,,,,,,,,,,,I,False,2022-02-04 07:22:52.180257+00:00,95.5
250,4500000806,10,1,2019-01-29,2019-01-29,1,50.0,,,,,,,R,,,,2019-01-19,,,X,,,,,,,,,,,,,,,,,,,,,,,,,,,,,,,,,,,,,,,,,,,,,,,,,,,,,I,False,2022-02-04 07:22:52.180257+00:00,210.0
250,4500000807,10,1,2019-01-29,2019-01-29,1,50.0,,,,,,,R,,,,2019-01-19,,,X,,,,,,,,,,,,,,,,,,,,,,,,,,,,,,,,,,,,,,,,,,,,,,,,,,,,,I,False,2022-02-04 07:22:52.180257+00:00,540.0
250,4500000808,10,1,2019-01-29,2019-01-29,1,50.0,,,,,,,R,,,,2019-01-19,,,X,,,,,,,,,,,,,,,,,,,,,,,,,,,,,,,,,,,,,,,,,,,,,,,,,,,,,I,False,2022-02-04 07:22:52.180257+00:00,100.0
250,4500000809,10,1,2019-01-29,2019-01-29,1,50.0,,,,,,,R,,,,2019-01-19,,,X,,,,,,,,,,,,,,,,,,,,,,,,,,,,,,,,,,,,,,,,,,,,,,,,,,,,,I,False,2022-02-04 07:22:52.180257+00:00,250.5
250,4500000810,10,1,2019-01-29,2019-01-29,1,50.0,,,,,,,R,,,,2019-01-19,,,X,,,,,,,,,,,,,,,,,,,,,,,,,,,,,,,,,,,,,,,,,,,,,,,,,,,,,I,False,2022-02-04 07:22:52.180257+00:00,88.25
250,4500000811,10,1,2019-01-29,2019-01-29,1,50.0,,,,,,,R,,,,2019-01-19,,,X,,,,,,,,,,,,,,,,,,,,,,,,,,,,,,,,,,,,,,,,,,,,,,,,,,,,,I,False,2022-02-04 07:22:52.180257+00:00,300.0
250,4500000812,10,1,2019-01-29,2019-01-29,1,50.0,,,,,,,R,,,,2019-01-19,,,X,,,,,,,,,,,,,,,,,,,,,,,,,,,,,,,,,,,,,,,,,,,,,,,,,,,,,I,False,2022-02-04 07:22:52.180257+00:00,175.75
250,4500000813,10,1,2019-01-29,2019-01-29,1,50.0,,,,,,,R,,,,2019-01-19,,,X,,,,,,,,,,,,,,,,,,,,,,,,,,,,,,,,,,,,,,,,,,,,,,,,,,,,,I,False,2022-02-04 07:22:52.180257+00:00,60.0
250,4500000814,10,1,2019-01-29,2019-01-29,1,50.0,,,,,,,R,,,,2019-01-19,,,X,,,,,,,,,,,,,,,,,,,,,,,,,,,,,,,,,,,,,,,,,,,,,,,,,,,,,I,False,2022-02-04 07:22:52.180257+00:00,430.0
250,4500000815,10,1,2019-01-29,2019-01-29,1,50.0,,,,,,,R,,,,2019-01-19,,,X,,,,,,,,,,,,,,,,,,,,,,,,,,,,,,,,,,,,,,,,,,,,,,,,,,,,,I,False,2022-02-04 07:22:52.180257+00:00,95.5
250,4500000816,10,1,2019-01-29,2019-01-29,1,50.0,,,,,,,R,,,,2019-01-19,,,X,,,,,,,,,,,,,,,,,,,,,,,,,,,,,,,,,,,,,,,,,,,,,,,,,,,,,I,False,2022-02-04 07:22:52.180257+00:00,210.0
250,4500000817,10,1,2019-01-29,2019-01-29,1,50.0,,,,,,,R,,,,2019-01-19,,,X,,,,,,,,,,,,,,,,,,,,,,,,,,,,,,,,,,,,,,,,,,,,,,,,,,,,,I,False,2022-02-04 07:22:52.180257+00:00,540.0
250,4500000600,10,1,2019-02-20,2019-02-20,1,50.0,,,,,,,R,,,,2019-02-10,,,X,,,,,,,,,,,,,,,,,,,,,,,,,,,,,,,,,,,,,,,,,,,,,,,,,,,,,I,False,2022-02-04 07:22:29.632806+00:00,100.0
250,4500000601,10,1,2019-02-20,2019-02-20,1,50.0,,,,,,,R,,,,2019-02-10,,,X,,,,,,,,,,,,,,,,,,,,,,,,,,,,,,,,,,,,,,,,,,,,,,,,,,,,,I,False,2022-02-04 07:22:29.879775+00:00,250.5
250,4500000602,10,1,2019-02-20,2019-02-20,1,50.0,,,,,,,R,,,,2019-02-10,,,X,,,,,,,,,,,,,,,,,,,,,,,,,,,,,,,,,,,,,,,,,,,,,,,,,,,,,I,False,2022-02-04 07:22:29.879775+00:00,88.25
250,4500000603,10,1,2019-02-20,2019-02-20,1,50.0,,,,,,,R,,,,2019-02-10,,,X,,,,,,,,,,,,,,,,,,,,,,,,,,,,,,,,,,,,,,,,,,,,,,,,,,,,,I,False,2022-02-04 07:22:30.061141+00:00,300.0
250,4500000604,10,1,2019-02-20,2019-02-20,1,50.0,,,,,,,R,,,,2019-02-10,,,X,,,,,,,,,,,,,,,,,,,,,,,,,,,,,,,,,,,,,,,,,,,,,,,,,,,,,I,False,2022-02-04 07:22:30.061141+00:00,175.75
250,4500000605,10,1,2019-02-20,2019-02-20,1,50.0,,,,,,,R,,,,2019-02-10,,,X,,,,,,,,,,,,,,,,,,,,,,,,,,,,,,,,,,,,,,,,,,,,,,,,,,,,,I,False,2022-02-04 07:22:30.297547+00:00,60.0
250,4500000606,10,1,2019-02-20,2019-02-20,1,50.0,,,,,,,R,,,,2019-02-10,,,X,,,,,,,,,,,,,,,,,,,,,,,,,,,,,,,,,,,,,,,,,,,,,,,,,,,,,I,False,2022-02-04 07:22:30.297547+00:00,430.0
250,4500000607,10,1,2019-02-20,2019-02-20,1,50.0,,,,,,,R,,,,2019-02-10,,,X,,,,,,,,,,,,,,,,,,,,,,,,,,,,,,,,,,,,,,,,,,,,,,,,,,,,,I,False,2022-02-04 07:22:30.506691+00:00,95.5
250,4500000608,10,1,2019-02-20,2019-02-20,1,50.0,,,,,,,R,,,,2019-02-10,,,X,,,,,,,,,,,,,,,,,,,,,,,,,,,,,,,,,,,,,,,,,,,,,,,,,,,,,I,False,2022-02-04 07:22:30.506691+00:00,210.0
250,4500000609,10,1,2019-02-20,2019-02-20,1,50.0,,,,,,,R,,,,2019-02-10,,,X,,,,,,,,,,,,,,,,,,,,,,,,,,,,,,,,,,,,,,,,,,,,,,,,,,,,,I,False,2022-02-04 07:22:30.506691+00:00,540.0
250,4500000610,10,1,2019-02-20,2019-02-20,1,50.0,,,,,,,R,,,,2019-02-10,,,X,,,,,,,,,,,,,,,,,,,,,,,,,,,,,,,,,,,,,,,,,,,,,,,,,,,,,I,False,2022-02-04 07:22:30.732591+00:00,100.0
250,4500000611,10,1,2019-02-20,2019-02-20,1,50.0,,,,,,,R,,,,2019-02-10,,,X,,,,,,,,,,,,,,,,,,,,,,,,,,,,,,,,,,,,,,,,,,,,,,,,,,,,,I,False,2022-02-04 07:22:30.732591+00:00,250.5
250,4500000693,10,1,2019-02-20,2019-02-20,1,50.0,,,,,,,R,,,,2019-02-10,,,X,,,,,,,,,,,,,,,,,,,,,,,,,,,,,,,,,,,,,,,,,,,,,,,,,,,,,I,False,2022-02-04 07:22:39.567770+00:00,88.25
250,4500000780,10,1,2019-02-20,2019-02-20,1,50.0,,,,,,,R,,,,2019-02-10,,,X,,,,,,,,,,,,,,,,,,,,,,,,,,,,,,,,,,,,,,,,,,,,,,,,,,,,,I,False,2022-02-04 07:22:47.246742+00:00,300.0
250,4500000781,10,1,2019-02-20,2019-02-20,1,50.0,,,,,,,R,,,,2019-02-10,,,X,,,,,,,,,,,,,,,,,,,,,,,,,,,,,,,,,,,,,,,,,,,,,,,,,,,,,I,False,2022-02-04 07:22:47.537033+00:00,175.75
250,4500000782,10,1,2019-02-20,2019-02-20,1,50.0,,,,,,,R,,,,2019-02-10,,,X,,,,,,,,,,,,,,,,,,,,,,,,,,,,,,,,,,,,,,,,,,,,,,,,,,,,,I,False,2022-02-04 07:22:47.537033+00:00,60.0
250,4500000783,10,1,2019-02-20,2019-02-20,1,50.0,,,,,,,R,,,,2019-02-10,,,X,,,,,,,,,,,,,,,,,,,,,,,,,,,,,,,,,,,,,,,,,,,,,,,,,,,,,I,False,2022-02-04 07:22:48.557123+00:00,430.0
250,4500000784,10,1,2019-02-20,2019-02-20,1,50.0,,,,,,,R,,,,2019-02-10,,,X,,,,,,,,,,,,,,,,,,,,,,,,,,,,,,,,,,,,,,,,,,,,,,,,,,,,,I,False,2022-02-04 07:22:48.557123+00:00,95.5
250,4500000785,10,1,2019-02-20,2019-02-20,1,50.0,,,,,,,R,,,,2019-02-10,,,X,,,,,,,,,,,,,,,,,,,,,,,,,,,,,,,,,,,,,,,,,,,,,,,,,,,,,I,False,2022-02-04 07:22:48.557123+00:00,210.0
250,4500000786,10,1,2019-02-20,2019-02-20,1,50.0,,,,,,,R,,,,2019-02-10,,,X,,,,,,,,,,,,,,,,,,,,,,,,,,,,,,,,,,,,,,,,,,,,,,,,,,,,,I,False,2022-02-04 07:22:48.557123+00:00,540.0
250,4500000583,10,1,2019-02-25,2019-02-25,1,50.0,,,,,,,R,,,,2019-02-15,,,X,,,,,,,,,,,,,,,,,,,,,,,,,,,,,,,,,,,,,,,,,,,,,,,,,,,,,I,False,2022-02-04 07:22:28.024723+00:00,100.0
250,4500000612,10,1,2019-02-25,2019-02-25,1,50.0,,,,,,,R,,,,2019-02-15,,,X,,,,,,,,,,,,,,,,,,,,,,,,,,,,,,,,,,,,,,,,,,,,,,,,,,,,,I,False,2022-02-04 07:22:30.954811+00:00,250.5
250,4500000613,10,1,2019-02-25,2019-02-25,1,50.0,,,,,,,R,,,,2019-02-15,,,X,,,,,,,,,,,,,,,,,,,,,,,,,,,,,,,,,,,,,,,,,,,,,,,,,,,,,I,False,2022-02-04 07:22:30.954811+00:00,88.25
250,4500000614,10,1,2019-02-25,2019-02-25,1,50.0,,,,,,,R,,,,2019-02-15,,,X,,,,,,,,,,,,,,,,,,,,,,,,,,,,,,,,,,,,,,,,,,,,,,,,,,,,,I,False,2022-02-04 07:22:31.188881+00:00,300.0
250,4500000615,10,1,2019-02-25,2019-02-25,1,50.0,,,,,,,R,,,,2019-02-15,,,X,,,,,,,,,,,,,,,,,,,,,,,,,,,,,,,,,,,,,,,,,,,,,,,,,,,,,I,False,2022-02-04 07:22:31.188881+00:00,175.75
250,4500000616,10,1,2019-02-25,2019-02-25,1,50.0,,,,,,,R,,,,2019-02-15,,,X,,,,,,,,,,,,,,,,,,,,,,,,,,,,,,,,,,,,,,,,,,,,,,,,,,,,,I,False,2022-02-04 07:22:31.473043+00:00,60.0
250,4500000617,10,1,2019-02-25,2019-02-25,1,50.0,,,,,,,R,,,,2019-02-15,,,X,,,,,,,,,,,,,,,,,,,,,,,,,,,,,,,,,,,,,,,,,,,,,,,,,,,,,I,False,2022-02-04 07:22:31.473043+00:00,430.0
250,4500000618,10,1,2019-02-25,2019-02-25,1,50.0,,,,,,,R,,,,2019-02-15,,,X,,,,,,,,,,,,,,,,,,,,,,,,,,,,,,,,,,,,,,,,,,,,,,,,,,,,,I,False,2022-02-04 07:22:31.473043+00:00,95.5
250,4500000619,10,1,2019-02-25,2019-02-25,1,50.0,,,,,,,R,,,,2019-02-15,,,X,,,,,,,,,,,,,,,,,,,,,,,,,,,,,,,,,,,,,,,,,,,,,,,,,,,,,I,False,2022-02-04 07:22:31.683959+00:00,210.0
250,4500000620,10,1,2019-02-25,2019-02-25,1,50.0,,,,,,,R,,,,2019-02-15,,,X,,,,,,,,,,,,,,,,,,,,,,,,,,,,,,,,,,,,,,,,,,,,,,,,,,,,,I,False,2022-02-04 07:22:31.683959+00:00,540.0
250,4500000621,10,1,2019-02-25,2019-02-25,1,50.0,,,,,,,R,,,,2019-02-15,,,X,,,,,,,,,,,,,,,,,,,,,,,,,,,,,,,,,,,,,,,,,,,,,,,,,,,,,I,False,2022-02-04 07:22:31.683959+00:00,100.0
250,4500000622,10,1,2019-02-25,2019-02-25,1,50.0,,,,,,,R,,,,2019-02-15,,,X,,,,,,,,,,,,,,,,,,,,,,,,,,,,,,,,,,,,,,,,,,,,,,,,,,,,,I,False,2022-02-04 07:22:31.882443+00:00,250.5
250,4500000623,10,1,2019-02-25,2019-02-25,1,50.0,,,,,,,R,,,,2019-02-15,,,X,,,,,,,,,,,,,,,,,,,,,,,,,,,,,,,,,,,,,,,,,,,,,,,,,,,,,I,False,2022-02-04 07:22:31.882443+00:00,88.25
250,4500000624,10,1,2019-02-25,2019-02-25,1,50.0,,,,,,,R,,,,2019-02-15,,,X,,,,,,,,,,,,,,,,,,,,,,,,,,,,,,,,,,,,,,,,,,,,,,,,,,,,,I,False,2022-02-04 07:22:32.076827+00:00,300.0
250,4500000625,10,1,2019-02-25,2019-02-25,1,50.0,,,,,,,R,,,,2019-02-15,,,X,,,,,,,,,,,,,,,,,,,,,,,,,,,,,,,,,,,,,,,,,,,,,,,,,,,,,I,False,2022-02-04 07:22:32.076827+00:00,175.75
250,4500000626,10,1,2019-02-25,2019-02-25,1,50.0,,,,,,,R,,,,2019-02-15,,,X,,,,,,,,,,,,,,,,,,,,,,,,,,,,,,,,,,,,,,,,,,,,,,,,,,,,,I,False,2022-02-04 07:22:32.982613+00:00,60.0
250,4500000627,10,1,2019-02-25,2019-02-25,1,50.0,,,,,,,R,,,,2019-02-15,,,X,,,,,,,,,,,,,,,,,,,,,,,,,,,,,,,,,,,,,,,,,,,,,,,,,,,,,I,False,2022-02-04 07:22:32.982613+00:00,430.0
250,4500000628,10,1,2019-02-25,2019-02-25,1,50.0,,,,,,,R,,,,2019-02-15,,,X,,,,,,,,,,,,,,,,,,,,,,,,,,,,,,,,,,,,,,,,,,,,,,,,,,,,,I,False,2022-02-04 07:22:32.982613+00:00,95.5
250,4500000629,10,1,2019-02-25,2019-02-25,1,50.0,,,,,,,R,,,,2019-02-15,,,X,,,,,,,,,,,,,,,,,,,,,,,,,,,,,,,,,,,,,,,,,,,,,,,,,,,,,I,False,2022-02-04 07:22:32.982613+00:00,210.0
250,4500000630,10,1,2019-02-25,2019-02-25,1,50.0,,,,,,,R,,,,2019-02-15,,,X,,,,,,,,,,,,,,,,,,,,,,,,,,,,,,,,,,,,,,,,,,,,,,,,,,,,,I,False,2022-02-04 07:22:32.982613+00:00,540.0
