mandt,kunnr,land1,name1,name2,ort01,pstlz,regio,sortl,stras,telf1,telfx,xcpdk,adrnr,mcod1,mcod2,mcod3,anred,aufsd,bahne,bahns,bbbnr,bbsnr,begru,brsch,bubkz,datlt,erdat,ernam,exabl,faksd,fiskn,knazk,knrza,konzs,ktokd,kukla,lifnr,lifsd,locco,loevm,name3,name4,niels,ort02,pfach,pstl2,counc,cityc,rpmkr,sperr,spras,stcd1,stcd2,stkza,stkzu,telbx,telf2,teltx,telx1,lzone,xzemp,vbund,stceg,dear1,dear2,dear3,dear4,dear5,gform,bran1,bran2,bran3,bran4,bran5,ekont,umsat,umjah,uwaer,jmzah,jmjah,katr1,katr2,katr3,katr4,katr5,katr6,katr7,katr8,katr9,katr10,stkzn,umsa1,txjcd,periv,abrvw,inspbydebi,inspatdebi,ktocd,pfort,werks,dtams,dtaws,duefl,hzuor,sperz,etikg,civve,milve,kdkg1,kdkg2,kdkg3,kdkg4,kdkg5,xknza,fityp,stcdt,stcd3,stcd4,stcd5,stcd6,xicms,xxipi,xsubt,cfopc,txlw1,txlw2,ccc01,ccc02,ccc03,ccc04,cassd,knurl,j_1kfrepre,j_1kftbus,j_1kftind,confs,updat,uptim,nodel,dear6,cvp_xblck,suframa,rg,exp,uf,rgdate,ric,rne,rnedate,cnae,legalnat,crtn,icmstaxpay,indtyp,tdt,comsize,decregpc,vso_r_palhgt,vso_r_pal_ul,vso_r_pk_mat,vso_r_matpal,vso_r_i_no_lyr,vso_r_one_mat,vso_r_one_sort,vso_r_uld_side,vso_r_load_pref,vso_r_dpoint,alc,pmt_office,fee_schedule,duns,duns4,sam_ue_id,sam_eft_ind,psofg,psois,pson1,pson2,pson3,psovn,psotl,psohs,psost,psoo1,psoo2,psoo3,psoo4,psoo5,operation_flag,is_deleted,recordstamp
50,0001000027,US,USA East as Inter company Customer,,Atlanta,,GA,CUSTOMER,,,,,23043,USA EAST AS INTER COMPANY,,ATLANTA,Company,,,,,,,,,,2022-01-17,SATISHE,,,,,,,1000,,,,,,,,,,,,,,,,E,,,,,,,,,,,,,,,,,,,,,,,,,,,,,,,,,,,,,,,,,,GA0000000,,,,,,,,,,X,,,,X,,,,,,,,,,,,,,,,,,,,,,,,,,,,,,,,,,,,,,,,,,,,,,,,,,,,,,,,,,,,,,,,,,,,,,,,,,,,,,,,,,U,False,2022-02-03 20:55:54.983401+00:00
50,0001000027,US,USA East as Inter company Customer,,Atlanta,,GA,CUSTOMER,,,,,23043,USA EAST AS INTER COMPANY,,ATLANTA,Company,,,,,,,,,,2022-01-17,SATISHE,,,,,,,1000,,,,,,,,,,,,,,,,E,,,,,,,,,,,C001,,,,,,,,,,,,,,,,,,,,,,,,,,,,,,,GA0000000,,,,,,,,,,X,,,,X,,,,,,,,,,,,,,,,,,,,,,,,,,,,,,,,,,,,,,,,,,,,,,,,,,,,,,,,,,,,,,,,,,,,,,,,,,,,,,,,,,U,False,2022-02-02 03:21:50.293969+00:00
50,0001000027,US,USA East as Inter company Customer,,Atlanta,,GA,CUSTOMER,,,,,23043,USA EAST AS INTER COMPANY,,ATLANTA,Company,,,,,,,,,,2022-01-17,SATISHE,,,,,,,1000,,US01V,,,,,,,,,,,,,,E,,,,,,,,,,,C001,,,,,,,,,,,,,,,,,,,,,,,,,,,,,,,GA0000000,,,,,,,,,,X,,,,X,,,,,,,,,,,,,,,,,,,,,,,,,,,,,,,,,,,,,,,,,,,,,,,,,,,,,,,,,,,,,,,,,,,,,,,,,,,,,,,,,,U,False,2022-02-04 14:44:49.485081+00:00
50,0001000027,US,US01 I/C Customer,,Atlanta,,GA,CUSTOMER,,,,,23043,US01 I/C CUSTOMER,,ATLANTA,Company,,,,,,,,,,2022-01-17,SATISHE,,,,,,,1000,,US01V,,,,,,,,,,,,,,E,,,,,,,,,,,C001,,,,,,,,,,,,,,,,,,,,,,,,,,,,,,,GA0000000,,,,,,,,,,X,,,,X,,,,,,,,,,,,,,,,,,,,,,,,,,,,,,,,,,,,,,,,,,,,,,,,,,,,,,,,,,,,,,,,,,,,,,,,,,,,,,,,,,U,False,2022-02-04 15:44:31.114220+00:00
50,0001000028,CA,customer-standard,,Toronto,,ON,CUSTOMER,,,,,23052,CUSTOMER-STANDARD,,TORONTO,Company,,,,,,,,,,2022-01-24,SATISHE,,,,,,,1000,,,,,,,,,,,,,,,,E,,,,,,,,,,,,,,,,,,,,,,,,,,,,,,,,,,,,,,,,,,CAON,,,,,,,,,,X,,,,X,,,,,,,,,,,,,,,,,,,,,,,,,,,,,,,,,,,,,,,,,,,,,,,,,,,,,,,,,,,,,,,,,,,,,,,,,,,,,,,,,,L,False,2022-01-31 20:42:04.648706+00:00
50,0001000029,CA,customer-FD,,Toronto,,ON,CUSTOMER,,,,,23053,CUSTOMER-FD,,TORONTO,Company,,,,,,,,,,2022-01-25,SATISHE,,,,,,,1000,,,,,,,,,,,,,,,,E,,,,,,,,,,,,,,,,,,,,,,,,,,,,,,,,,,,,,,,,,,CAON,,,,,,,,,,X,,,,X,,,,,,,,,,,,,,,,,,,,,,,,,,,,,,,,,,,,,,,,,,,,,,,,,,,,,,,,,,,,,,,,,,,,,,,,,,,,,,,,,,L,False,2022-01-31 20:42:04.648706+00:00
50,0001000030,CA,customer-CR,,Toronto,,ON,CUSTOMER,,,,,23054,CUSTOMER-CR,,TORONTO,Company,,,,,,,,,,2022-01-25,SATISHE,,,,,,,1000,,,,,,,,,,,,,,,,E,,,,,,,,,,,,,,,,,,,,,,,,,,,,,,,,,,,,,,,,,,CAON,,,,,,,,,,X,,,,X,,,,,,,,,,,,,,,,,,,,,,,,,,,,,,,,,,,,,,,,,,,,,,,,,,,,,,,,,,,,,,,,,,,,,,,,,,,,,,,,,,L,False,2022-01-31 20:42:04.648706+00:00
50,0001000031,CA,customer-DR,,Toronto,,ON,CUSTOMER,,,,,23055,CUSTOMER-DR,,TORONTO,Company,,,,,,,,,,2022-01-25,SATISHE,,,,,,,1000,,,,,,,,,,,,,,,,E,,,,,,,,,,,,,,,,,,,,,,,,,,,,,,,,,,,,,,,,,,CAON,,,,,,,,,,X,,,,X,,,,,,,,,,,,,,,,,,,,,,,,,,,,,,,,,,,,,,,,,,,,,,,,,,,,,,,,,,,,,,,,,,,,,,,,,,,,,,,,,,L,False,2022-01-31 20:42:04.648706+00:00
50,0001000032,CA,customer-RE,,Toronto,,ON,CUSTOMER,,,,,23056,CUSTOMER-RE,,TORONTO,Company,,,,,,,,,,2022-01-25,SATISHE,,,,,,,1000,,,,,,,,,,,,,,,,E,,,,,,,,,,,,,,,,,,,,,,,,,,,,,,,,,,,,,,,,,,CAON,,,,,,,,,,X,,,,X,,,,,,,,,,,,,,,,,,,,,,,,,,,,,,,,,,,,,,,,,,,,,,,,,,,,,,,,,,,,,,,,,,,,,,,,,,,,,,,,,,L,False,2022-01-31 20:42:04.648706+00:00
50,0001000033,CA,customer-inv,,Toronto,,ON,CUSTOMER,,,,,23057,CUSTOMER-INV,,TORONTO,Company,,,,,,,,,,2022-01-25,SATISHE,,,,,,,1000,,,,,,,,,,,,,,,,E,,,,,,,,,,,,,,,,,,,,,,,,,,,,,,,,,,,,,,,,,,CAON,,,,,,,,,,X,,,,X,,,,,,,,,,,,,,,,,,,,,,,,,,,,,,,,,,,,,,,,,,,,,,,,,,,,,,,,,,,,,,,,,,,,,,,,,,,,,,,,,,L,False,2022-01-31 20:42:04.648706+00:00
50,0001000034,CA,customer-inv,,Toronto,,ON,CUSTOMER,,,,,23058,CUSTOMER-INV,,TORONTO,Company,,,,,,,,,,2022-01-25,SATISHE,,,,,,,1000,,,,,,,,,,,,,,,,E,,,,,,,,,,,,,,,,,,,,,,,,,,,,,,,,,,,,,,,,,,CAON,,,,,,,,,,X,,,,X,,,,,,,,,,,,,,,,,,,,,,,,,,,,,,,,,,,,,,,,,,,,,,,,,,,,,,,,,,,,,,,,,,,,,,,,,,,,,,,,,,L,False,2022-01-31 20:42:04.648706+00:00
50,0001000035,CA,customer-thirdparty,,Toronto,,ON,CUSTOMER,,,,,23059,CUSTOMER-THIRDPARTY,,TORONTO,Company,,,,,,,,,,2022-01-25,SATISHE,,,,,,,1000,,,,,,,,,,,,,,,,E,,,,,,,,,,,,,,,,,,,,,,,,,,,,,,,,,,,,,,,,,,CAON,,,,,,,,,,X,,,,X,,,,,,,,,,,,,,,,,,,,,,,,,,,,,,,,,,,,,,,,,,,,,,,,,,,,,,,,,,,,,,,,,,,,,,,,,,,,,,,,,,L,False,2022-01-31 20:42:04.648706+00:00
50,0001000027,US,US01 I/C Customer,,Atlanta,,GA,CUSTOMER,,,,,23043,US01 I/C CUSTOMER,,ATLANTA,Company,,,,,,,,,,2022-01-17,SATISHE,,,,,,,1000,,US01V,,,,,,,,,,,,,,E,,,,,,,,,1.0,,C001,,,,,,,,,,,,,,,,,,,,,,,,,,,,,,,GA0000000,,,,,,,,,,X,,,,X,,,,,,,,,,,,,,,,,,,,,,,,,,,,,,,,,,,,,,,,,,,,,,,,,,,,,,,,,,,,,,,,,,,,,,,,,,,,,,,,,,U,False,2022-03-04 19:18:38.290383+00:00
100,0001000027,US,US01 I/C Customer,,Atlanta,,GA,CUSTOMER,,,,,23043,US01 I/C CUSTOMER,,ATLANTA,Company,,,,,,,,,,2022-01-17,SATISHE,,,,,,,1000,,US01V,,,,,,,,,,,,,,E,,,,,,,,,1.0,,C001,,,,,,,,,,,,,,,,,,,,,,,,,,,,,,,GA0000000,,,,,,,,,,X,,,,X,,,,,,,,,,,,,,,,,,,,,,,,,,,,,,,,,,,,,,,,,,,,,,,,,,,,,,,,,,,,,,,,,,,,,,,,,,,,,,,,,,I,False,2022-04-21 14:55:05.064935+00:00
50,0001000028,CA,customer-CA-Ontario,,Toronto,,ON,CUSTOMER,,,,,23052,CUSTOMER-CA-ONTARIO,,TORONTO,Company,,,,,,,,,,2022-01-24,SATISHE,,,,,,,1000,,,,,,,,,,,,,,,,E,,,,,,,,,1.0,,,,,,,,,,,,,,,,,,,,,,,,,,,,,,,,,CAON,,,,,,,,,,X,,,,X,,,,,,,,,,,,,,,,,,,,,,,,,,,,,,,,,,,,,,,,,,,,,,,,,,,,,,,,,,,,,,,,,,,,,,,,,,,,,,,,,,U,False,2022-03-04 19:19:31.769163+00:00
50,0001000028,CA,Customer-Fredericton,,Fredericton,,NB,FREDERICTO,,,,,23052,CUSTOMER-FREDERICTON,,FREDERICTON,Company,,,,,,,,,,2022-01-24,SATISHE,,,,,,,1000,,,,,,,,,,,,,,,,E,,,,,,,,,1.0,,,,,,,,,,,,,,,,,,,,,,,,,,,,,,,,,CAON,,,,,,,,,,X,,,,X,,,,,,,,,,,,,,,,,,,,,,,,,,,,,,,,,,,,,,,,,,,,,,,,,,,,,,,,,,,,,,,,,,,,,,,,,,,,,,,,,,U,False,2022-03-29 07:27:46.479970+00:00
100,0001000028,CA,Customer-Fredericton,,Fredericton,,NB,FREDERICTO,,,,,23052,CUSTOMER-FREDERICTON,,FREDERICTON,Company,,,,,,,,,,2022-01-24,SATISHE,,,,,,,1000,,,,,,,,,,,,,,,,E,,,,,,,,,1.0,,,,,,,,,,,,,,,,,,,,,,,,,,,,,,,,,CAON,,,,,,,,,,X,,,,X,,,,,,,,,,,,,,,,,,,,,,,,,,,,,,,,,,,,,,,,,,,,,,,,,,,,,,,,,,,,,,,,,,,,,,,,,,,,,,,,,,I,False,2022-04-21 14:55:05.064935+00:00
50,0001000029,CA,customer-CA-Nunavut,,Nunavut,,NU,CUSTOMER,,,,,23053,CUSTOMER-CA-NUNAVUT,,NUNAVUT,Company,,,,,,,,,,2022-01-25,SATISHE,,,,,,,1000,,,,,,,,,,,,,,,,E,,,,,,,,,1.0,,,,,,,,,,,,,,,,,,,,,,,,,,,,,,,,,CAON,,,,,,,,,,X,,,,X,,,,,,,,,,,,,,,,,,,,,,,,,,,,,,,,,,,,,,,,,,,,,,,,,,,,,,,,,,,,,,,,,,,,,,,,,,,,,,,,,,U,False,2022-03-04 19:20:26.520823+00:00
50,0001000029,CA,customer-Halifax,,Halifax,,NS,HALIFAX,,,,,23053,CUSTOMER-HALIFAX,,HALIFAX,Company,,,,,,,,,,2022-01-25,SATISHE,,,,,,,1000,,,,,,,,,,,,,,,,E,,,,,,,,,1.0,,,,,,,,,,,,,,,,,,,,,,,,,,,,,,,,,CAON,,,,,,,,,,X,,,,X,,,,,,,,,,,,,,,,,,,,,,,,,,,,,,,,,,,,,,,,,,,,,,,,,,,,,,,,,,,,,,,,,,,,,,,,,,,,,,,,,,U,False,2022-03-29 07:28:43.346635+00:00
100,0001000029,CA,customer-Halifax,,Halifax,,NS,HALIFAX,,,,,23053,CUSTOMER-HALIFAX,,HALIFAX,Company,,,,,,,,,,2022-01-25,SATISHE,,,,,,,1000,,,,,,,,,,,,,,,,E,,,,,,,,,1.0,,,,,,,,,,,,,,,,,,,,,,,,,,,,,,,,,CAON,,,,,,,,,,X,,,,X,,,,,,,,,,,,,,,,,,,,,,,,,,,,,,,,,,,,,,,,,,,,,,,,,,,,,,,,,,,,,,,,,,,,,,,,,,,,,,,,,,I,False,2022-04-21 14:55:05.064935+00:00
50,0001000030,CA,customer-CA- Alberta,,,,AB,CUSTOMER,,,,,23054,CUSTOMER-CA- ALBERTA,,,Company,,,,,,,,,,2022-01-25,SATISHE,,,,,,,1000,,,,,,,,,,,,,,,,E,,,,,,,,,1.0,,,,,,,,,,,,,,,,,,,,,,,,,,,,,,,,,CAON,,,,,,,,,,X,,,,X,,,,,,,,,,,,,,,,,,,,,,,,,,,,,,,,,,,,,,,,,,,,,,,,,,,,,,,,,,,,,,,,,,,,,,,,,,,,,,,,,,U,False,2022-03-04 19:21:30.459361+00:00
50,0001000030,CA,customer-Iqaluit,,,,NU,IQALUIT,,,,,23054,CUSTOMER-IQALUIT,,,Company,,,,,,,,,,2022-01-25,SATISHE,,,,,,,1000,,,,,,,,,,,,,,,,E,,,,,,,,,1.0,,,,,,,,,,,,,,,,,,,,,,,,,,,,,,,,,CAON,,,,,,,,,,X,,,,X,,,,,,,,,,,,,,,,,,,,,,,,,,,,,,,,,,,,,,,,,,,,,,,,,,,,,,,,,,,,,,,,,,,,,,,,,,,,,,,,,,U,False,2022-03-29 07:29:20.666382+00:00
100,0001000030,CA,customer-Iqaluit,,,,NU,IQALUIT,,,,,23054,CUSTOMER-IQALUIT,,,Company,,,,,,,,,,2022-01-25,SATISHE,,,,,,,1000,,,,,,,,,,,,,,,,E,,,,,,,,,1.0,,,,,,,,,,,,,,,,,,,,,,,,,,,,,,,,,CAON,,,,,,,,,,X,,,,X,,,,,,,,,,,,,,,,,,,,,,,,,,,,,,,,,,,,,,,,,,,,,,,,,,,,,,,,,,,,,,,,,,,,,,,,,,,,,,,,,,I,False,2022-04-21 14:55:05.064935+00:00
50,0001000031,CA,customer-CA-British Columbia,,,,BC,CUSTOMER,,,,,23055,CUSTOMER-CA-BRITISH COLUM,,,Company,,,,,,,,,,2022-01-25,SATISHE,,,,,,,1000,,,,,,,,,,,,,,,,E,,,,,,,,,1.0,,,,,,,,,,,,,,,,,,,,,,,,,,,,,,,,,CAON,,,,,,,,,,X,,,,X,,,,,,,,,,,,,,,,,,,,,,,,,,,,,,,,,,,,,,,,,,,,,,,,,,,,,,,,,,,,,,,,,,,,,,,,,,,,,,,,,,U,False,2022-03-04 19:22:26.122366+00:00
50,0001000031,CA,customer-Toronto,,Toronto,,ON,TORONTO,,,,,23055,CUSTOMER-TORONTO,,TORONTO,Company,,,,,,,,,,2022-01-25,SATISHE,,,,,,,1000,,,,,,,,,,,,,,,,E,,,,,,,,,1.0,,,,,,,,,,,,,,,,,,,,,,,,,,,,,,,,,CAON,,,,,,,,,,X,,,,X,,,,,,,,,,,,,,,,,,,,,,,,,,,,,,,,,,,,,,,,,,,,,,,,,,,,,,,,,,,,,,,,,,,,,,,,,,,,,,,,,,U,False,2022-03-29 07:30:03.386615+00:00
100,0001000031,CA,customer-Toronto,,Toronto,,ON,TORONTO,,,,,23055,CUSTOMER-TORONTO,,TORONTO,Company,,,,,,,,,,2022-01-25,SATISHE,,,,,,,1000,,,,,,,,,,,,,,,,E,,,,,,,,,1.0,,,,,,,,,,,,,,,,,,,,,,,,,,,,,,,,,CAON,,,,,,,,,,X,,,,X,,,,,,,,,,,,,,,,,,,,,,,,,,,,,,,,,,,,,,,,,,,,,,,,,,,,,,,,,,,,,,,,,,,,,,,,,,,,,,,,,,I,False,2022-04-21 14:55:05.064935+00:00
50,0001000033,CA,customer-CA-New Brunswick,,New Brunswick,,NB,CUSTOMER,,,,,23057,CUSTOMER-CA-NEW BRUNSWICK,,NEW BRUNSWICK,Company,,,,,,,,,,2022-01-25,SATISHE,,,,,,,1000,,,,,,,,,,,,,,,,E,,,,,,,,,1.0,,,,,,,,,,,,,,,,,,,,,,,,,,,,,,,,,CAON,,,,,,,,,,X,,,,X,,,,,,,,,,,,,,,,,,,,,,,,,,,,,,,,,,,,,,,,,,,,,,,,,,,,,,,,,,,,,,,,,,,,,,,,,,,,,,,,,,U,False,2022-03-04 19:24:23.489518+00:00
50,0001000033,CA,customer-New Brunswick,,Fredericton,,NB,NEW BRUNSW,,,,,23057,CUSTOMER-NEW BRUNSWICK,,FREDERICTON,Company,,,,,,,,,,2022-01-25,SATISHE,,,,,,,1000,,,,,,,,,,,,,,,,E,,,,,,,,,1.0,,,,,,,,,,,,,,,,,,,,,,,,,,,,,,,,,CAON,,,,,,,,,,X,,,,X,,,,,,,,,,,,,,,,,,,,,,,,,,,,,,,,,,,,,,,,,,,,,,,,,,,,,,,,,,,,,,,,,,,,,,,,,,,,,,,,,,U,False,2022-03-29 07:31:50.053446+00:00
100,0001000033,CA,customer-New Brunswick,,Fredericton,,NB,NEW BRUNSW,,,,,23057,CUSTOMER-NEW BRUNSWICK,,FREDERICTON,Company,,,,,,,,,,2022-01-25,SATISHE,,,,,,,1000,,,,,,,,,,,,,,,,E,,,,,,,,,1.0,,,,,,,,,,,,,,,,,,,,,,,,,,,,,,,,,CAON,,,,,,,,,,X,,,,X,,,,,,,,,,,,,,,,,,,,,,,,,,,,,,,,,,,,,,,,,,,,,,,,,,,,,,,,,,,,,,,,,,,,,,,,,,,,,,,,,,I,False,2022-04-21 14:55:05.064935+00:00
50,0001000034,CA,customer-CA-Nova Scotia,,,,NS,CUSTOMER,,,,,23058,CUSTOMER-CA-NOVA SCOTIA,,,Company,,,,,,,,,,2022-01-25,SATISHE,,,,,,,1000,,,,,,,,,,,,,,,,E,,,,,,,,,1.0,,,,,,,,,,,,,,,,,,,,,,,,,,,,,,,,,CAON,,,,,,,,,,X,,,,X,,,,,,,,,,,,,,,,,,,,,,,,,,,,,,,,,,,,,,,,,,,,,,,,,,,,,,,,,,,,,,,,,,,,,,,,,,,,,,,,,,U,False,2022-03-04 19:25:29.502503+00:00
50,0001000034,CA,customer-Nova Scotia,,Halifax,,NS,NOVA SCOTI,,,,,23058,CUSTOMER-NOVA SCOTIA,,HALIFAX,Company,,,,,,,,,,2022-01-25,SATISHE,,,,,,,1000,,,,,,,,,,,,,,,,E,,,,,,,,,1.0,,,,,,,,,,,,,,,,,,,,,,,,,,,,,,,,,CAON,,,,,,,,,,X,,,,X,,,,,,,,,,,,,,,,,,,,,,,,,,,,,,,,,,,,,,,,,,,,,,,,,,,,,,,,,,,,,,,,,,,,,,,,,,,,,,,,,,U,False,2022-03-29 07:32:31.195279+00:00
100,0001000034,CA,customer-Nova Scotia,,Halifax,,NS,NOVA SCOTI,,,,,23058,CUSTOMER-NOVA SCOTIA,,HALIFAX,Company,,,,,,,,,,2022-01-25,SATISHE,,,,,,,1000,,,,,,,,,,,,,,,,E,,,,,,,,,1.0,,,,,,,,,,,,,,,,,,,,,,,,,,,,,,,,,CAON,,,,,,,,,,X,,,,X,,,,,,,,,,,,,,,,,,,,,,,,,,,,,,,,,,,,,,,,,,,,,,,,,,,,,,,,,,,,,,,,,,,,,,,,,,,,,,,,,,I,False,2022-04-21 14:55:05.064935+00:00
50,0001000056,CA,customer-CA-Ontario,,Ontario,80001,ON,ONTARIO,,,,,23146,CUSTOMER-CA-ONTARIO,,ONTARIO,Company,,,,,,,,,,2022-03-12,SATISHE,X,,,,,,1000,2.0,,,,,,,1.0,,112.0,50003.0,,,,,E,,,,,,,,,1.0,,,,,,,,,,,,,,,,,,,,,,,,,,,,,,,,,CAON,,,,,,,,,,X,,,,X,,,,,,,,,,,,,,,,,,,,,,,,,,,,,,,,,,,,,,,,,,,,,,,,,,,,,,,,,,,,,,,,,,,,,,,,,,,,,,,,,,I,False,2022-03-17 18:12:54.204099+00:00
50,0001000056,CA,customer-Ontario,,Toronto,80001,ON,ONTARIO,,,,,23146,CUSTOMER-ONTARIO,,TORONTO,Company,,,,,,,,,,2022-03-12,SATISHE,X,,,,,,1000,2.0,,,,,,,1.0,,112.0,50003.0,,,,,E,,,,,,,,,1.0,,,,,,,,,,,,,,,,,,,,,,,,,,,,,,,,,CAON,,,,,,,,,,X,,,,X,,,,,,,,,,,,,,,,,,,,,,,,,,,,,,,,,,,,,,,,,,,,,,,,,,,,,,,,,,,,,,,,,,,,,,,,,,,,,,,,,,U,False,2022-03-29 07:35:45.852600+00:00
100,0001000056,CA,customer-Ontario,,Toronto,80001,ON,ONTARIO,,,,,23146,CUSTOMER-ONTARIO,,TORONTO,Company,,,,,,,,,,2022-03-12,SATISHE,X,,,,,,1000,2.0,,,,,,,1.0,,112.0,50003.0,,,,,E,,,,,,,,,1.0,,,,,,,,,,,,,,,,,,,,,,,,,,,,,,,,,CAON,,,,,,,,,,X,,,,X,,,,,,,,,,,,,,,,,,,,,,,,,,,,,,,,,,,,,,,,,,,,,,,,,,,,,,,,,,,,,,,,,,,,,,,,,,,,,,,,,,I,False,2022-04-21 14:55:05.064935+00:00
50,0001000059,CA,customer-EXPORT,,Ontario,80001,ON,CANADA,,,,,23155,CUSTOMER-EXPORT,,ONTARIO,Company,,,,,,,,,,2022-03-18,SATISHE,,,,,,,1000,,,,,,,,,,,,,,,,E,,,,,,,,,1.0,,,,,,,,,,,,,,,,,,,,,,,,,,,,,,,,,CAON,,,,,,,,,,X,,,,X,,,,,,,,,,,,,,,,,,,,,,,,,,,,,,,,,,,,,,,,,,,,,,,,,,,,,,,,,,,,,,,,,,,,,,,,,,,,,,,,,,I,False,2022-03-18 11:08:18.322396+00:00
100,0001000059,CA,customer-EXPORT,,Ontario,80001,ON,CANADA,,,,,23155,CUSTOMER-EXPORT,,ONTARIO,Company,,,,,,,,,,2022-03-18,SATISHE,,,,,,,1000,,,,,,,,,,,,,,,,E,,,,,,,,,1.0,,,,,,,,,,,,,,,,,,,,,,,,,,,,,,,,,CAON,,,,,,,,,,X,,,,X,,,,,,,,,,,,,,,,,,,,,,,,,,,,,,,,,,,,,,,,,,,,,,,,,,,,,,,,,,,,,,,,,,,,,,,,,,,,,,,,,,I,False,2022-04-21 14:55:05.064935+00:00
50,0001100002,CA,customer-EXPORT,,Ontario,,ON,CANADA,,,,,23158,CUSTOMER-EXPORT,,ONTARIO,Company,,,,,,,,,,2022-03-18,SATISHE,,,,,,,1100,,,,,,,,,,,,,,,,E,,,,,,,,,1.0,,,,,,,,,,,,,,,,,,,,,,,,,,,,,,,,,CAON,,,,,,,,,,X,,,,X,,,,,,,,,,,,,,,,,,,,,,,,,,,,,,,,,,,,,,,,,,,,,,,,,,,,,,,,,,,,,,,,,,,,,,,,,,,,,,,,,,I,False,2022-03-18 11:41:43.250615+00:00
100,0001100002,CA,customer-EXPORT,,Ontario,,ON,CANADA,,,,,23158,CUSTOMER-EXPORT,,ONTARIO,Company,,,,,,,,,,2022-03-18,SATISHE,,,,,,,1100,,,,,,,,,,,,,,,,E,,,,,,,,,1.0,,,,,,,,,,,,,,,,,,,,,,,,,,,,,,,,,CAON,,,,,,,,,,X,,,,X,,,,,,,,,,,,,,,,,,,,,,,,,,,,,,,,,,,,,,,,,,,,,,,,,,,,,,,,,,,,,,,,,,,,,,,,,,,,,,,,,,I,False,2022-04-21 14:55:05.064935+00:00
50,0001000032,CA,customer-CA-Manitoba,,,,MB,CUSTOMER,,,,,23056,CUSTOMER-CA-MANITOBA,,,Company,,,,,,,,,,2022-01-25,SATISHE,,,,,,,1000,,,,,,,,,,,,,,,,E,,,,,,,,,2.0,,,,,,,,,,,,,,,,,,,,,,,,,,,,,,,,,CAON,,,,,,,,,,X,,,,X,,,,,,,,,,,,,,,,,,,,,,,,,,,,,,,,,,,,,,,,,,,,,,,,,,,,,,,,,,,,,,,,,,,,,,,,,,,,,,,,,,U,False,2022-03-04 19:23:37.095553+00:00
50,0001000032,CA,Customer-Yellowknife,,Yellowknife,,NT,YELLOWKNIF,,,,,23056,CUSTOMER-YELLOWKNIFE,,YELLOWKNIFE,Company,,,,,,,,,,2022-01-25,SATISHE,,,,,,,1000,,,,,,,,,,,,,,,,E,,,,,,,,,2.0,,,,,,,,,,,,,,,,,,,,,,,,,,,,,,,,,CAON,,,,,,,,,,X,,,,X,,,,,,,,,,,,,,,,,,,,,,,,,,,,,,,,,,,,,,,,,,,,,,,,,,,,,,,,,,,,,,,,,,,,,,,,,,,,,,,,,,U,False,2022-03-29 07:30:57.833343+00:00
100,0001000032,CA,Customer-Yellowknife,,Yellowknife,,NT,YELLOWKNIF,,,,,23056,CUSTOMER-YELLOWKNIFE,,YELLOWKNIFE,Company,,,,,,,,,,2022-01-25,SATISHE,,,,,,,1000,,,,,,,,,,,,,,,,E,,,,,,,,,2.0,,,,,,,,,,,,,,,,,,,,,,,,,,,,,,,,,CAON,,,,,,,,,,X,,,,X,,,,,,,,,,,,,,,,,,,,,,,,,,,,,,,,,,,,,,,,,,,,,,,,,,,,,,,,,,,,,,,,,,,,,,,,,,,,,,,,,,I,False,2022-04-21 14:55:05.064935+00:00
50,0001000035,CA,customer-CA-Nova Scotia,,Nova Scotia,,NS,CUSTOMER,,,,,23059,CUSTOMER-CA-NOVA SCOTIA,,NOVA SCOTIA,Company,,,,,,,,,,2022-01-25,SATISHE,,,,,,,1000,,,,,,,,,,,,,,,,E,,,,,,,,,2.0,,,,,,,,,,,,,,,,,,,,,,,,,,,,,,,,,CAON,,,,,,,,,,X,,,,X,,,,,,,,,,,,,,,,,,,,,,,,,,,,,,,,,,,,,,,,,,,,,,,,,,,,,,,,,,,,,,,,,,,,,,,,,,,,,,,,,,U,False,2022-03-04 19:26:21.891596+00:00
50,0001000035,CA,customer-Nunavut,,Iqaluit,,NU,NUNAVUT,,,,,23059,CUSTOMER-NUNAVUT,,IQALUIT,Company,,,,,,,,,,2022-01-25,SATISHE,,,,,,,1000,,,,,,,,,,,,,,,,E,,,,,,,,,2.0,,,,,,,,,,,,,,,,,,,,,,,,,,,,,,,,,CAON,,,,,,,,,,X,,,,X,,,,,,,,,,,,,,,,,,,,,,,,,,,,,,,,,,,,,,,,,,,,,,,,,,,,,,,,,,,,,,,,,,,,,,,,,,,,,,,,,,U,False,2022-03-29 07:33:46.193219+00:00
100,0001000035,CA,customer-Nunavut,,Iqaluit,,NU,NUNAVUT,,,,,23059,CUSTOMER-NUNAVUT,,IQALUIT,Company,,,,,,,,,,2022-01-25,SATISHE,,,,,,,1000,,,,,,,,,,,,,,,,E,,,,,,,,,2.0,,,,,,,,,,,,,,,,,,,,,,,,,,,,,,,,,CAON,,,,,,,,,,X,,,,X,,,,,,,,,,,,,,,,,,,,,,,,,,,,,,,,,,,,,,,,,,,,,,,,,,,,,,,,,,,,,,,,,,,,,,,,,,,,,,,,,,I,False,2022-04-21 14:55:05.064935+00:00
50,0001000050,CA,CUSTOMER03,,Ontario,50001,ON,CUSTOMER,123 Cooper,(760) 360-6900,(760) 360-6900,,23125,CUSTOMER03,,ONTARIO,Company,,,,,,,,,,2022-03-07,SATISHE,X,,,,,,1000,,,,,,,,,,113.0,50001.0,,,,,E,,,,,,8099121212.0,,,2.0,,,,,,,,,,,,,,,,,,,,,,,,,,,,,,,,,CAON,,,,,,,,,,X,,,,X,,,,,,,,,,,,,,,,,,,,,,,,,,,,,,,,,,,,,,,,,,,,,,,,,,,,,,,,,,,,,,,,,,,,,,,,,,,,,,,,,,I,False,2022-03-07 10:45:15.074206+00:00
50,0001000050,CA,CUSTOMER-North West Territory,,Yellowknife,50001,NT,NORTH WEST,123 Cooper,(760) 360-6900,(760) 360-6900,,23125,CUSTOMER-NORTH WEST TERRI,,YELLOWKNIFE,Company,,,,,,,,,,2022-03-07,SATISHE,X,,,,,,1000,,,,,,,,,,113.0,50001.0,,,,,E,,,,,,8099121212.0,,,2.0,,,,,,,,,,,,,,,,,,,,,,,,,,,,,,,,,CAON,,,,,,,,,,X,,,,X,,,,,,,,,,,,,,,,,,,,,,,,,,,,,,,,,,,,,,,,,,,,,,,,,,,,,,,,,,,,,,,,,,,,,,,,,,,,,,,,,,U,False,2022-03-29 07:35:03.082599+00:00
100,0001000050,CA,CUSTOMER-North West Territory,,Yellowknife,50001,NT,NORTH WEST,123 Cooper,(760) 360-6900,(760) 360-6900,,23125,CUSTOMER-NORTH WEST TERRI,,YELLOWKNIFE,Company,,,,,,,,,,2022-03-07,SATISHE,X,,,,,,1000,,,,,,,,,,113.0,50001.0,,,,,E,,,,,,8099121212.0,,,2.0,,,,,,,,,,,,,,,,,,,,,,,,,,,,,,,,,CAON,,,,,,,,,,X,,,,X,,,,,,,,,,,,,,,,,,,,,,,,,,,,,,,,,,,,,,,,,,,,,,,,,,,,,,,,,,,,,,,,,,,,,,,,,,,,,,,,,,I,False,2022-04-21 14:55:05.064935+00:00
200,0000400448,US,Dan Wayne,,DALLAS,,TX,,,,,,35441,DAN WAYNE,,DALLAS,Mr.,,,,0.0,0.0,,,0.0,0.0,2007-06-28,UNICORN,,,0.0,0.0,,,ZAG2,,,,,,,,,COLLIN,,,,,0.0,0.0,E,,,0.0,,0.0,,0.0,,,,,,,,,0.0,0.0,,,0.0,0.0,0.0,0.0,0.0,0.0,0.0,,0.0,0.0,0.0,0.0,0.0,0.0,0.0,0.0,0.0,0.0,0.0,0.0,,,4408507601,0.0,0.0,0.0,,,,,0.0,0.0,X,0.0,0.0,0.0,X,0.0,0.0,0.0,0.0,0.0,0.0,0.0,,,,0.0,0.0,,,,,,,,0.0,0.0,0.0,0.0,,,,,,0.0,,,,,,,,,,,0.0,,,,0.0,,,,,,,,,,,0.0,,,0.0,0.0,,,,,,,,,,,,,,,,,,,,,,,I,False,2021-03-31 02:45:33+00:00
200,TP-CUST1,US,Jen Cliffors,,TEMPE,85280,AZ,TPVS,200 Sandy Road,,,,37053,JEN CLIFFORS,,TEMPE,Company,,,,0.0,0.0,,,0.0,0.0,2007-09-06,UNICORN,,,0.0,0.0,,,ZAPO,,,,,,,,,MARICOPA,,,,,0.0,0.0,E,,,0.0,,0.0,,0.0,,2.0,,,,,,,0.0,0.0,,,0.0,0.0,0.0,0.0,0.0,0.0,0.0,,0.0,0.0,0.0,0.0,0.0,0.0,0.0,0.0,0.0,0.0,0.0,0.0,,,0301302901,0.0,0.0,0.0,,,,,0.0,0.0,X,0.0,0.0,0.0,X,0.0,0.0,0.0,0.0,0.0,0.0,0.0,,,,0.0,0.0,,,,,,,,0.0,0.0,0.0,0.0,,,,,,0.0,,,,,,,,,,,0.0,,,,0.0,,,,,,,,,,,0.0,,,0.0,0.0,,,,,,,,,,,,,,,,,,,,,,,I,False,2021-03-31 02:45:49+00:00
200,CUST1,US,Big Market,,New York,10001,NY,,201 Sandy Road,,,,15136,BIG MARKET,,,,,,,1.0,1.0,,,0.0,0.0,2006-10-26,UNICORN,,,0.0,0.0,,,0001,3.0,,,,,,,,,,,,,0.0,0.0,E,,,0.0,,,,,,,,,,,,,0.0,0.0,,,0.0,0.0,0.0,0.0,0.0,0.0,1.0,,1.0,1.0,0.0,0.0,0.0,0.0,0.0,0.0,0.0,0.0,0.0,0.0,,,4803306502,0.0,0.0,0.0,,,,,0.0,0.0,X,1.0,0.0,0.0,X,0.0,0.0,0.0,0.0,0.0,0.0,0.0,,,,0.0,0.0,,,,,,,,0.0,0.0,0.0,0.0,,,,,,0.0,,,,,,,,,,,1.0,,,,1.0,,,,,,,,,,,0.0,,,0.0,0.0,,,,,,,,,,,,,,,,,,,,,,,I,False,2021-04-01 02:45:49+00:00
200,CUST6,US,Dorla Marchak Inc,,New York,10001,NY,,201 Sandy Road,,,,15141,,,,,,,,1.0,1.0,,,0.0,0.0,2006-10-26,UNICORN,,,0.0,0.0,,,0001,3.0,,,,,,,,,,,,,0.0,0.0,E,,,0.0,,,,,,,,,,,,,0.0,0.0,,,0.0,0.0,0.0,0.0,0.0,0.0,1.0,,1.0,1.0,0.0,0.0,0.0,0.0,0.0,0.0,0.0,0.0,0.0,0.0,,,4803306502,0.0,0.0,0.0,,,,,0.0,0.0,X,1.0,0.0,0.0,X,0.0,0.0,0.0,0.0,0.0,0.0,0.0,,,,0.0,0.0,,,,,,,,0.0,0.0,0.0,0.0,,,,,,0.0,,,,,,,,,,,1.0,,,,1.0,,,,,,,,,,,0.0,,,0.0,0.0,,,,,,,,,,,,,,,,,,,,,,,I,False,2021-04-01 02:45:49+00:00
200,CUST7,US,Starla Montiero Co,,Chicago,60007,IL,,36 State St.,,,,15142,,,,,,,,2.0,2.0,,,0.0,0.0,2006-10-27,UNICORN,,,0.0,0.0,,,0001,8.0,,,,,,,,,,,,,0.0,0.0,E,,,0.0,,,,,,,,,,,,,0.0,0.0,,,0.0,0.0,0.0,0.0,0.0,0.0,2.0,,2.0,2.0,0.0,0.0,0.0,0.0,0.0,0.0,0.0,0.0,0.0,0.0,,,4803306503,0.0,0.0,0.0,,,,,0.0,0.0,X,2.0,0.0,0.0,X,0.0,0.0,0.0,0.0,0.0,0.0,0.0,,,,0.0,0.0,,,,,,,,0.0,0.0,0.0,0.0,,,,,,0.0,,,,,,,,,,,2.0,,,,2.0,,,,,,,,,,,0.0,,,0.0,0.0,,,,,,,,,,,,,,,,,,,,,,,I,False,2021-04-02 02:45:49+00:00
200,CUST2,US,Supersized,,Chicago,60007,IL,,36 State St.,,,,15137,SUPERSIZED,,,,,,,2.0,2.0,,,0.0,0.0,2006-10-27,UNICORN,,,0.0,0.0,,,0001,8.0,,,,,,,,,,,,,0.0,0.0,E,,,0.0,,,,,,,,,,,,,0.0,0.0,,,0.0,0.0,0.0,0.0,0.0,0.0,2.0,,2.0,2.0,0.0,0.0,0.0,0.0,0.0,0.0,0.0,0.0,0.0,0.0,,,4803306503,0.0,0.0,0.0,,,,,0.0,0.0,X,2.0,0.0,0.0,X,0.0,0.0,0.0,0.0,0.0,0.0,0.0,,,,0.0,0.0,,,,,,,,0.0,0.0,0.0,0.0,,,,,,0.0,,,,,,,,,,,2.0,,,,2.0,,,,,,,,,,,0.0,,,0.0,0.0,,,,,,,,,,,,,,,,,,,,,,,I,False,2021-04-02 02:45:49+00:00
200,CUST8,US,Raelene Tolfree & Sons,,Denver,80014,CO,,2 Palo Alto Airfield,,,,15143,,,,,,,,3.0,3.0,,,0.0,0.0,2006-10-28,UNICORN,,,0.0,0.0,,,0001,,,,,,,,,,,,,,0.0,0.0,E,,,0.0,,,,,,,,,,,,,0.0,0.0,,,0.0,0.0,0.0,0.0,0.0,0.0,3.0,,3.0,3.0,0.0,0.0,0.0,0.0,0.0,0.0,0.0,0.0,0.0,0.0,,,4803306504,0.0,0.0,0.0,,,,,0.0,0.0,X,3.0,0.0,0.0,X,0.0,0.0,0.0,0.0,0.0,0.0,0.0,,,,0.0,0.0,,,,,,,,0.0,0.0,0.0,0.0,,,,,,0.0,,,,,,,,,,,3.0,,,,3.0,,,,,,,,,,,0.0,,,0.0,0.0,,,,,,,,,,,,,,,,,,,,,,,I,False,2021-04-03 02:45:49+00:00
200,CUST3,US,Best Customer ever,,Denver,80014,CO,,2 Palo Alto Airfield,,,,15138,BEST CUSTOMER EVER,,,,,,,3.0,3.0,,,0.0,0.0,2006-10-28,UNICORN,,,0.0,0.0,,,0001,,,,,,,,,,,,,,0.0,0.0,E,,,0.0,,,,,,,,,,,,,0.0,0.0,,,0.0,0.0,0.0,0.0,0.0,0.0,3.0,,3.0,3.0,0.0,0.0,0.0,0.0,0.0,0.0,0.0,0.0,0.0,0.0,,,4803306504,0.0,0.0,0.0,,,,,0.0,0.0,X,3.0,0.0,0.0,X,0.0,0.0,0.0,0.0,0.0,0.0,0.0,,,,0.0,0.0,,,,,,,,0.0,0.0,0.0,0.0,,,,,,0.0,,,,,,,,,,,3.0,,,,3.0,,,,,,,,,,,0.0,,,0.0,0.0,,,,,,,,,,,,,,,,,,,,,,,I,False,2021-04-03 02:45:49+00:00
200,CUST4,US,Successful Biz,,Miami,33101,FL,,456 455 Silver Road,,,,15139,SUCCESSFUL BIZ,,,,,,,4.0,4.0,,,0.0,0.0,2006-10-29,UNICORN,,,0.0,0.0,,,ZAG3,,,,,,,,,,,,,,0.0,0.0,E,,,0.0,,,,,,,,,,,,,0.0,0.0,,,0.0,0.0,0.0,0.0,0.0,0.0,4.0,,4.0,4.0,0.0,0.0,0.0,0.0,0.0,0.0,0.0,0.0,0.0,0.0,,,4803306505,0.0,0.0,0.0,,,,,0.0,0.0,X,4.0,0.0,0.0,X,0.0,0.0,0.0,0.0,0.0,0.0,0.0,,,,0.0,0.0,,,,,,,,0.0,0.0,0.0,0.0,,,,,,0.0,,,,,,,,,,,4.0,,,,4.0,,,,,,,,,,,0.0,,,0.0,0.0,,,,,,,,,,,,,,,,,,,,,,,I,False,2021-04-04 02:45:49+00:00
200,CUST9,US,Kimbery Kyler Market,,Miami,33101,FL,,456 455 Silver Road,,,,15144,,,,,,,,4.0,4.0,,,0.0,0.0,2006-10-29,UNICORN,,,0.0,0.0,,,ZAG3,,,,,,,,,,,,,,0.0,0.0,E,,,0.0,,,,,,,,,,,,,0.0,0.0,,,0.0,0.0,0.0,0.0,0.0,0.0,4.0,,4.0,4.0,0.0,0.0,0.0,0.0,0.0,0.0,0.0,0.0,0.0,0.0,,,4803306505,0.0,0.0,0.0,,,,,0.0,0.0,X,4.0,0.0,0.0,X,0.0,0.0,0.0,0.0,0.0,0.0,0.0,,,,0.0,0.0,,,,,,,,0.0,0.0,0.0,0.0,,,,,,0.0,,,,,,,,,,,4.0,,,,4.0,,,,,,,,,,,0.0,,,0.0,0.0,,,,,,,,,,,,,,,,,,,,,,,I,False,2021-04-04 02:45:49+00:00
200,CUST10,US,Turneer Supplies,,New York,10001,NY,,456 455 Silver Road,,,,15145,,,,,,,,5.0,5.0,,,0.0,0.0,2006-10-30,UNICORN,,,0.0,0.0,,,0001,13.0,,,,,,,,,,,,,0.0,0.0,E,,,0.0,,,,,,,,,,,,,0.0,0.0,,,0.0,0.0,0.0,0.0,0.0,0.0,5.0,,5.0,5.0,0.0,0.0,0.0,0.0,0.0,0.0,0.0,0.0,0.0,0.0,,,4803306506,0.0,0.0,0.0,,,,,0.0,0.0,X,5.0,0.0,0.0,X,0.0,0.0,0.0,0.0,0.0,0.0,0.0,,,,0.0,0.0,,,,,,,,0.0,0.0,0.0,0.0,,,,,,0.0,,,,,,,,,,,5.0,,,,5.0,,,,,,,,,,,0.0,,,0.0,0.0,,,,,,,,,,,,,,,,,,,,,,,I,False,2021-04-05 02:45:49+00:00
200,CUST11,CA,Addie's,,New York,10001,NY,,202 Sandy Road,,,,15146,,,,,,,,6.0,6.0,,,0.0,0.0,2006-10-31,UNICORN,,,0.0,0.0,,,0001,13.0,,,,,,,,,,,,,0.0,0.0,E,,,0.0,,,,,,,,,,,,,0.0,0.0,,,0.0,0.0,0.0,0.0,0.0,0.0,6.0,,6.0,6.0,0.0,0.0,0.0,0.0,0.0,0.0,0.0,0.0,0.0,0.0,,,4803306507,0.0,0.0,0.0,,,,,0.0,0.0,X,6.0,0.0,0.0,X,0.0,0.0,0.0,0.0,0.0,0.0,0.0,,,,0.0,0.0,,,,,,,,0.0,0.0,0.0,0.0,,,,,,0.0,,,,,,,,,,,6.0,,,,6.0,,,,,,,,,,,0.0,,,0.0,0.0,,,,,,,,,,,,,,,,,,,,,,,I,False,2021-04-06 02:45:49+00:00
200,CUST12,CA,Mildred Anastasia,,Chicago,60007,IL,,37 State St.,,,,15147,,,,,,,,7.0,7.0,,,0.0,0.0,2006-11-01,UNICORN,,,0.0,0.0,,,0001,18.0,,,,,,,,,,,,,0.0,0.0,E,,,0.0,,,,,,,,,,,,,0.0,0.0,,,0.0,0.0,0.0,0.0,0.0,0.0,7.0,,7.0,7.0,0.0,0.0,0.0,0.0,0.0,0.0,0.0,0.0,0.0,0.0,,,4803306508,0.0,0.0,0.0,,,,,0.0,0.0,X,7.0,0.0,0.0,X,0.0,0.0,0.0,0.0,0.0,0.0,0.0,,,,0.0,0.0,,,,,,,,0.0,0.0,0.0,0.0,,,,,,0.0,,,,,,,,,,,7.0,,,,7.0,,,,,,,,,,,0.0,,,0.0,0.0,,,,,,,,,,,,,,,,,,,,,,,I,False,2021-04-07 02:45:49+00:00
200,CUST13,CA,Brandee Ltd,,Denver,80014,CO,,3 Palo Alto Airfield,,,,15148,,,,,,,,8.0,8.0,,,0.0,0.0,2006-11-02,UNICORN,,,0.0,0.0,,,0001,,,,,,,,,,,,,,0.0,0.0,E,,,0.0,,,,,,,,,,,,,0.0,0.0,,,0.0,0.0,0.0,0.0,0.0,0.0,8.0,,8.0,8.0,0.0,0.0,0.0,0.0,0.0,0.0,0.0,0.0,0.0,0.0,,,4803306509,0.0,0.0,0.0,,,,,0.0,0.0,X,8.0,0.0,0.0,X,0.0,0.0,0.0,0.0,0.0,0.0,0.0,,,,0.0,0.0,,,,,,,,0.0,0.0,0.0,0.0,,,,,,0.0,,,,,,,,,,,8.0,,,,8.0,,,,,,,,,,,0.0,,,0.0,0.0,,,,,,,,,,,,,,,,,,,,,,,I,False,2021-04-08 02:45:49+00:00
200,CUST14,US,Claire Pittsley Co,,Miami,33101,FL,,456 455 Silver Road,,,,15149,,,,,,,,9.0,9.0,,,0.0,0.0,2006-11-03,UNICORN,,,0.0,0.0,,,ZAG4,,,,,,,,,,,,,,0.0,0.0,E,,,0.0,,,,,,,,,,,,,0.0,0.0,,,0.0,0.0,0.0,0.0,0.0,0.0,9.0,,9.0,9.0,0.0,0.0,0.0,0.0,0.0,0.0,0.0,0.0,0.0,0.0,,,4803306510,0.0,0.0,0.0,,,,,0.0,0.0,X,9.0,0.0,0.0,X,0.0,0.0,0.0,0.0,0.0,0.0,0.0,,,,0.0,0.0,,,,,,,,0.0,0.0,0.0,0.0,,,,,,0.0,,,,,,,,,,,9.0,,,,9.0,,,,,,,,,,,0.0,,,0.0,0.0,,,,,,,,,,,,,,,,,,,,,,,I,False,2021-04-09 02:45:49+00:00
200,CUST15,US,Malcolm Market,,New York,10001,NY,,456 455 Silver Road,,,,15150,,,,,,,,10.0,10.0,,,0.0,0.0,2006-11-04,UNICORN,,,0.0,0.0,,,0002,14.0,,,,,,,,,,,,,0.0,0.0,E,,,0.0,,,,,,,,,,,,,0.0,0.0,,,0.0,0.0,0.0,0.0,0.0,0.0,10.0,,10.0,10.0,0.0,0.0,0.0,0.0,0.0,0.0,0.0,0.0,0.0,0.0,,,4803306511,0.0,0.0,0.0,,,,,0.0,0.0,X,10.0,0.0,0.0,X,0.0,0.0,0.0,0.0,0.0,0.0,0.0,,,,0.0,0.0,,,,,,,,0.0,0.0,0.0,0.0,,,,,,0.0,,,,,,,,,,,10.0,,,,10.0,,,,,,,,,,,0.0,,,0.0,0.0,,,,,,,,,,,,,,,,,,,,,,,I,False,2021-04-10 02:45:49+00:00
200,CUST16,US,Darron Stores,,New York,10001,NY,,203 Sandy Road,,,,15151,,,,,,,,11.0,11.0,,,0.0,0.0,2006-11-05,UNICORN,,,0.0,0.0,,,0001,23.0,,,,,,,,,,,,,0.0,0.0,E,,,0.0,,,,,,,,,,,,,0.0,0.0,,,0.0,0.0,0.0,0.0,0.0,0.0,11.0,,11.0,11.0,0.0,0.0,0.0,0.0,0.0,0.0,0.0,0.0,0.0,0.0,,,4803306512,0.0,0.0,0.0,,,,,0.0,0.0,X,11.0,0.0,0.0,X,0.0,0.0,0.0,0.0,0.0,0.0,0.0,,,,0.0,0.0,,,,,,,,0.0,0.0,0.0,0.0,,,,,,0.0,,,,,,,,,,,11.0,,,,11.0,,,,,,,,,,,0.0,,,0.0,0.0,,,,,,,,,,,,,,,,,,,,,,,I,False,2021-04-11 02:45:49+00:00
200,CUST17,US,Storemart,,Chicago,60007,IL,,38 State St.,,,,15152,,,,,,,,12.0,12.0,,,0.0,0.0,2006-11-06,UNICORN,,,0.0,0.0,,,0001,28.0,,,,,,,,,,,,,0.0,0.0,E,,,0.0,,,,,,,,,,,,,0.0,0.0,,,0.0,0.0,0.0,0.0,0.0,0.0,12.0,,12.0,12.0,0.0,0.0,0.0,0.0,0.0,0.0,0.0,0.0,0.0,0.0,,,4803306513,0.0,0.0,0.0,,,,,0.0,0.0,X,12.0,0.0,0.0,X,0.0,0.0,0.0,0.0,0.0,0.0,0.0,,,,0.0,0.0,,,,,,,,0.0,0.0,0.0,0.0,,,,,,0.0,,,,,,,,,,,12.0,,,,12.0,,,,,,,,,,,0.0,,,0.0,0.0,,,,,,,,,,,,,,,,,,,,,,,I,False,2021-04-12 02:45:49+00:00
200,CUST18,US,Julian Bowland Kitchens,,Denver,80014,CO,,4 Palo Alto Airfield,,,,15153,,,,,,,,13.0,13.0,,,0.0,0.0,2006-11-07,UNICORN,,,0.0,0.0,,,0001,,,,,,,,,,,,,,0.0,0.0,E,,,0.0,,,,,,,,,,,,,0.0,0.0,,,0.0,0.0,0.0,0.0,0.0,0.0,13.0,,13.0,13.0,0.0,0.0,0.0,0.0,0.0,0.0,0.0,0.0,0.0,0.0,,,4803306514,0.0,0.0,0.0,,,,,0.0,0.0,X,13.0,0.0,0.0,X,0.0,0.0,0.0,0.0,0.0,0.0,0.0,,,,0.0,0.0,,,,,,,,0.0,0.0,0.0,0.0,,,,,,0.0,,,,,,,,,,,13.0,,,,13.0,,,,,,,,,,,0.0,,,0.0,0.0,,,,,,,,,,,,,,,,,,,,,,,I,False,2021-04-13 02:45:49+00:00
200,CUST19,CA,The Fahner,,Miami,33101,FL,,456 455 Silver Road,,,,15154,,,,,,,,14.0,14.0,,,0.0,0.0,2006-11-08,UNICORN,,,0.0,0.0,,,ZAG5,,,,,,,,,,,,,,0.0,0.0,E,,,0.0,,,,,,,,,,,,,0.0,0.0,,,0.0,0.0,0.0,0.0,0.0,0.0,14.0,,14.0,14.0,0.0,0.0,0.0,0.0,0.0,0.0,0.0,0.0,0.0,0.0,,,4803306515,0.0,0.0,0.0,,,,,0.0,0.0,X,14.0,0.0,0.0,X,0.0,0.0,0.0,0.0,0.0,0.0,0.0,,,,0.0,0.0,,,,,,,,0.0,0.0,0.0,0.0,,,,,,0.0,,,,,,,,,,,14.0,,,,14.0,,,,,,,,,,,0.0,,,0.0,0.0,,,,,,,,,,,,,,,,,,,,,,,I,False,2021-04-14 02:45:49+00:00
200,CUST20,US,Marlys & Glew,,New York,10001,NY,,456 455 Silver Road,,,,15155,,,,,,,,15.0,15.0,,,0.0,0.0,2006-11-09,UNICORN,,,0.0,0.0,,,0003,15.0,,,,,,,,,,,,,0.0,0.0,E,,,0.0,,,,,,,,,,,,,0.0,0.0,,,0.0,0.0,0.0,0.0,0.0,0.0,15.0,,15.0,15.0,0.0,0.0,0.0,0.0,0.0,0.0,0.0,0.0,0.0,0.0,,,4803306516,0.0,0.0,0.0,,,,,0.0,0.0,X,15.0,0.0,0.0,X,0.0,0.0,0.0,0.0,0.0,0.0,0.0,,,,0.0,0.0,,,,,,,,0.0,0.0,0.0,0.0,,,,,,0.0,,,,,,,,,,,15.0,,,,15.0,,,,,,,,,,,0.0,,,0.0,0.0,,,,,,,,,,,,,,,,,,,,,,,I,False,2021-04-15 02:45:49+00:00
200,CUST21,US,Carlota Bakery,,New York,10001,NY,,202 Sandy Road,,,,15156,,,,,,,,16.0,16.0,,,0.0,0.0,2006-11-10,UNICORN,,,0.0,0.0,,,0001,33.0,,,,,,,,,,,,,0.0,0.0,E,,,0.0,,,,,,,,,,,,,0.0,0.0,,,0.0,0.0,0.0,0.0,0.0,0.0,16.0,,16.0,16.0,0.0,0.0,0.0,0.0,0.0,0.0,0.0,0.0,0.0,0.0,,,4803306517,0.0,0.0,0.0,,,,,0.0,0.0,X,16.0,0.0,0.0,X,0.0,0.0,0.0,0.0,0.0,0.0,0.0,,,,0.0,0.0,,,,,,,,0.0,0.0,0.0,0.0,,,,,,0.0,,,,,,,,,,,16.0,,,,16.0,,,,,,,,,,,0.0,,,0.0,0.0,,,,,,,,,,,,,,,,,,,,,,,I,False,2021-04-16 02:45:49+00:00
200,CUST22,US,Archie Pizzeria,,Chicago,60007,IL,,37 State St.,,,,15157,,,,,,,,17.0,17.0,,,0.0,0.0,2006-11-11,UNICORN,,,0.0,0.0,,,0001,38.0,,,,,,,,,,,,,0.0,0.0,E,,,0.0,,,,,,,,,,,,,0.0,0.0,,,0.0,0.0,0.0,0.0,0.0,0.0,17.0,,17.0,17.0,0.0,0.0,0.0,0.0,0.0,0.0,0.0,0.0,0.0,0.0,,,4803306518,0.0,0.0,0.0,,,,,0.0,0.0,X,17.0,0.0,0.0,X,0.0,0.0,0.0,0.0,0.0,0.0,0.0,,,,0.0,0.0,,,,,,,,0.0,0.0,0.0,0.0,,,,,,0.0,,,,,,,,,,,17.0,,,,17.0,,,,,,,,,,,0.0,,,0.0,0.0,,,,,,,,,,,,,,,,,,,,,,,I,False,2021-04-17 02:45:49+00:00
200,CUST23,US,Marybeth Ltd,,Denver,80014,CO,,3 Palo Alto Airfield,,,,15158,,,,,,,,18.0,18.0,,,0.0,0.0,2006-11-12,UNICORN,,,0.0,0.0,,,0001,,,,,,,,,,,,,,0.0,0.0,E,,,0.0,,,,,,,,,,,,,0.0,0.0,,,0.0,0.0,0.0,0.0,0.0,0.0,18.0,,18.0,18.0,0.0,0.0,0.0,0.0,0.0,0.0,0.0,0.0,0.0,0.0,,,4803306519,0.0,0.0,0.0,,,,,0.0,0.0,X,18.0,0.0,0.0,X,0.0,0.0,0.0,0.0,0.0,0.0,0.0,,,,0.0,0.0,,,,,,,,0.0,0.0,0.0,0.0,,,,,,0.0,,,,,,,,,,,18.0,,,,18.0,,,,,,,,,,,0.0,,,0.0,0.0,,,,,,,,,,,,,,,,,,,,,,,I,False,2021-04-18 02:45:49+00:00
200,CUST24,US,Elenore Co.,,Miami,33101,FL,,456 455 Silver Road,,,,15159,,,,,,,,19.0,19.0,,,0.0,0.0,2006-11-13,UNICORN,,,0.0,0.0,,,ZAG6,,,,,,,,,,,,,,0.0,0.0,E,,,0.0,,,,,,,,,,,,,0.0,0.0,,,0.0,0.0,0.0,0.0,0.0,0.0,19.0,,19.0,19.0,0.0,0.0,0.0,0.0,0.0,0.0,0.0,0.0,0.0,0.0,,,4803306520,0.0,0.0,0.0,,,,,0.0,0.0,X,19.0,0.0,0.0,X,0.0,0.0,0.0,0.0,0.0,0.0,0.0,,,,0.0,0.0,,,,,,,,0.0,0.0,0.0,0.0,,,,,,0.0,,,,,,,,,,,19.0,,,,19.0,,,,,,,,,,,0.0,,,0.0,0.0,,,,,,,,,,,,,,,,,,,,,,,I,False,2021-04-19 02:45:49+00:00
200,CUST25,CA,Hector Sparaco,,New York,10001,NY,,456 455 Silver Road,,,,15160,,,,,,,,20.0,20.0,,,0.0,0.0,2006-11-14,UNICORN,,,0.0,0.0,,,0004,16.0,,,,,,,,,,,,,0.0,0.0,E,,,0.0,,,,,,,,,,,,,0.0,0.0,,,0.0,0.0,0.0,0.0,0.0,0.0,20.0,,20.0,20.0,0.0,0.0,0.0,0.0,0.0,0.0,0.0,0.0,0.0,0.0,,,4803306521,0.0,0.0,0.0,,,,,0.0,0.0,X,20.0,0.0,0.0,X,0.0,0.0,0.0,0.0,0.0,0.0,0.0,,,,0.0,0.0,,,,,,,,0.0,0.0,0.0,0.0,,,,,,0.0,,,,,,,,,,,20.0,,,,20.0,,,,,,,,,,,0.0,,,0.0,0.0,,,,,,,,,,,,,,,,,,,,,,,I,False,2021-04-20 02:45:49+00:00
200,CUST26,CA,Winford & Aschoff,,New York,10001,NY,,203 Sandy Road,,,,15161,,,,,,,,21.0,21.0,,,0.0,0.0,2006-11-15,UNICORN,,,0.0,0.0,,,0001,43.0,,,,,,,,,,,,,0.0,0.0,E,,,0.0,,,,,,,,,,,,,0.0,0.0,,,0.0,0.0,0.0,0.0,0.0,0.0,21.0,,21.0,21.0,0.0,0.0,0.0,0.0,0.0,0.0,0.0,0.0,0.0,0.0,,,4803306522,0.0,0.0,0.0,,,,,0.0,0.0,X,21.0,0.0,0.0,X,0.0,0.0,0.0,0.0,0.0,0.0,0.0,,,,0.0,0.0,,,,,,,,0.0,0.0,0.0,0.0,,,,,,0.0,,,,,,,,,,,21.0,,,,21.0,,,,,,,,,,,0.0,,,0.0,0.0,,,,,,,,,,,,,,,,,,,,,,,I,False,2021-04-21 02:45:49+00:00
200,CUST27,CA,Alexandra Wholesale,,Chicago,60007,IL,,38 State St.,,,,15162,,,,,,,,22.0,22.0,,,0.0,0.0,2006-11-16,UNICORN,,,0.0,0.0,,,0001,48.0,,,,,,,,,,,,,0.0,0.0,E,,,0.0,,,,,,,,,,,,,0.0,0.0,,,0.0,0.0,0.0,0.0,0.0,0.0,22.0,,22.0,22.0,0.0,0.0,0.0,0.0,0.0,0.0,0.0,0.0,0.0,0.0,,,4803306523,0.0,0.0,0.0,,,,,0.0,0.0,X,22.0,0.0,0.0,X,0.0,0.0,0.0,0.0,0.0,0.0,0.0,,,,0.0,0.0,,,,,,,,0.0,0.0,0.0,0.0,,,,,,0.0,,,,,,,,,,,22.0,,,,22.0,,,,,,,,,,,0.0,,,0.0,0.0,,,,,,,,,,,,,,,,,,,,,,,I,False,2021-04-22 02:45:49+00:00
200,CUST28,US,Verdone Limited,,Denver,80014,CO,,4 Palo Alto Airfield,,,,15163,,,,,,,,23.0,23.0,,,0.0,0.0,2006-11-17,UNICORN,,,0.0,0.0,,,0001,,,,,,,,,,,,,,0.0,0.0,E,,,0.0,,,,,,,,,,,,,0.0,0.0,,,0.0,0.0,0.0,0.0,0.0,0.0,23.0,,23.0,23.0,0.0,0.0,0.0,0.0,0.0,0.0,0.0,0.0,0.0,0.0,,,4803306524,0.0,0.0,0.0,,,,,0.0,0.0,X,23.0,0.0,0.0,X,0.0,0.0,0.0,0.0,0.0,0.0,0.0,,,,0.0,0.0,,,,,,,,0.0,0.0,0.0,0.0,,,,,,0.0,,,,,,,,,,,23.0,,,,23.0,,,,,,,,,,,0.0,,,0.0,0.0,,,,,,,,,,,,,,,,,,,,,,,I,False,2021-04-23 02:45:49+00:00
200,CUST29,US,Cordelia Portier Catering,,Miami,33101,FL,,456 455 Silver Road,,,,15164,,,,,,,,24.0,24.0,,,0.0,0.0,2006-11-18,UNICORN,,,0.0,0.0,,,ZAG7,,,,,,,,,,,,,,0.0,0.0,E,,,0.0,,,,,,,,,,,,,0.0,0.0,,,0.0,0.0,0.0,0.0,0.0,0.0,24.0,,24.0,24.0,0.0,0.0,0.0,0.0,0.0,0.0,0.0,0.0,0.0,0.0,,,4803306525,0.0,0.0,0.0,,,,,0.0,0.0,X,24.0,0.0,0.0,X,0.0,0.0,0.0,0.0,0.0,0.0,0.0,,,,0.0,0.0,,,,,,,,0.0,0.0,0.0,0.0,,,,,,0.0,,,,,,,,,,,24.0,,,,24.0,,,,,,,,,,,0.0,,,0.0,0.0,,,,,,,,,,,,,,,,,,,,,,,I,False,2021-04-24 02:45:49+00:00
200,CUST30,US,Bertie Aliff's Kitchen,,New York,10001,NY,,456 455 Silver Road,,,,15165,,,,,,,,25.0,25.0,,,0.0,0.0,2006-11-19,UNICORN,,,0.0,0.0,,,0005,17.0,,,,,,,,,,,,,0.0,0.0,E,,,0.0,,,,,,,,,,,,,0.0,0.0,,,0.0,0.0,0.0,0.0,0.0,0.0,25.0,,25.0,25.0,0.0,0.0,0.0,0.0,0.0,0.0,0.0,0.0,0.0,0.0,,,4803306526,0.0,0.0,0.0,,,,,0.0,0.0,X,25.0,0.0,0.0,X,0.0,0.0,0.0,0.0,0.0,0.0,0.0,,,,0.0,0.0,,,,,,,,0.0,0.0,0.0,0.0,,,,,,0.0,,,,,,,,,,,25.0,,,,25.0,,,,,,,,,,,0.0,,,0.0,0.0,,,,,,,,,,,,,,,,,,,,,,,I,False,2021-04-25 02:45:49+00:00
200,CUST31,US,Rosaria Bers,,New York,10001,NY,,204 Sandy Road,,,,15166,,,,,,,,26.0,26.0,,,0.0,0.0,2006-11-20,UNICORN,,,0.0,0.0,,,0001,53.0,,,,,,,,,,,,,0.0,0.0,E,,,0.0,,,,,,,,,,,,,0.0,0.0,,,0.0,0.0,0.0,0.0,0.0,0.0,26.0,,26.0,26.0,0.0,0.0,0.0,0.0,0.0,0.0,0.0,0.0,0.0,0.0,,,4803306527,0.0,0.0,0.0,,,,,0.0,0.0,X,26.0,0.0,0.0,X,0.0,0.0,0.0,0.0,0.0,0.0,0.0,,,,0.0,0.0,,,,,,,,0.0,0.0,0.0,0.0,,,,,,0.0,,,,,,,,,,,26.0,,,,26.0,,,,,,,,,,,0.0,,,0.0,0.0,,,,,,,,,,,,,,,,,,,,,,,I,False,2021-04-26 02:45:49+00:00
200,CUST32,US,Penni Menez,,Chicago,60007,IL,,39 State St.,,,,15167,,,,,,,,27.0,27.0,,,0.0,0.0,2006-11-21,UNICORN,,,0.0,0.0,,,0001,58.0,,,,,,,,,,,,,0.0,0.0,E,,,0.0,,,,,,,,,,,,,0.0,0.0,,,0.0,0.0,0.0,0.0,0.0,0.0,27.0,,27.0,27.0,0.0,0.0,0.0,0.0,0.0,0.0,0.0,0.0,0.0,0.0,,,4803306528,0.0,0.0,0.0,,,,,0.0,0.0,X,27.0,0.0,0.0,X,0.0,0.0,0.0,0.0,0.0,0.0,0.0,,,,0.0,0.0,,,,,,,,0.0,0.0,0.0,0.0,,,,,,0.0,,,,,,,,,,,27.0,,,,27.0,,,,,,,,,,,0.0,,,0.0,0.0,,,,,,,,,,,,,,,,,,,,,,,I,False,2021-04-27 02:45:49+00:00
200,CUST33,CA,Chauncey Felarca,,Denver,80014,CO,,5 Palo Alto Airfield,,,,15168,,,,,,,,28.0,28.0,,,0.0,0.0,2006-11-22,UNICORN,,,0.0,0.0,,,0001,,,,,,,,,,,,,,0.0,0.0,E,,,0.0,,,,,,,,,,,,,0.0,0.0,,,0.0,0.0,0.0,0.0,0.0,0.0,28.0,,28.0,28.0,0.0,0.0,0.0,0.0,0.0,0.0,0.0,0.0,0.0,0.0,,,4803306529,0.0,0.0,0.0,,,,,0.0,0.0,X,28.0,0.0,0.0,X,0.0,0.0,0.0,0.0,0.0,0.0,0.0,,,,0.0,0.0,,,,,,,,0.0,0.0,0.0,0.0,,,,,,0.0,,,,,,,,,,,28.0,,,,28.0,,,,,,,,,,,0.0,,,0.0,0.0,,,,,,,,,,,,,,,,,,,,,,,I,False,2021-04-28 02:45:49+00:00
200,CUST34,US,Linwood Crincoli,,Miami,33101,FL,,456 455 Silver Road,,,,15169,,,,,,,,29.0,29.0,,,0.0,0.0,2006-11-23,UNICORN,,,0.0,0.0,,,ZAG8,,,,,,,,,,,,,,0.0,0.0,E,,,0.0,,,,,,,,,,,,,0.0,0.0,,,0.0,0.0,0.0,0.0,0.0,0.0,29.0,,29.0,29.0,0.0,0.0,0.0,0.0,0.0,0.0,0.0,0.0,0.0,0.0,,,4803306530,0.0,0.0,0.0,,,,,0.0,0.0,X,29.0,0.0,0.0,X,0.0,0.0,0.0,0.0,0.0,0.0,0.0,,,,0.0,0.0,,,,,,,,0.0,0.0,0.0,0.0,,,,,,0.0,,,,,,,,,,,29.0,,,,29.0,,,,,,,,,,,0.0,,,0.0,0.0,,,,,,,,,,,,,,,,,,,,,,,I,False,2021-04-29 02:45:49+00:00
200,CUST35,US,Stephine Hilmes,,New York,10001,NY,,456 455 Silver Road,,,,15170,,,,,,,,30.0,30.0,,,0.0,0.0,2006-11-24,UNICORN,,,0.0,0.0,,,0006,18.0,,,,,,,,,,,,,0.0,0.0,E,,,0.0,,,,,,,,,,,,,0.0,0.0,,,0.0,0.0,0.0,0.0,0.0,0.0,30.0,,30.0,30.0,0.0,0.0,0.0,0.0,0.0,0.0,0.0,0.0,0.0,0.0,,,4803306531,0.0,0.0,0.0,,,,,0.0,0.0,X,30.0,0.0,0.0,X,0.0,0.0,0.0,0.0,0.0,0.0,0.0,,,,0.0,0.0,,,,,,,,0.0,0.0,0.0,0.0,,,,,,0.0,,,,,,,,,,,30.0,,,,30.0,,,,,,,,,,,0.0,,,0.0,0.0,,,,,,,,,,,,,,,,,,,,,,,I,False,2021-04-30 02:45:49+00:00
200,CUST36,US,Mirta Schwinghammer,,New York,10001,NY,,203 Sandy Road,,,,15171,,,,,,,,31.0,31.0,,,0.0,0.0,2006-11-25,UNICORN,,,0.0,0.0,,,0001,63.0,,,,,,,,,,,,,0.0,0.0,E,,,0.0,,,,,,,,,,,,,0.0,0.0,,,0.0,0.0,0.0,0.0,0.0,0.0,31.0,,31.0,31.0,0.0,0.0,0.0,0.0,0.0,0.0,0.0,0.0,0.0,0.0,,,4803306532,0.0,0.0,0.0,,,,,0.0,0.0,X,31.0,0.0,0.0,X,0.0,0.0,0.0,0.0,0.0,0.0,0.0,,,,0.0,0.0,,,,,,,,0.0,0.0,0.0,0.0,,,,,,0.0,,,,,,,,,,,31.0,,,,31.0,,,,,,,,,,,0.0,,,0.0,0.0,,,,,,,,,,,,,,,,,,,,,,,I,False,2021-05-01 02:45:49+00:00
200,CUST37,US,Micheal Brayley,,Chicago,60007,IL,,38 State St.,,,,15172,,,,,,,,32.0,32.0,,,0.0,0.0,2006-11-26,UNICORN,,,0.0,0.0,,,0001,68.0,,,,,,,,,,,,,0.0,0.0,E,,,0.0,,,,,,,,,,,,,0.0,0.0,,,0.0,0.0,0.0,0.0,0.0,0.0,32.0,,32.0,32.0,0.0,0.0,0.0,0.0,0.0,0.0,0.0,0.0,0.0,0.0,,,4803306533,0.0,0.0,0.0,,,,,0.0,0.0,X,32.0,0.0,0.0,X,0.0,0.0,0.0,0.0,0.0,0.0,0.0,,,,0.0,0.0,,,,,,,,0.0,0.0,0.0,0.0,,,,,,0.0,,,,,,,,,,,32.0,,,,32.0,,,,,,,,,,,0.0,,,0.0,0.0,,,,,,,,,,,,,,,,,,,,,,,I,False,2021-05-02 02:45:49+00:00
200,CUST38,US,Federico Sanfilippo,,Denver,80014,CO,,4 Palo Alto Airfield,,,,15173,,,,,,,,33.0,33.0,,,0.0,0.0,2006-11-27,UNICORN,,,0.0,0.0,,,0001,,,,,,,,,,,,,,0.0,0.0,E,,,0.0,,,,,,,,,,,,,0.0,0.0,,,0.0,0.0,0.0,0.0,0.0,0.0,33.0,,33.0,33.0,0.0,0.0,0.0,0.0,0.0,0.0,0.0,0.0,0.0,0.0,,,4803306534,0.0,0.0,0.0,,,,,0.0,0.0,X,33.0,0.0,0.0,X,0.0,0.0,0.0,0.0,0.0,0.0,0.0,,,,0.0,0.0,,,,,,,,0.0,0.0,0.0,0.0,,,,,,0.0,,,,,,,,,,,33.0,,,,33.0,,,,,,,,,,,0.0,,,0.0,0.0,,,,,,,,,,,,,,,,,,,,,,,I,False,2021-05-03 02:45:49+00:00
200,CUST39,CA,La Cocina,,Miami,33101,FL,,456 455 Silver Road,,,,15174,,,,,,,,34.0,34.0,,,0.0,0.0,2006-11-28,UNICORN,,,0.0,0.0,,,ZAG9,,,,,,,,,,,,,,0.0,0.0,E,,,0.0,,,,,,,,,,,,,0.0,0.0,,,0.0,0.0,0.0,0.0,0.0,0.0,34.0,,34.0,34.0,0.0,0.0,0.0,0.0,0.0,0.0,0.0,0.0,0.0,0.0,,,4803306535,0.0,0.0,0.0,,,,,0.0,0.0,X,34.0,0.0,0.0,X,0.0,0.0,0.0,0.0,0.0,0.0,0.0,,,,0.0,0.0,,,,,,,,0.0,0.0,0.0,0.0,,,,,,0.0,,,,,,,,,,,34.0,,,,34.0,,,,,,,,,,,0.0,,,0.0,0.0,,,,,,,,,,,,,,,,,,,,,,,I,False,2021-05-04 02:45:49+00:00
200,CUST40,CA, Setzler Co,,New York,10001,NY,,456 455 Silver Road,,,,15175,,,,,,,,35.0,35.0,,,0.0,0.0,2006-11-29,UNICORN,,,0.0,0.0,,,0007,19.0,,,,,,,,,,,,,0.0,0.0,E,,,0.0,,,,,,,,,,,,,0.0,0.0,,,0.0,0.0,0.0,0.0,0.0,0.0,35.0,,35.0,35.0,0.0,0.0,0.0,0.0,0.0,0.0,0.0,0.0,0.0,0.0,,,4803306536,0.0,0.0,0.0,,,,,0.0,0.0,X,35.0,0.0,0.0,X,0.0,0.0,0.0,0.0,0.0,0.0,0.0,,,,0.0,0.0,,,,,,,,0.0,0.0,0.0,0.0,,,,,,0.0,,,,,,,,,,,35.0,,,,35.0,,,,,,,,,,,0.0,,,0.0,0.0,,,,,,,,,,,,,,,,,,,,,,,I,False,2021-05-05 02:45:49+00:00
200,CUST41,CA,Dorine Ltd,,New York,10001,NY,,204 Sandy Road,,,,15176,,,,,,,,36.0,36.0,,,0.0,0.0,2006-11-30,UNICORN,,,0.0,0.0,,,0001,73.0,,,,,,,,,,,,,0.0,0.0,E,,,0.0,,,,,,,,,,,,,0.0,0.0,,,0.0,0.0,0.0,0.0,0.0,0.0,36.0,,36.0,36.0,0.0,0.0,0.0,0.0,0.0,0.0,0.0,0.0,0.0,0.0,,,4803306537,0.0,0.0,0.0,,,,,0.0,0.0,X,36.0,0.0,0.0,X,0.0,0.0,0.0,0.0,0.0,0.0,0.0,,,,0.0,0.0,,,,,,,,0.0,0.0,0.0,0.0,,,,,,0.0,,,,,,,,,,,36.0,,,,36.0,,,,,,,,,,,0.0,,,0.0,0.0,,,,,,,,,,,,,,,,,,,,,,,I,False,2021-05-06 02:45:49+00:00
200,CUST42,US,Jeanie Bakery,,Chicago,60007,IL,,39 State St.,,,,15177,,,,,,,,37.0,37.0,,,0.0,0.0,2006-12-01,UNICORN,,,0.0,0.0,,,0001,78.0,,,,,,,,,,,,,0.0,0.0,E,,,0.0,,,,,,,,,,,,,0.0,0.0,,,0.0,0.0,0.0,0.0,0.0,0.0,37.0,,37.0,37.0,0.0,0.0,0.0,0.0,0.0,0.0,0.0,0.0,0.0,0.0,,,4803306538,0.0,0.0,0.0,,,,,0.0,0.0,X,37.0,0.0,0.0,X,0.0,0.0,0.0,0.0,0.0,0.0,0.0,,,,0.0,0.0,,,,,,,,0.0,0.0,0.0,0.0,,,,,,0.0,,,,,,,,,,,37.0,,,,37.0,,,,,,,,,,,0.0,,,0.0,0.0,,,,,,,,,,,,,,,,,,,,,,,I,False,2021-05-07 02:45:49+00:00
200,CUST43,US,Lydia Larabell Cakes,,Denver,80014,CO,,5 Palo Alto Airfield,,,,15178,,,,,,,,38.0,38.0,,,0.0,0.0,2006-12-02,UNICORN,,,0.0,0.0,,,0001,,,,,,,,,,,,,,0.0,0.0,E,,,0.0,,,,,,,,,,,,,0.0,0.0,,,0.0,0.0,0.0,0.0,0.0,0.0,38.0,,38.0,38.0,0.0,0.0,0.0,0.0,0.0,0.0,0.0,0.0,0.0,0.0,,,4803306539,0.0,0.0,0.0,,,,,0.0,0.0,X,38.0,0.0,0.0,X,0.0,0.0,0.0,0.0,0.0,0.0,0.0,,,,0.0,0.0,,,,,,,,0.0,0.0,0.0,0.0,,,,,,0.0,,,,,,,,,,,38.0,,,,38.0,,,,,,,,,,,0.0,,,0.0,0.0,,,,,,,,,,,,,,,,,,,,,,,I,False,2021-05-08 02:45:49+00:00
200,CUST44,US,Lasonya Boback Bakery,,Miami,33101,FL,,456 455 Silver Road,,,,15179,,,,,,,,39.0,39.0,,,0.0,0.0,2006-12-03,UNICORN,,,0.0,0.0,,,ZAG10,,,,,,,,,,,,,,0.0,0.0,E,,,0.0,,,,,,,,,,,,,0.0,0.0,,,0.0,0.0,0.0,0.0,0.0,0.0,39.0,,39.0,39.0,0.0,0.0,0.0,0.0,0.0,0.0,0.0,0.0,0.0,0.0,,,4803306540,0.0,0.0,0.0,,,,,0.0,0.0,X,39.0,0.0,0.0,X,0.0,0.0,0.0,0.0,0.0,0.0,0.0,,,,0.0,0.0,,,,,,,,0.0,0.0,0.0,0.0,,,,,,0.0,,,,,,,,,,,39.0,,,,39.0,,,,,,,,,,,0.0,,,0.0,0.0,,,,,,,,,,,,,,,,,,,,,,,I,False,2021-05-09 02:45:49+00:00
200,CUST45,US,Super Market America,,New York,10001,NY,,456 455 Silver Road,,,,15180,,,,,,,,40.0,40.0,,,0.0,0.0,2006-12-04,UNICORN,,,0.0,0.0,,,0008,20.0,,,,,,,,,,,,,0.0,0.0,E,,,0.0,,,,,,,,,,,,,0.0,0.0,,,0.0,0.0,0.0,0.0,0.0,0.0,40.0,,40.0,40.0,0.0,0.0,0.0,0.0,0.0,0.0,0.0,0.0,0.0,0.0,,,4803306541,0.0,0.0,0.0,,,,,0.0,0.0,X,40.0,0.0,0.0,X,0.0,0.0,0.0,0.0,0.0,0.0,0.0,,,,0.0,0.0,,,,,,,,0.0,0.0,0.0,0.0,,,,,,0.0,,,,,,,,,,,40.0,,,,40.0,,,,,,,,,,,0.0,,,0.0,0.0,,,,,,,,,,,,,,,,,,,,,,,I,False,2021-05-10 02:45:49+00:00
200,CUST46,US,Wholesaler Bahrke,,New York,10001,NY,,205 Sandy Road,,,,15181,,,,,,,,41.0,41.0,,,0.0,0.0,2006-12-05,UNICORN,,,0.0,0.0,,,0001,83.0,,,,,,,,,,,,,0.0,0.0,E,,,0.0,,,,,,,,,,,,,0.0,0.0,,,0.0,0.0,0.0,0.0,0.0,0.0,41.0,,41.0,41.0,0.0,0.0,0.0,0.0,0.0,0.0,0.0,0.0,0.0,0.0,,,4803306542,0.0,0.0,0.0,,,,,0.0,0.0,X,41.0,0.0,0.0,X,0.0,0.0,0.0,0.0,0.0,0.0,0.0,,,,0.0,0.0,,,,,,,,0.0,0.0,0.0,0.0,,,,,,0.0,,,,,,,,,,,41.0,,,,41.0,,,,,,,,,,,0.0,,,0.0,0.0,,,,,,,,,,,,,,,,,,,,,,,I,False,2021-05-11 02:45:49+00:00
200,CUST47,CA,Piper Badamo Discounts,,Chicago,60007,IL,,40 State St.,,,,15182,,,,,,,,42.0,42.0,,,0.0,0.0,2006-12-06,UNICORN,,,0.0,0.0,,,0001,88.0,,,,,,,,,,,,,0.0,0.0,E,,,0.0,,,,,,,,,,,,,0.0,0.0,,,0.0,0.0,0.0,0.0,0.0,0.0,42.0,,42.0,42.0,0.0,0.0,0.0,0.0,0.0,0.0,0.0,0.0,0.0,0.0,,,4803306543,0.0,0.0,0.0,,,,,0.0,0.0,X,42.0,0.0,0.0,X,0.0,0.0,0.0,0.0,0.0,0.0,0.0,,,,0.0,0.0,,,,,,,,0.0,0.0,0.0,0.0,,,,,,0.0,,,,,,,,,,,42.0,,,,42.0,,,,,,,,,,,0.0,,,0.0,0.0,,,,,,,,,,,,,,,,,,,,,,,I,False,2021-05-12 02:45:49+00:00
200,CUST48,US,Kasey Nuon Co.,,Denver,80014,CO,,6 Palo Alto Airfield,,,,15183,,,,,,,,43.0,43.0,,,0.0,0.0,2006-12-07,UNICORN,,,0.0,0.0,,,0001,,,,,,,,,,,,,,0.0,0.0,E,,,0.0,,,,,,,,,,,,,0.0,0.0,,,0.0,0.0,0.0,0.0,0.0,0.0,43.0,,43.0,43.0,0.0,0.0,0.0,0.0,0.0,0.0,0.0,0.0,0.0,0.0,,,4803306544,0.0,0.0,0.0,,,,,0.0,0.0,X,43.0,0.0,0.0,X,0.0,0.0,0.0,0.0,0.0,0.0,0.0,,,,0.0,0.0,,,,,,,,0.0,0.0,0.0,0.0,,,,,,0.0,,,,,,,,,,,43.0,,,,43.0,,,,,,,,,,,0.0,,,0.0,0.0,,,,,,,,,,,,,,,,,,,,,,,I,False,2021-05-13 02:45:49+00:00
200,CUST49,US,Tiara Dumoulin Ltd,,Miami,33101,FL,,456 455 Silver Road,,,,15184,,,,,,,,44.0,44.0,,,0.0,0.0,2006-12-08,UNICORN,,,0.0,0.0,,,ZAG11,,,,,,,,,,,,,,0.0,0.0,E,,,0.0,,,,,,,,,,,,,0.0,0.0,,,0.0,0.0,0.0,0.0,0.0,0.0,44.0,,44.0,44.0,0.0,0.0,0.0,0.0,0.0,0.0,0.0,0.0,0.0,0.0,,,4803306545,0.0,0.0,0.0,,,,,0.0,0.0,X,44.0,0.0,0.0,X,0.0,0.0,0.0,0.0,0.0,0.0,0.0,,,,0.0,0.0,,,,,,,,0.0,0.0,0.0,0.0,,,,,,0.0,,,,,,,,,,,44.0,,,,44.0,,,,,,,,,,,0.0,,,0.0,0.0,,,,,,,,,,,,,,,,,,,,,,,I,False,2021-05-14 02:45:49+00:00
200,CUST50,US,Merengue de Limon,,New York,10001,NY,,456 455 Silver Road,,,,15185,,,,,,,,45.0,45.0,,,0.0,0.0,2006-12-09,UNICORN,,,0.0,0.0,,,0009,21.0,,,,,,,,,,,,,0.0,0.0,E,,,0.0,,,,,,,,,,,,,0.0,0.0,,,0.0,0.0,0.0,0.0,0.0,0.0,45.0,,45.0,45.0,0.0,0.0,0.0,0.0,0.0,0.0,0.0,0.0,0.0,0.0,,,4803306546,0.0,0.0,0.0,,,,,0.0,0.0,X,45.0,0.0,0.0,X,0.0,0.0,0.0,0.0,0.0,0.0,0.0,,,,0.0,0.0,,,,,,,,0.0,0.0,0.0,0.0,,,,,,0.0,,,,,,,,,,,45.0,,,,45.0,,,,,,,,,,,0.0,,,0.0,0.0,,,,,,,,,,,,,,,,,,,,,,,I,False,2021-05-15 02:45:49+00:00
200,CUST51,US,Jeanine Chestand,,New York,10001,NY,,204 Sandy Road,,,,15186,,,,,,,,46.0,46.0,,,0.0,0.0,2006-12-10,UNICORN,,,0.0,0.0,,,0001,93.0,,,,,,,,,,,,,0.0,0.0,E,,,0.0,,,,,,,,,,,,,0.0,0.0,,,0.0,0.0,0.0,0.0,0.0,0.0,46.0,,46.0,46.0,0.0,0.0,0.0,0.0,0.0,0.0,0.0,0.0,0.0,0.0,,,4803306547,0.0,0.0,0.0,,,,,0.0,0.0,X,46.0,0.0,0.0,X,0.0,0.0,0.0,0.0,0.0,0.0,0.0,,,,0.0,0.0,,,,,,,,0.0,0.0,0.0,0.0,,,,,,0.0,,,,,,,,,,,46.0,,,,46.0,,,,,,,,,,,0.0,,,0.0,0.0,,,,,,,,,,,,,,,,,,,,,,,I,False,2021-05-16 02:45:49+00:00
200,CUST52,US,Marivel Kaeser,,Chicago,60007,IL,,39 State St.,,,,15187,,,,,,,,47.0,47.0,,,0.0,0.0,2006-12-11,UNICORN,,,0.0,0.0,,,0001,98.0,,,,,,,,,,,,,0.0,0.0,E,,,0.0,,,,,,,,,,,,,0.0,0.0,,,0.0,0.0,0.0,0.0,0.0,0.0,47.0,,47.0,47.0,0.0,0.0,0.0,0.0,0.0,0.0,0.0,0.0,0.0,0.0,,,4803306548,0.0,0.0,0.0,,,,,0.0,0.0,X,47.0,0.0,0.0,X,0.0,0.0,0.0,0.0,0.0,0.0,0.0,,,,0.0,0.0,,,,,,,,0.0,0.0,0.0,0.0,,,,,,0.0,,,,,,,,,,,47.0,,,,47.0,,,,,,,,,,,0.0,,,0.0,0.0,,,,,,,,,,,,,,,,,,,,,,,I,False,2021-05-17 02:45:49+00:00
200,CUST53,CA,Kattie Coreas,,Denver,80014,CO,,5 Palo Alto Airfield,,,,15188,,,,,,,,48.0,48.0,,,0.0,0.0,2006-12-12,UNICORN,,,0.0,0.0,,,0001,,,,,,,,,,,,,,0.0,0.0,E,,,0.0,,,,,,,,,,,,,0.0,0.0,,,0.0,0.0,0.0,0.0,0.0,0.0,48.0,,48.0,48.0,0.0,0.0,0.0,0.0,0.0,0.0,0.0,0.0,0.0,0.0,,,4803306549,0.0,0.0,0.0,,,,,0.0,0.0,X,48.0,0.0,0.0,X,0.0,0.0,0.0,0.0,0.0,0.0,0.0,,,,0.0,0.0,,,,,,,,0.0,0.0,0.0,0.0,,,,,,0.0,,,,,,,,,,,48.0,,,,48.0,,,,,,,,,,,0.0,,,0.0,0.0,,,,,,,,,,,,,,,,,,,,,,,I,False,2021-05-18 02:45:49+00:00
200,CUST54,CA,Janie Leith,,Miami,33101,FL,,456 455 Silver Road,,,,15189,,,,,,,,49.0,49.0,,,0.0,0.0,2006-12-13,UNICORN,,,0.0,0.0,,,ZAG12,,,,,,,,,,,,,,0.0,0.0,E,,,0.0,,,,,,,,,,,,,0.0,0.0,,,0.0,0.0,0.0,0.0,0.0,0.0,49.0,,49.0,49.0,0.0,0.0,0.0,0.0,0.0,0.0,0.0,0.0,0.0,0.0,,,4803306550,0.0,0.0,0.0,,,,,0.0,0.0,X,49.0,0.0,0.0,X,0.0,0.0,0.0,0.0,0.0,0.0,0.0,,,,0.0,0.0,,,,,,,,0.0,0.0,0.0,0.0,,,,,,0.0,,,,,,,,,,,49.0,,,,49.0,,,,,,,,,,,0.0,,,0.0,0.0,,,,,,,,,,,,,,,,,,,,,,,I,False,2021-05-19 02:45:49+00:00
200,CUST55,CA,Avelina Pilchowski,,New York,10001,NY,,456 455 Silver Road,,,,15190,,,,,,,,50.0,50.0,,,0.0,0.0,2006-12-14,UNICORN,,,0.0,0.0,,,0010,22.0,,,,,,,,,,,,,0.0,0.0,E,,,0.0,,,,,,,,,,,,,0.0,0.0,,,0.0,0.0,0.0,0.0,0.0,0.0,50.0,,50.0,50.0,0.0,0.0,0.0,0.0,0.0,0.0,0.0,0.0,0.0,0.0,,,4803306551,0.0,0.0,0.0,,,,,0.0,0.0,X,50.0,0.0,0.0,X,0.0,0.0,0.0,0.0,0.0,0.0,0.0,,,,0.0,0.0,,,,,,,,0.0,0.0,0.0,0.0,,,,,,0.0,,,,,,,,,,,50.0,,,,50.0,,,,,,,,,,,0.0,,,0.0,0.0,,,,,,,,,,,,,,,,,,,,,,,I,False,2021-05-20 02:45:49+00:00
200,CUST56,US,Yer Schnabel,,New York,10001,NY,,205 Sandy Road,,,,15191,,,,,,,,51.0,51.0,,,0.0,0.0,2006-12-15,UNICORN,,,0.0,0.0,,,0001,103.0,,,,,,,,,,,,,0.0,0.0,E,,,0.0,,,,,,,,,,,,,0.0,0.0,,,0.0,0.0,0.0,0.0,0.0,0.0,51.0,,51.0,51.0,0.0,0.0,0.0,0.0,0.0,0.0,0.0,0.0,0.0,0.0,,,4803306552,0.0,0.0,0.0,,,,,0.0,0.0,X,51.0,0.0,0.0,X,0.0,0.0,0.0,0.0,0.0,0.0,0.0,,,,0.0,0.0,,,,,,,,0.0,0.0,0.0,0.0,,,,,,0.0,,,,,,,,,,,51.0,,,,51.0,,,,,,,,,,,0.0,,,0.0,0.0,,,,,,,,,,,,,,,,,,,,,,,I,False,2021-05-21 02:45:49+00:00
200,CUST57,US,Coffee and Co.,,Chicago,60007,IL,,40 State St.,,,,15192,,,,,,,,52.0,52.0,,,0.0,0.0,2006-12-16,UNICORN,,,0.0,0.0,,,0001,108.0,,,,,,,,,,,,,0.0,0.0,E,,,0.0,,,,,,,,,,,,,0.0,0.0,,,0.0,0.0,0.0,0.0,0.0,0.0,52.0,,52.0,52.0,0.0,0.0,0.0,0.0,0.0,0.0,0.0,0.0,0.0,0.0,,,4803306553,0.0,0.0,0.0,,,,,0.0,0.0,X,52.0,0.0,0.0,X,0.0,0.0,0.0,0.0,0.0,0.0,0.0,,,,0.0,0.0,,,,,,,,0.0,0.0,0.0,0.0,,,,,,0.0,,,,,,,,,,,52.0,,,,52.0,,,,,,,,,,,0.0,,,0.0,0.0,,,,,,,,,,,,,,,,,,,,,,,I,False,2021-05-22 02:45:49+00:00
200,CUST58,US,Barry Last Pastries,,Denver,80014,CO,,6 Palo Alto Airfield,,,,15193,,,,,,,,53.0,53.0,,,0.0,0.0,2006-12-17,UNICORN,,,0.0,0.0,,,0001,,,,,,,,,,,,,,0.0,0.0,E,,,0.0,,,,,,,,,,,,,0.0,0.0,,,0.0,0.0,0.0,0.0,0.0,0.0,53.0,,53.0,53.0,0.0,0.0,0.0,0.0,0.0,0.0,0.0,0.0,0.0,0.0,,,4803306554,0.0,0.0,0.0,,,,,0.0,0.0,X,53.0,0.0,0.0,X,0.0,0.0,0.0,0.0,0.0,0.0,0.0,,,,0.0,0.0,,,,,,,,0.0,0.0,0.0,0.0,,,,,,0.0,,,,,,,,,,,53.0,,,,53.0,,,,,,,,,,,0.0,,,0.0,0.0,,,,,,,,,,,,,,,,,,,,,,,I,False,2021-05-23 02:45:49+00:00
200,CUST59,US,Marla Bittman Catering Service,,Miami,33101,FL,,456 455 Silver Road,,,,15194,,,,,,,,54.0,54.0,,,0.0,0.0,2006-12-18,UNICORN,,,0.0,0.0,,,ZAG13,,,,,,,,,,,,,,0.0,0.0,E,,,0.0,,,,,,,,,,,,,0.0,0.0,,,0.0,0.0,0.0,0.0,0.0,0.0,54.0,,54.0,54.0,0.0,0.0,0.0,0.0,0.0,0.0,0.0,0.0,0.0,0.0,,,4803306555,0.0,0.0,0.0,,,,,0.0,0.0,X,54.0,0.0,0.0,X,0.0,0.0,0.0,0.0,0.0,0.0,0.0,,,,0.0,0.0,,,,,,,,0.0,0.0,0.0,0.0,,,,,,0.0,,,,,,,,,,,54.0,,,,54.0,,,,,,,,,,,0.0,,,0.0,0.0,,,,,,,,,,,,,,,,,,,,,,,I,False,2021-05-24 02:45:49+00:00
200,CUST60,US,Becki Flud Roti,,New York,10001,NY,,456 455 Silver Road,,,,15195,,,,,,,,55.0,55.0,,,0.0,0.0,2006-12-19,UNICORN,,,0.0,0.0,,,0011,23.0,,,,,,,,,,,,,0.0,0.0,E,,,0.0,,,,,,,,,,,,,0.0,0.0,,,0.0,0.0,0.0,0.0,0.0,0.0,55.0,,55.0,55.0,0.0,0.0,0.0,0.0,0.0,0.0,0.0,0.0,0.0,0.0,,,4803306556,0.0,0.0,0.0,,,,,0.0,0.0,X,55.0,0.0,0.0,X,0.0,0.0,0.0,0.0,0.0,0.0,0.0,,,,0.0,0.0,,,,,,,,0.0,0.0,0.0,0.0,,,,,,0.0,,,,,,,,,,,55.0,,,,55.0,,,,,,,,,,,0.0,,,0.0,0.0,,,,,,,,,,,,,,,,,,,,,,,I,False,2021-05-25 02:45:49+00:00
200,CUST61,CA,Charlesetta Drizin,,New York,10001,NY,,206 Sandy Road,,,,15196,,,,,,,,56.0,56.0,,,0.0,0.0,2006-12-20,UNICORN,,,0.0,0.0,,,0001,113.0,,,,,,,,,,,,,0.0,0.0,E,,,0.0,,,,,,,,,,,,,0.0,0.0,,,0.0,0.0,0.0,0.0,0.0,0.0,56.0,,56.0,56.0,0.0,0.0,0.0,0.0,0.0,0.0,0.0,0.0,0.0,0.0,,,4803306557,0.0,0.0,0.0,,,,,0.0,0.0,X,56.0,0.0,0.0,X,0.0,0.0,0.0,0.0,0.0,0.0,0.0,,,,0.0,0.0,,,,,,,,0.0,0.0,0.0,0.0,,,,,,0.0,,,,,,,,,,,56.0,,,,56.0,,,,,,,,,,,0.0,,,0.0,0.0,,,,,,,,,,,,,,,,,,,,,,,I,False,2021-05-26 02:45:49+00:00
200,CUST62,US,Kindra Okuda Foods,,Chicago,60007,IL,,41 State St.,,,,15197,,,,,,,,57.0,57.0,,,0.0,0.0,2006-12-21,UNICORN,,,0.0,0.0,,,0001,118.0,,,,,,,,,,,,,0.0,0.0,E,,,0.0,,,,,,,,,,,,,0.0,0.0,,,0.0,0.0,0.0,0.0,0.0,0.0,57.0,,57.0,57.0,0.0,0.0,0.0,0.0,0.0,0.0,0.0,0.0,0.0,0.0,,,4803306558,0.0,0.0,0.0,,,,,0.0,0.0,X,57.0,0.0,0.0,X,0.0,0.0,0.0,0.0,0.0,0.0,0.0,,,,0.0,0.0,,,,,,,,0.0,0.0,0.0,0.0,,,,,,0.0,,,,,,,,,,,57.0,,,,57.0,,,,,,,,,,,0.0,,,0.0,0.0,,,,,,,,,,,,,,,,,,,,,,,I,False,2021-05-27 02:45:49+00:00
200,CUST63,US,Cordia Gravina Ltd,,Denver,80014,CO,,7 Palo Alto Airfield,,,,15198,,,,,,,,58.0,58.0,,,0.0,0.0,2006-12-22,UNICORN,,,0.0,0.0,,,0001,,,,,,,,,,,,,,0.0,0.0,E,,,0.0,,,,,,,,,,,,,0.0,0.0,,,0.0,0.0,0.0,0.0,0.0,0.0,58.0,,58.0,58.0,0.0,0.0,0.0,0.0,0.0,0.0,0.0,0.0,0.0,0.0,,,4803306559,0.0,0.0,0.0,,,,,0.0,0.0,X,58.0,0.0,0.0,X,0.0,0.0,0.0,0.0,0.0,0.0,0.0,,,,0.0,0.0,,,,,,,,0.0,0.0,0.0,0.0,,,,,,0.0,,,,,,,,,,,58.0,,,,58.0,,,,,,,,,,,0.0,,,0.0,0.0,,,,,,,,,,,,,,,,,,,,,,,I,False,2021-05-28 02:45:49+00:00
200,CUST64,US,Raleigh Mata Co.,,Miami,33101,FL,,456 455 Silver Road,,,,15199,,,,,,,,59.0,59.0,,,0.0,0.0,2006-12-23,UNICORN,,,0.0,0.0,,,ZAG14,,,,,,,,,,,,,,0.0,0.0,E,,,0.0,,,,,,,,,,,,,0.0,0.0,,,0.0,0.0,0.0,0.0,0.0,0.0,59.0,,59.0,59.0,0.0,0.0,0.0,0.0,0.0,0.0,0.0,0.0,0.0,0.0,,,4803306560,0.0,0.0,0.0,,,,,0.0,0.0,X,59.0,0.0,0.0,X,0.0,0.0,0.0,0.0,0.0,0.0,0.0,,,,0.0,0.0,,,,,,,,0.0,0.0,0.0,0.0,,,,,,0.0,,,,,,,,,,,59.0,,,,59.0,,,,,,,,,,,0.0,,,0.0,0.0,,,,,,,,,,,,,,,,,,,,,,,I,False,2021-05-29 02:45:49+00:00
200,CUST65,US,Lera Rea & Co,,New York,10001,NY,,456 455 Silver Road,,,,15200,,,,,,,,60.0,60.0,,,0.0,0.0,2006-12-24,UNICORN,,,0.0,0.0,,,0012,24.0,,,,,,,,,,,,,0.0,0.0,E,,,0.0,,,,,,,,,,,,,0.0,0.0,,,0.0,0.0,0.0,0.0,0.0,0.0,60.0,,60.0,60.0,0.0,0.0,0.0,0.0,0.0,0.0,0.0,0.0,0.0,0.0,,,4803306561,0.0,0.0,0.0,,,,,0.0,0.0,X,60.0,0.0,0.0,X,0.0,0.0,0.0,0.0,0.0,0.0,0.0,,,,0.0,0.0,,,,,,,,0.0,0.0,0.0,0.0,,,,,,0.0,,,,,,,,,,,60.0,,,,60.0,,,,,,,,,,,0.0,,,0.0,0.0,,,,,,,,,,,,,,,,,,,,,,,I,False,2021-05-30 02:45:49+00:00
200,CUST66,US,Market Keomuangtai,,New York,10001,NY,,205 Sandy Road,,,,15201,,,,,,,,61.0,61.0,,,0.0,0.0,2006-12-25,UNICORN,,,0.0,0.0,,,0001,123.0,,,,,,,,,,,,,0.0,0.0,E,,,0.0,,,,,,,,,,,,,0.0,0.0,,,0.0,0.0,0.0,0.0,0.0,0.0,61.0,,61.0,61.0,0.0,0.0,0.0,0.0,0.0,0.0,0.0,0.0,0.0,0.0,,,4803306562,0.0,0.0,0.0,,,,,0.0,0.0,X,61.0,0.0,0.0,X,0.0,0.0,0.0,0.0,0.0,0.0,0.0,,,,0.0,0.0,,,,,,,,0.0,0.0,0.0,0.0,,,,,,0.0,,,,,,,,,,,61.0,,,,61.0,,,,,,,,,,,0.0,,,0.0,0.0,,,,,,,,,,,,,,,,,,,,,,,I,False,2021-05-31 02:45:49+00:00
200,CUST67,CA,Eulalia Aultz,,Chicago,60007,IL,,40 State St.,,,,15202,,,,,,,,62.0,62.0,,,0.0,0.0,2006-12-26,UNICORN,,,0.0,0.0,,,0001,128.0,,,,,,,,,,,,,0.0,0.0,E,,,0.0,,,,,,,,,,,,,0.0,0.0,,,0.0,0.0,0.0,0.0,0.0,0.0,62.0,,62.0,62.0,0.0,0.0,0.0,0.0,0.0,0.0,0.0,0.0,0.0,0.0,,,4803306563,0.0,0.0,0.0,,,,,0.0,0.0,X,62.0,0.0,0.0,X,0.0,0.0,0.0,0.0,0.0,0.0,0.0,,,,0.0,0.0,,,,,,,,0.0,0.0,0.0,0.0,,,,,,0.0,,,,,,,,,,,62.0,,,,62.0,,,,,,,,,,,0.0,,,0.0,0.0,,,,,,,,,,,,,,,,,,,,,,,I,False,2021-06-01 02:45:49+00:00
200,CUST68,CA,Verde Limon,,Denver,80014,CO,,6 Palo Alto Airfield,,,,15203,,,,,,,,63.0,63.0,,,0.0,0.0,2006-12-27,UNICORN,,,0.0,0.0,,,0001,,,,,,,,,,,,,,0.0,0.0,E,,,0.0,,,,,,,,,,,,,0.0,0.0,,,0.0,0.0,0.0,0.0,0.0,0.0,63.0,,63.0,63.0,0.0,0.0,0.0,0.0,0.0,0.0,0.0,0.0,0.0,0.0,,,4803306564,0.0,0.0,0.0,,,,,0.0,0.0,X,63.0,0.0,0.0,X,0.0,0.0,0.0,0.0,0.0,0.0,0.0,,,,0.0,0.0,,,,,,,,0.0,0.0,0.0,0.0,,,,,,0.0,,,,,,,,,,,63.0,,,,63.0,,,,,,,,,,,0.0,,,0.0,0.0,,,,,,,,,,,,,,,,,,,,,,,I,False,2021-06-02 02:45:49+00:00
200,CUST69,CA,The best Sandwiches,,Miami,33101,FL,,456 455 Silver Road,,,,15204,,,,,,,,64.0,64.0,,,0.0,0.0,2006-12-28,UNICORN,,,0.0,0.0,,,ZAG15,,,,,,,,,,,,,,0.0,0.0,E,,,0.0,,,,,,,,,,,,,0.0,0.0,,,0.0,0.0,0.0,0.0,0.0,0.0,64.0,,64.0,64.0,0.0,0.0,0.0,0.0,0.0,0.0,0.0,0.0,0.0,0.0,,,4803306565,0.0,0.0,0.0,,,,,0.0,0.0,X,64.0,0.0,0.0,X,0.0,0.0,0.0,0.0,0.0,0.0,0.0,,,,0.0,0.0,,,,,,,,0.0,0.0,0.0,0.0,,,,,,0.0,,,,,,,,,,,64.0,,,,64.0,,,,,,,,,,,0.0,,,0.0,0.0,,,,,,,,,,,,,,,,,,,,,,,I,False,2021-06-03 02:45:49+00:00
200,CUST70,US,Foodie Wholesaler,,New York,10001,NY,,456 455 Silver Road,,,,15205,,,,,,,,65.0,65.0,,,0.0,0.0,2006-12-29,UNICORN,,,0.0,0.0,,,0013,25.0,,,,,,,,,,,,,0.0,0.0,E,,,0.0,,,,,,,,,,,,,0.0,0.0,,,0.0,0.0,0.0,0.0,0.0,0.0,65.0,,65.0,65.0,0.0,0.0,0.0,0.0,0.0,0.0,0.0,0.0,0.0,0.0,,,4803306566,0.0,0.0,0.0,,,,,0.0,0.0,X,65.0,0.0,0.0,X,0.0,0.0,0.0,0.0,0.0,0.0,0.0,,,,0.0,0.0,,,,,,,,0.0,0.0,0.0,0.0,,,,,,0.0,,,,,,,,,,,65.0,,,,65.0,,,,,,,,,,,0.0,,,0.0,0.0,,,,,,,,,,,,,,,,,,,,,,,I,False,2021-06-04 02:45:49+00:00
200,CUST71,US,The Crazy Icemaker,,New York,10001,NY,,206 Sandy Road,,,,15206,,,,,,,,66.0,66.0,,,0.0,0.0,2006-12-30,UNICORN,,,0.0,0.0,,,0001,133.0,,,,,,,,,,,,,0.0,0.0,E,,,0.0,,,,,,,,,,,,,0.0,0.0,,,0.0,0.0,0.0,0.0,0.0,0.0,66.0,,66.0,66.0,0.0,0.0,0.0,0.0,0.0,0.0,0.0,0.0,0.0,0.0,,,4803306567,0.0,0.0,0.0,,,,,0.0,0.0,X,66.0,0.0,0.0,X,0.0,0.0,0.0,0.0,0.0,0.0,0.0,,,,0.0,0.0,,,,,,,,0.0,0.0,0.0,0.0,,,,,,0.0,,,,,,,,,,,66.0,,,,66.0,,,,,,,,,,,0.0,,,0.0,0.0,,,,,,,,,,,,,,,,,,,,,,,I,False,2021-06-05 02:45:49+00:00
200,CUST72,US,Marica Seftick,,Chicago,60007,IL,,41 State St.,,,,15207,,,,,,,,67.0,67.0,,,0.0,0.0,2006-12-31,UNICORN,,,0.0,0.0,,,0001,138.0,,,,,,,,,,,,,0.0,0.0,E,,,0.0,,,,,,,,,,,,,0.0,0.0,,,0.0,0.0,0.0,0.0,0.0,0.0,67.0,,67.0,67.0,0.0,0.0,0.0,0.0,0.0,0.0,0.0,0.0,0.0,0.0,,,4803306568,0.0,0.0,0.0,,,,,0.0,0.0,X,67.0,0.0,0.0,X,0.0,0.0,0.0,0.0,0.0,0.0,0.0,,,,0.0,0.0,,,,,,,,0.0,0.0,0.0,0.0,,,,,,0.0,,,,,,,,,,,67.0,,,,67.0,,,,,,,,,,,0.0,,,0.0,0.0,,,,,,,,,,,,,,,,,,,,,,,I,False,2021-06-06 02:45:49+00:00
200,CUST73,US,Lilian Hulstine,,Denver,80014,CO,,7 Palo Alto Airfield,,,,15208,,,,,,,,68.0,68.0,,,0.0,0.0,2007-01-01,UNICORN,,,0.0,0.0,,,0001,,,,,,,,,,,,,,0.0,0.0,E,,,0.0,,,,,,,,,,,,,0.0,0.0,,,0.0,0.0,0.0,0.0,0.0,0.0,68.0,,68.0,68.0,0.0,0.0,0.0,0.0,0.0,0.0,0.0,0.0,0.0,0.0,,,4803306569,0.0,0.0,0.0,,,,,0.0,0.0,X,68.0,0.0,0.0,X,0.0,0.0,0.0,0.0,0.0,0.0,0.0,,,,0.0,0.0,,,,,,,,0.0,0.0,0.0,0.0,,,,,,0.0,,,,,,,,,,,68.0,,,,68.0,,,,,,,,,,,0.0,,,0.0,0.0,,,,,,,,,,,,,,,,,,,,,,,I,False,2021-06-07 02:45:49+00:00
200,CUST74,US,Norberto Zentz,,Miami,33101,FL,,456 455 Silver Road,,,,15209,,,,,,,,69.0,69.0,,,0.0,0.0,2007-01-02,UNICORN,,,0.0,0.0,,,ZAG16,,,,,,,,,,,,,,0.0,0.0,E,,,0.0,,,,,,,,,,,,,0.0,0.0,,,0.0,0.0,0.0,0.0,0.0,0.0,69.0,,69.0,69.0,0.0,0.0,0.0,0.0,0.0,0.0,0.0,0.0,0.0,0.0,,,4803306570,0.0,0.0,0.0,,,,,0.0,0.0,X,69.0,0.0,0.0,X,0.0,0.0,0.0,0.0,0.0,0.0,0.0,,,,0.0,0.0,,,,,,,,0.0,0.0,0.0,0.0,,,,,,0.0,,,,,,,,,,,69.0,,,,69.0,,,,,,,,,,,0.0,,,0.0,0.0,,,,,,,,,,,,,,,,,,,,,,,I,False,2021-06-08 02:45:49+00:00
200,CUST75,CA,Dominick Swartout,,New York,10001,NY,,456 455 Silver Road,,,,15210,,,,,,,,70.0,70.0,,,0.0,0.0,2007-01-03,UNICORN,,,0.0,0.0,,,0014,26.0,,,,,,,,,,,,,0.0,0.0,E,,,0.0,,,,,,,,,,,,,0.0,0.0,,,0.0,0.0,0.0,0.0,0.0,0.0,70.0,,70.0,70.0,0.0,0.0,0.0,0.0,0.0,0.0,0.0,0.0,0.0,0.0,,,4803306571,0.0,0.0,0.0,,,,,0.0,0.0,X,70.0,0.0,0.0,X,0.0,0.0,0.0,0.0,0.0,0.0,0.0,,,,0.0,0.0,,,,,,,,0.0,0.0,0.0,0.0,,,,,,0.0,,,,,,,,,,,70.0,,,,70.0,,,,,,,,,,,0.0,,,0.0,0.0,,,,,,,,,,,,,,,,,,,,,,,I,False,2021-06-09 02:45:49+00:00
200,CUST76,US,Ada Burchette,,New York,10001,NY,,207 Sandy Road,,,,15211,,,,,,,,71.0,71.0,,,0.0,0.0,2007-01-04,UNICORN,,,0.0,0.0,,,0001,143.0,,,,,,,,,,,,,0.0,0.0,E,,,0.0,,,,,,,,,,,,,0.0,0.0,,,0.0,0.0,0.0,0.0,0.0,0.0,71.0,,71.0,71.0,0.0,0.0,0.0,0.0,0.0,0.0,0.0,0.0,0.0,0.0,,,4803306572,0.0,0.0,0.0,,,,,0.0,0.0,X,71.0,0.0,0.0,X,0.0,0.0,0.0,0.0,0.0,0.0,0.0,,,,0.0,0.0,,,,,,,,0.0,0.0,0.0,0.0,,,,,,0.0,,,,,,,,,,,71.0,,,,71.0,,,,,,,,,,,0.0,,,0.0,0.0,,,,,,,,,,,,,,,,,,,,,,,I,False,2021-06-10 02:45:49+00:00
200,0000003251,US,Saputo Inc,,PALO ALTO,94303,CA,A&D,1 Palo Alto Airfield,,,,7941,SAPUTO INC,,PALO ALTO,,,,,0.0,0.0,,,0.0,0.0,2003-11-17,UNICORN,,,0.0,0.0,,,0001,2.0,,,,,,,,SANTA CLARA,,,,,0.0,0.0,E,,,0.0,,0.0,,0.0,,4.0,,,,,,,0.0,0.0,,,0.0,0.0,0.0,0.0,0.0,0.0,1997.0,USD,25.0,1997.0,0.0,0.0,0.0,0.0,0.0,0.0,0.0,0.0,0.0,0.0,,1200000.0,0508525201,0.0,0.0,0.0,,,,,0.0,0.0,X,0.0,0.0,0.0,X,0.0,0.0,0.0,0.0,0.0,0.0,0.0,,,,0.0,0.0,,,,,,,,0.0,0.0,0.0,0.0,,,,,,0.0,,,,,,,,,,,0.0,,,,0.0,,,,,,,,,,,0.0,,,0.0,0.0,,,,,,,,,,,,,,,,,,,,,,,I,False,2021-03-31 02:45:49+00:00
50,0001000053,US,TEST 123,,,,,,,,,,23139,TEST 123,,,Mr.,,,,,,,,,,2022-03-10,DEEPAKV,,,,,,,1000,,,,,,,,,,,,,,,,E,,,,,,,,,,,,,,,,,,,,,,,,,,,,,,,,,,,,,,,,,,,,,,,,,,,,X,,,,X,,,,,,,,,,,,,,,,,,,,,,,,,,,,,,,,,,,,,,,,,,,,,,,,,,,,,,,,,,,,,,,,,,,,,,,,,,,,,,,,,,I,False,2022-03-17 18:12:54.204099+00:00
50,0001000053,US,TEST 123_Change,,,,,,,,,,23139,TEST 123_CHANGE,,,Mr.,,,,,,,,,,2022-03-10,DEEPAKV,,,,,,,1000,,,,,,,,,,,,,,,,E,,,,,,,,,,,,,,,,,,,,,,,,,,,,,,,,,,,,,,,,,,,,,,,,,,,,X,,,,X,,,,,,,,,,,,,,,,,,,,,,,,,,,,,,,,,,,,,,,,,,,,,,,,,,,,,,,,,,,,,,,,,,,,,,,,,,,,,,,,,,U,False,2022-03-20 09:39:56.288276+00:00
50,0001000053,US,Customer-Oregon,,Portland,,OR,OREGON,,,,,23139,CUSTOMER-OREGON,,PORTLAND,Mr.,,,,,,,,,,2022-03-10,DEEPAKV,,,,,,,1000,,,,,,,,,,,,,,,,E,,,,,,,,,,,,,,,,,,,,,,,,,,,,,,,,,,,,,,,,,,,,,,,,,,,,X,,,,X,,,,,,,,,,,,,,,,,,,,,,,,,,,,,,,,,,,,,,,,,,,,,,,,,,,,,,,,,,,,,,,,,,,,,,,,,,,,,,,,,,U,False,2022-03-29 06:43:09.202227+00:00
100,0001000053,US,Customer-Oregon,,Portland,,OR,OREGON,,,,,23139,CUSTOMER-OREGON,,PORTLAND,Mr.,,,,,,,,,,2022-03-10,DEEPAKV,,,,,,,1000,,,,,,,,,,,,,,,,E,,,,,,,,,,,,,,,,,,,,,,,,,,,,,,,,,,,,,,,,,,,,,,,,,,,,X,,,,X,,,,,,,,,,,,,,,,,,,,,,,,,,,,,,,,,,,,,,,,,,,,,,,,,,,,,,,,,,,,,,,,,,,,,,,,,,,,,,,,,,I,False,2022-04-21 14:55:05.064935+00:00
50,0001000060,US,TEST 234,,,,,,,,,,23162,TEST 234,,,,,,,,,,,,,2022-03-20,DEEPAKV,,,,,,,1000,,,,,,,,,,,,,,,,E,,,,,,,,,,,,,,,,,,,,,,,,,,,,,,,,,,,,,,,,,,,,,,,,,,,,X,,,,X,,,,,,,,,,,,,,,,,,,,,,,,,,,,,,,,,,,,,,,,,,,,,,,,,,,,,,,,,,,,,,,,,,,,,,,,,,,,,,,,,,I,False,2022-03-20 05:17:02.232703+00:00
50,0001000060,US,TEST 234_Change,,,,,,,,,,23162,TEST 234_CHANGE,,,,,,,,,,,,,2022-03-20,DEEPAKV,,,,,,,1000,,,,,,,,,,,,,,,,E,,,,,,,,,,,,,,,,,,,,,,,,,,,,,,,,,,,,,,,,,,,,,,,,,,,,X,,,,X,,,,,,,,,,,,,,,,,,,,,,,,,,,,,,,,,,,,,,,,,,,,,,,,,,,,,,,,,,,,,,,,,,,,,,,,,,,,,,,,,,U,False,2022-03-20 09:40:56.079217+00:00
50,0001000060,US,Customer- Seattle-Tacoma,,Seattle-Tacoma,,WA,SEATTLE-TA,,,,,23162,CUSTOMER- SEATTLE-TACOMA,,SEATTLE-TACOMA,Company,,,,,,,,,,2022-03-20,DEEPAKV,,,,,,,1000,,,,,,,,,,,,,,,,E,,,,,,,,,,,,,,,,,,,,,,,,,,,,,,,,,,,,,,,,,,,,,,,,,,,,X,,,,X,,,,,,,,,,,,,,,,,,,,,,,,,,,,,,,,,,,,,,,,,,,,,,,,,,,,,,,,,,,,,,,,,,,,,,,,,,,,,,,,,,U,False,2022-03-29 06:44:01.028613+00:00
100,0001000060,US,Customer- Seattle-Tacoma,,Seattle-Tacoma,,WA,SEATTLE-TA,,,,,23162,CUSTOMER- SEATTLE-TACOMA,,SEATTLE-TACOMA,Company,,,,,,,,,,2022-03-20,DEEPAKV,,,,,,,1000,,,,,,,,,,,,,,,,E,,,,,,,,,,,,,,,,,,,,,,,,,,,,,,,,,,,,,,,,,,,,,,,,,,,,X,,,,X,,,,,,,,,,,,,,,,,,,,,,,,,,,,,,,,,,,,,,,,,,,,,,,,,,,,,,,,,,,,,,,,,,,,,,,,,,,,,,,,,,I,False,2022-04-21 14:55:05.064935+00:00
50,0000000001,AU,Test,,Territory,2612,ACT,TEST,,,,,23110,TEST,,TERRITORY,Mr. and Mrs.,,,,,,,,,,2022-02-28,MAHITHA,,,,,,,0004,,,,,,,,,,,,,,,,E,,,,,,,,,,,,,,,,,,,,,,,,,,,,,,,,,,,,,,,,,,,,,,,,,,,,X,,,,,,,,,,,,,,,,,,,,,,,,,,,,,,,,,,,,,,,,,,,,,,,,,,,,,,,,,,,,,,,,,,,,,,,,,,,,,,,,,,,,,,I,False,2022-02-28 07:02:21.447539+00:00
100,0000000001,AU,Test,,Territory,2612,ACT,TEST,,,,,23110,TEST,,TERRITORY,Mr. and Mrs.,,,,,,,,,,2022-02-28,MAHITHA,,,,,,,0004,,,,,,,,,,,,,,,,E,,,,,,,,,,,,,,,,,,,,,,,,,,,,,,,,,,,,,,,,,,,,,,,,,,,,X,,,,,,,,,,,,,,,,,,,,,,,,,,,,,,,,,,,,,,,,,,,,,,,,,,,,,,,,,,,,,,,,,,,,,,,,,,,,,,,,,,,,,,I,False,2022-04-21 14:55:05.064935+00:00
50,0000000002,US,Test,,Dallas,75250,,TEST,,,,,23111,TEST,,DALLAS,Mr. and Mrs.,,,,,,,,,,2022-02-28,MAHITHA,,,,,,,0004,,,,,,,,,,,,,,,,E,,,,,,,,,,,,,,,,,,,,,,,,,,,,,,,,,,,,,,,,,,,,,,,,,,,,X,,,,,,,,,,,,,,,,,,,,,,,,,,,,,,,,,,,,,,,,,,,,,,,,,,,,,,,,,,,,,,,,,,,,,,,,,,,,,,,,,,,,,,I,False,2022-02-28 07:08:08.586511+00:00
100,0000000002,US,Test,,Dallas,75250,,TEST,,,,,23111,TEST,,DALLAS,Mr. and Mrs.,,,,,,,,,,2022-02-28,MAHITHA,,,,,,,0004,,,,,,,,,,,,,,,,E,,,,,,,,,,,,,,,,,,,,,,,,,,,,,,,,,,,,,,,,,,,,,,,,,,,,X,,,,,,,,,,,,,,,,,,,,,,,,,,,,,,,,,,,,,,,,,,,,,,,,,,,,,,,,,,,,,,,,,,,,,,,,,,,,,,,,,,,,,,I,False,2022-04-21 14:55:05.064935+00:00
50,0000000003,US,Testing,,,,,,,,,,23112,TESTING,,,,,,,,,,,,,2022-02-28,MAHITHA,,,,,,,0001,,,,,,,,,,,,,,,,E,,,,,,,,,,,,,,,,,,,,,,,,,,,,,,,,,,,,,,,,,,,,,,,,,,,,X,,,,X,,,,,,,,,,,,,,,,,,,,,,,,,,,,,,,,,,,,,,,,,,,,,,,,,,,,,,,,,,,,,,,,,,,,,,,,,,,,,,,,,,I,False,2022-02-28 07:24:44.995446+00:00
100,0000000003,US,Testing,,,,,,,,,,23112,TESTING,,,,,,,,,,,,,2022-02-28,MAHITHA,,,,,,,0001,,,,,,,,,,,,,,,,E,,,,,,,,,,,,,,,,,,,,,,,,,,,,,,,,,,,,,,,,,,,,,,,,,,,,X,,,,X,,,,,,,,,,,,,,,,,,,,,,,,,,,,,,,,,,,,,,,,,,,,,,,,,,,,,,,,,,,,,,,,,,,,,,,,,,,,,,,,,,I,False,2022-04-21 14:55:05.064935+00:00
50,0000000004,US,xyz,,,,,,,,,,23113,XYZ,,,Company,,,,,,,,,,2022-02-28,MAHITHA,,,,,,,0001,,,,,,,,,,,,,,,,E,,,,,,,,,,,,,,,,,,,,,,,,,,,,,,,,,,,,,,,,,,,,,,,,,,,,X,,,,X,,,,,,,,,,,,,,,,,,,,,,,,,,,,,,,,,,,,,,,,,,,,,,,,,,,,,,,,,,,,,,,,,,,,,,,,,,,,,,,,,,I,False,2022-02-28 07:38:47.634408+00:00
50,0000000004,US,xyz,,,75250,,,Dallas,,,,23113,XYZ,,,Company,1.0,,,,,,,,,2022-02-28,MAHITHA,,,,,,,0001,,,,,,,,,,,,,,,,E,,,,,,,,,,,,,,,,,,,,,,,,,,,,,,,,,,,,,,,,,,,,,,,,,,,,X,,,,X,,,,,,,,,,,,,,,,,,,,,,,,,,,,,,,,,,,,,,,,,,,,,,,,,,,,,,,,,,,,,,,,,,,,,,,,,,,,,,,,,,U,False,2022-02-28 08:35:53.009540+00:00
50,0000000004,US,xyz,,,75250,,,Dallas,,,,23113,XYZ,,,Company,1.0,,,,,,,,,2022-02-28,MAHITHA,,1.0,,,,,0001,,,1.0,,,,,,,,,,,,,E,,,,,,,,,,,,,,,,,,,,,,,,,,,,,,,,,,,,,,,,,,,,,,,,,,,,X,,,,X,,,,,,,,,,,,,,,,,,,,,,,,X,,,,,,,,,,,,,,,,,,,,,,,,,,,,,,,,,,,,,,,,,,,,,,,,,,,,,,,,,,U,False,2022-02-28 08:37:51.114184+00:00
50,0000000004,US,xyz,,,75250,,,Dallas,,,,23113,XYZ,,,Company,,,,,,,,,,2022-02-28,MAHITHA,,,,,,,0001,,,,,,,,,,,,,,,,E,,,,,,,,,,,,,,,,,,,,,,,,,,,,,,,,,,,,,,,,,,,,,,,,,,,,X,,,,X,,,,,,,,,,,,,,,,,,,,,,,,,,,,,,,,,,,,,,,,,,,,,,,,,,,,,,,,,,,,,,,,,,,,,,,,,,,,,,,,,,U,False,2022-02-28 07:53:59.140228+00:00
100,0000000004,US,xyz,,,75250,,,Dallas,,,,23113,XYZ,,,Company,1.0,,,,,,,,,2022-02-28,MAHITHA,,1.0,,,,,0001,,,1.0,,,,,,,,,,,,,E,,,,,,,,,,,,,,,,,,,,,,,,,,,,,,,,,,,,,,,,,,,,,,,,,,,,X,,,,X,,,,,,,,,,,,,,,,,,,,,,,,X,,,,,,,,,,,,,,,,,,,,,,,,,,,,,,,,,,,,,,,,,,,,,,,,,,,,,,,,,,I,False,2022-04-21 14:55:05.064935+00:00
50,0000000005,US,Company,,,,,TEST,,,,,23114,COMPANY,,,Mr.,,,,,,,,,,2022-02-28,MAHITHA,,,,,,,0001,,,,,,,,,,,,,,,,E,,,,,,,,,,,,,,,,,,,,,,,,,,,,,,,,,,,,,,,,,,,,,,,,,,,,X,,,,X,,,,,,,,,,,,,,,,,,,,,,,,,,,,,,,,,,,,,,,,,,,,,,,,,,,,,,,,,,,,,,,,,,,,,,,,,,,,,,,,,,I,False,2022-02-28 13:58:15.700510+00:00
50,0000000005,US,Company,,,,,TEST,,,,,23114,COMPANY,,,Mr.,,,,,,,,,,2022-02-28,MAHITHA,,,,,,,0001,,,,,X,,,,,,,,,,,E,,,,,,,,,,,,,,,,,,,,,,,,,,,,,,,,,,,,,,,,,,,,,,,,,,,,X,,,,X,,,,,,,,,,,,,,,,,,,,,,,,,,,,,,,,X,,,,,,,,,,,,,,,,,,,,,,,,,,,,,,,,,,,,,,,,,,,,,,,,,,U,False,2022-03-01 04:24:49.532635+00:00
100,0000000005,US,Company,,,,,TEST,,,,,23114,COMPANY,,,Mr.,,,,,,,,,,2022-02-28,MAHITHA,,,,,,,0001,,,,,X,,,,,,,,,,,E,,,,,,,,,,,,,,,,,,,,,,,,,,,,,,,,,,,,,,,,,,,,,,,,,,,,X,,,,X,,,,,,,,,,,,,,,,,,,,,,,,,,,,,,,,X,,,,,,,,,,,,,,,,,,,,,,,,,,,,,,,,,,,,,,,,,,,,,,,,,,I,False,2022-04-21 14:55:05.064935+00:00
50,0000000006,US,abcd,,,75250,CA,TEST,Dallas,,,,23115,ABCD,,,Company,,,,,,,,,,2022-03-01,MAHITHA,,,,,,,0001,,,,,,,,,,,,,,,,E,,,,,,,,,,,,,,,,,,,,,,,,,,,,,,,,,,,,,,,,,,,,,,,,,,,,X,,,,X,,,,,,,,,,,,,,,,,,,,,,,,,,,,,,,,,,,,,,,,,,,,,,,,,,,,,,,,,,,,,,,,,,,,,,,,,,,,,,,,,,I,False,2022-03-01 06:06:14.868918+00:00
50,0000000006,US,abcde,,,75250,CA,TEST,Dallas,,,,23115,ABCDE,,,Company,,,,,,,,,,2022-03-01,MAHITHA,,,,,,,0001,,,,,,,,,,,,,,,,E,,,,,,,,,,,,,,,,,,,,,,,,,,,,,,,,,,,,,,,,,,,,,,,,,,,,X,,,,X,,,,,,,,,,,,,,,,,,,,,,,,,,,,,,,,,,,,,,,,,,,,,,,,,,,,,,,,,,,,,,,,,,,,,,,,,,,,,,,,,,U,False,2022-03-01 06:06:56.102061+00:00
50,0000000006,US,abcde,,,75250,CA,TEST,Dallas,,,,23115,ABCDE,,,Company,,,,,,,,,,2022-03-01,MAHITHA,,,,,,,0001,,,,,X,,,,,,,,,,,E,,,,,,,,,,,,,,,,,,,,,,,,,,,,,,,,,,,,,,,,,,,,,,,,,,,,X,,,,X,,,,,,,,,,,,,,,,,,,,,,,,,,,,,,,,X,,,,,,,,,,,,,,,,,,,,,,,,,,,,,,,,,,,,,,,,,,,,,,,,,,U,False,2022-03-01 06:39:32.018154+00:00
100,0000000006,US,abcde,,,75250,CA,TEST,Dallas,,,,23115,ABCDE,,,Company,,,,,,,,,,2022-03-01,MAHITHA,,,,,,,0001,,,,,X,,,,,,,,,,,E,,,,,,,,,,,,,,,,,,,,,,,,,,,,,,,,,,,,,,,,,,,,,,,,,,,,X,,,,X,,,,,,,,,,,,,,,,,,,,,,,,,,,,,,,,X,,,,,,,,,,,,,,,,,,,,,,,,,,,,,,,,,,,,,,,,,,,,,,,,,,I,False,2022-04-21 14:55:05.064935+00:00
250,0000000003,NL,Noval Ltd,,Amsterdam,0015 AH,,,65 North way,,,,22981,NOVAL LTD,,AMSTERDAM,Company,,,,,,,,,,2022-01-13,PKADARI,,,,,,,DEBI,,,,,,,,,,,,,,,,E,,,,,,,,,,,,,,,,,,,,,,,,,,,,,,,,,,,,,,,,,,,,,,,,,,,,X,,,,,,,,,,,,,,,,,,,,,,,,,,,,,,,,,,,,,,,,,,,,,,,,,,,,,,,,,,,,,,,,,,,,,,,,,,,,,,,,,,,,,,L,False,2022-01-31 20:42:04.648706+00:00
50,0001000038,DE,customer-standard,,Hamburg,,02,CUSTOMER,,,,,23086,CUSTOMER-STANDARD,,HAMBURG,Company,,,,,,,,,,2022-01-30,SATISHE,,,,,,,1000,,,,,,,,,,,,,,,,E,,,,,,,,,,,,,,,,,,,,,,,,,,,,,,,,,,,,,,,,,,,,,,,,,,,,X,,,,X,,,,,,,,,,,,,,,,,,,,,,,,,,,,,,,,,,,,,,,,,,,,,,,,,,,,,,,,,,,,,,,,,,,,,,,,,,,,,,,,,,L,False,2022-01-31 20:42:04.648706+00:00
50,0001000040,JP,customer-standard,,Tokyo,,13,CUSTOMER,,,,,23091,CUSTOMER-STANDARD,,TOKYO,Company,,,,,,,,,,2022-02-01,SATISHE,,,,,,,1000,,,,,,,,,,,,,,,,E,,,,,,,,,,,,,,,,,,,,,,,,,,,,,,,,,,,,,,,,,,,,,,,,,,,,X,,,,X,,,,,,,,,,,,,,,,,,,,,,,,,,,,,,,,,,,,,,,,,,,,,,,,,,,,,,,,,,,,,,,,,,,,,,,,,,,,,,,,,,I,False,2022-02-01 08:17:24.101993+00:00
50,0001000040,JP,customer-JP-JAPAN,,Tokyo,,13,CUSTOMER,,,,,23091,CUSTOMER-JP-JAPAN,,TOKYO,Company,,,,,,,,,,2022-02-01,SATISHE,,,,,,,1000,,,,,,,,,,,,,,,,E,,,,,,,,,,,,,,,,,,,,,,,,,,,,,,,,,,,,,,,,,,,,,,,,,,,,X,,,,X,,,,,,,,,,,,,,,,,,,,,,,,,,,,,,,,,,,,,,,,,,,,,,,,,,,,,,,,,,,,,,,,,,,,,,,,,,,,,,,,,,U,False,2022-03-04 19:29:05.196930+00:00
50,0001000040,JP,customer-Tokyo,,Tokyo,,13,TOKYO,,,,,23091,CUSTOMER-TOKYO,,TOKYO,Company,,,,,,,,,,2022-02-01,SATISHE,,,,,,,1000,,,,,,,,,,,,,,,,E,,,,,,,,,,,,,,,,,,,,,,,,,,,,,,,,,,,,,,,,,,,,,,,,,,,,X,,,,X,,,,,,,,,,,,,,,,,,,,,,,,,,,,,,,,,,,,,,,,,,,,,,,,,,,,,,,,,,,,,,,,,,,,,,,,,,,,,,,,,,U,False,2022-03-29 07:51:11.419768+00:00
100,0001000040,JP,customer-Tokyo,,Tokyo,,13,TOKYO,,,,,23091,CUSTOMER-TOKYO,,TOKYO,Company,,,,,,,,,,2022-02-01,SATISHE,,,,,,,1000,,,,,,,,,,,,,,,,E,,,,,,,,,,,,,,,,,,,,,,,,,,,,,,,,,,,,,,,,,,,,,,,,,,,,X,,,,X,,,,,,,,,,,,,,,,,,,,,,,,,,,,,,,,,,,,,,,,,,,,,,,,,,,,,,,,,,,,,,,,,,,,,,,,,,,,,,,,,,I,False,2022-04-21 14:55:05.064935+00:00
50,0001000046,CA,customer,,Toronto,50001,ON,CUSTOMER,,,,,23117,CUSTOMER,,TORONTO,Company,,,,,,,,,,2022-03-03,SATISHE,,,,,,,1000,,,,,,,,,,,,,,,,E,,,,,,,,,,,,,,,,,,,,,,,,,,,,,,,,,,,,,,,,,,,,,,,,,,,,X,,,,X,,,,,,,,,,,,,,,,,,,,,,,,,,,,,,,,,,,,,,,,,,,,,,,,,,,,,,,,,,,,,,,,,,,,,,,,,,,,,,,,,,I,False,2022-03-03 11:05:02.620685+00:00
50,0001000046,US,customer-Texas,,Dallas,50001,TX,TEXAS,,,,,23117,CUSTOMER-TEXAS,,DALLAS,Company,,,,,,,,,,2022-03-03,SATISHE,,,,,,,1000,,,,,,,,,,,,,,,,E,,,,,,,,,,,,,,,,,,,,,,,,,,,,,,,,,,,,,,,,,,,,,,,,,,,,X,,,,X,,,,,,,,,,,,,,,,,,,,,,,,,,,,,,,,,,,,,,,,,,,,,,,,,,,,,,,,,,,,,,,,,,,,,,,,,,,,,,,,,,U,False,2022-03-29 06:38:28.568820+00:00
50,0001000046,US,customer-Texas,,Dallas,50001,TX,TEXAS,,,,,23117,CUSTOMER-TEXAS,,DALLAS,Company,,,,,,,,,,2022-03-03,SATISHE,,,,,,,1000,,,,,,,,,,,,,,,,E,,,,,,,,,,,,,,,,,,,,,,,,,,,,,,,,,,,,,,,,,,,,,,,,,,,,X,,,,X,,,,,,,,,,,,,,,,,,,,,,,,,,,,,,,,,,,,,,,,,,,,,,,,,,,,,,,,,,,,,,,,,,,,,,,,,,,,,,,,,,U,False,2022-03-29 06:38:38.276608+00:00
100,0001000046,US,customer-Texas,,Dallas,50001,TX,TEXAS,,,,,23117,CUSTOMER-TEXAS,,DALLAS,Company,,,,,,,,,,2022-03-03,SATISHE,,,,,,,1000,,,,,,,,,,,,,,,,E,,,,,,,,,,,,,,,,,,,,,,,,,,,,,,,,,,,,,,,,,,,,,,,,,,,,X,,,,X,,,,,,,,,,,,,,,,,,,,,,,,,,,,,,,,,,,,,,,,,,,,,,,,,,,,,,,,,,,,,,,,,,,,,,,,,,,,,,,,,,I,False,2022-04-21 14:55:05.064935+00:00
50,0001000047,DE,customer-g,,Hamburg,50001,02,CUSTOMER,,,,,23118,CUSTOMER-G,,HAMBURG,Company,,,,,,,,,,2022-03-03,SATISHE,,,,,,,1000,,,,,,,,,,,,,,,,E,,,,,,,,,,,,,,,,,,,,,,,,,,,,,,,,,,,,,,,,,,,,,,,,,,,,X,,,,X,,,,,,,,,,,,,,,,,,,,,,,,,,,,,,,,,,,,,,,,,,,,,,,,,,,,,,,,,,,,,,,,,,,,,,,,,,,,,,,,,,I,False,2022-03-03 11:42:00.106700+00:00
100,0001000047,DE,customer-g,,Hamburg,50001,02,CUSTOMER,,,,,23118,CUSTOMER-G,,HAMBURG,Company,,,,,,,,,,2022-03-03,SATISHE,,,,,,,1000,,,,,,,,,,,,,,,,E,,,,,,,,,,,,,,,,,,,,,,,,,,,,,,,,,,,,,,,,,,,,,,,,,,,,X,,,,X,,,,,,,,,,,,,,,,,,,,,,,,,,,,,,,,,,,,,,,,,,,,,,,,,,,,,,,,,,,,,,,,,,,,,,,,,,,,,,,,,,I,False,2022-04-21 14:55:05.064935+00:00
50,0001100001,JP,customer-EXPORT,,TOKYO,,13,JAPAN,,,,,23157,CUSTOMER-EXPORT,,TOKYO,Company,,,,,,,,,,2022-03-18,SATISHE,,,,,,,1100,,,,,,,,,,,,,,,,E,,,,,,,,,,,,,,,,,,,,,,,,,,,,,,,,,,,,,,,,,,,,,,,,,,,,X,,,,X,,,,,,,,,,,,,,,,,,,,,,,,,,,,,,,,,,,,,,,,,,,,,,,,,,,,,,,,,,,,,,,,,,,,,,,,,,,,,,,,,,I,False,2022-03-18 11:29:36.445129+00:00
100,0001100001,JP,customer-EXPORT,,TOKYO,,13,JAPAN,,,,,23157,CUSTOMER-EXPORT,,TOKYO,Company,,,,,,,,,,2022-03-18,SATISHE,,,,,,,1100,,,,,,,,,,,,,,,,E,,,,,,,,,,,,,,,,,,,,,,,,,,,,,,,,,,,,,,,,,,,,,,,,,,,,X,,,,X,,,,,,,,,,,,,,,,,,,,,,,,,,,,,,,,,,,,,,,,,,,,,,,,,,,,,,,,,,,,,,,,,,,,,,,,,,,,,,,,,,I,False,2022-04-21 14:55:05.064935+00:00
50,0001000038,DE,customer-GE-Hamburg,,Hamburg,,02,CUSTOMER,,,,,23086,CUSTOMER-GE-HAMBURG,,HAMBURG,Company,,,,,,,,,,2022-01-30,SATISHE,,,,,,,1000,,,,,,,,,,,,,,,,E,,,,,,,,,1.0,,,,,,,,,,,,,,,,,,,,,,,,,,,,,,,,,,,,,,,,,,,X,,,,X,,,,,,,,,,,,,,,,,,,,,,,,,,,,,,,,,,,,,,,,,,,,,,,,,,,,,,,,,,,,,,,,,,,,,,,,,,,,,,,,,,U,False,2022-03-04 19:28:06.595977+00:00
50,0001000038,DE,customer-Berlin,,Berlin,,11,BERLIN,,,,,23086,CUSTOMER-BERLIN,,BERLIN,Company,,,,,,,,,,2022-01-30,SATISHE,,,,,,,1000,,,,,,,,,,,,,,,,E,,,,,,,,,1.0,,,,,,,,,,,,,,,,,,,,,,,,,,,,,,,,,,,,,,,,,,,X,,,,X,,,,,,,,,,,,,,,,,,,,,,,,,,,,,,,,,,,,,,,,,,,,,,,,,,,,,,,,,,,,,,,,,,,,,,,,,,,,,,,,,,U,False,2022-03-29 07:55:21.820438+00:00
100,0001000038,DE,customer-Berlin,,Berlin,,11,BERLIN,,,,,23086,CUSTOMER-BERLIN,,BERLIN,Company,,,,,,,,,,2022-01-30,SATISHE,,,,,,,1000,,,,,,,,,,,,,,,,E,,,,,,,,,1.0,,,,,,,,,,,,,,,,,,,,,,,,,,,,,,,,,,,,,,,,,,,X,,,,X,,,,,,,,,,,,,,,,,,,,,,,,,,,,,,,,,,,,,,,,,,,,,,,,,,,,,,,,,,,,,,,,,,,,,,,,,,,,,,,,,,I,False,2022-04-21 14:55:05.064935+00:00
50,0001000051,DE,CUSTOMER04,,Indiana,50001,02,CUSTOMER,Metrotech Center 77711,(760) 360-6900,(760) 360-6900,,23128,CUSTOMER04,,INDIANA,Company,,,,,,,,,,2022-03-07,SATISHE,X,,,,,,1000,,,,,,,,,,112.0,50003.0,,,,,E,,,,,,8099121212.0,,,1.0,,,,,,,,,,,,,,,,,,,,,,,,,,,,,,,,,,,,,,,,,,,X,,,,X,,,,,,,,,,,,,,,,,,,,,,,,,,,,,,,,,,,,,,,,,,,,,,,,,,,,,,,,,,,,,,,,,,,,,,,,,,,,,,,,,,I,False,2022-03-07 11:21:25.947515+00:00
50,0001000051,DE,CUSTOMER-Bavaria,,Bavaria,50001,09,BAVARIA,Metrotech Center 77711,(760) 360-6900,(760) 360-6900,,23128,CUSTOMER-BAVARIA,,BAVARIA,Company,,,,,,,,,,2022-03-07,SATISHE,X,,,,,,1000,,,,,,,,,,112.0,50003.0,,,,,E,,,,,,8099121212.0,,,1.0,,,,,,,,,,,,,,,,,,,,,,,,,,,,,,,,,,,,,,,,,,,X,,,,X,,,,,,,,,,,,,,,,,,,,,,,,,,,,,,,,,,,,,,,,,,,,,,,,,,,,,,,,,,,,,,,,,,,,,,,,,,,,,,,,,,U,False,2022-03-29 07:56:31.480573+00:00
100,0001000051,DE,CUSTOMER-Bavaria,,Bavaria,50001,09,BAVARIA,Metrotech Center 77711,(760) 360-6900,(760) 360-6900,,23128,CUSTOMER-BAVARIA,,BAVARIA,Company,,,,,,,,,,2022-03-07,SATISHE,X,,,,,,1000,,,,,,,,,,112.0,50003.0,,,,,E,,,,,,8099121212.0,,,1.0,,,,,,,,,,,,,,,,,,,,,,,,,,,,,,,,,,,,,,,,,,,X,,,,X,,,,,,,,,,,,,,,,,,,,,,,,,,,,,,,,,,,,,,,,,,,,,,,,,,,,,,,,,,,,,,,,,,,,,,,,,,,,,,,,,,I,False,2022-04-21 14:55:05.064935+00:00
50,0001000052,JP,CUSTOMER05,,TOKYO,6000112,13,CUSTOMER, 77,(760) 360-6900,(760) 360-6900,,23131,CUSTOMER05,,TOKYO,Company,,,,,,,,,,2022-03-07,SATISHE,X,,,,,,1000,2.0,,,,,,,1.0,,112.0,6000112.0,,,,,E,,,,,,8099121212.0,,,1.0,,,,,,,,,,,,,,,,,,,,,,,,,,,,,,,,,,,,,,,,,,,X,,,,X,,,,,,,,,,,,,,,,,,,,,,,,,,,,,,,,,,,,,,,,,,,,,,,,,,,,,,,,,,,,,,,,,,,,,,,,,,,,,,,,,,I,False,2022-03-07 11:45:54.972297+00:00
50,0001000052,JP,customer-Tokyo,,TOKYO,6000112,13,TOKYO, 77,(760) 360-6900,(760) 360-6900,,23131,CUSTOMER-TOKYO,,TOKYO,Company,,,,,,,,,,2022-03-07,SATISHE,X,,,,,,1000,2.0,,,,,,,1.0,,112.0,6000112.0,,,,,E,,,,,,8099121212.0,,,1.0,,,,,,,,,,,,,,,,,,,,,,,,,,,,,,,,,,,,,,,,,,,X,,,,X,,,,,,,,,,,,,,,,,,,,,,,,,,,,,,,,,,,,,,,,,,,,,,,,,,,,,,,,,,,,,,,,,,,,,,,,,,,,,,,,,,U,False,2022-03-29 07:51:43.676700+00:00
100,0001000052,JP,customer-Tokyo,,TOKYO,6000112,13,TOKYO, 77,(760) 360-6900,(760) 360-6900,,23131,CUSTOMER-TOKYO,,TOKYO,Company,,,,,,,,,,2022-03-07,SATISHE,X,,,,,,1000,2.0,,,,,,,1.0,,112.0,6000112.0,,,,,E,,,,,,8099121212.0,,,1.0,,,,,,,,,,,,,,,,,,,,,,,,,,,,,,,,,,,,,,,,,,,X,,,,X,,,,,,,,,,,,,,,,,,,,,,,,,,,,,,,,,,,,,,,,,,,,,,,,,,,,,,,,,,,,,,,,,,,,,,,,,,,,,,,,,,I,False,2022-04-21 14:55:05.064935+00:00
50,0001000057,DE,customer-GE-Hamburg,,Hamburg,60001,02,HAMBURG,,,,,23149,CUSTOMER-GE-HAMBURG,,HAMBURG,Company,,,,,,,,,,2022-03-12,SATISHE,X,,,,,,1000,2.0,,,,,,,1.0,,,,,,,,E,,,,,,,,,1.0,,,,,,,,,,,,,,,,,,,,,,,,,,,,,,,,,,,,,,,,,,,X,,,,X,,,,,,,,,,,,,,,,,,,,,,,,,,,,,,,,,,,,,,,,,,,,,,,,,,,,,,,,,,,,,,,,,,,,,,,,,,,,,,,,,,I,False,2022-03-17 18:12:54.204099+00:00
50,0001000057,DE,customer-Hamburg,,Hamburg,60001,02,HAMBURG,,,,,23149,CUSTOMER-HAMBURG,,HAMBURG,Company,,,,,,,,,,2022-03-12,SATISHE,X,,,,,,1000,2.0,,,,,,,1.0,,,,,,,,E,,,,,,,,,1.0,,,,,,,,,,,,,,,,,,,,,,,,,,,,,,,,,,,,,,,,,,,X,,,,X,,,,,,,,,,,,,,,,,,,,,,,,,,,,,,,,,,,,,,,,,,,,,,,,,,,,,,,,,,,,,,,,,,,,,,,,,,,,,,,,,,U,False,2022-03-29 07:56:44.863785+00:00
100,0001000057,DE,customer-Hamburg,,Hamburg,60001,02,HAMBURG,,,,,23149,CUSTOMER-HAMBURG,,HAMBURG,Company,,,,,,,,,,2022-03-12,SATISHE,X,,,,,,1000,2.0,,,,,,,1.0,,,,,,,,E,,,,,,,,,1.0,,,,,,,,,,,,,,,,,,,,,,,,,,,,,,,,,,,,,,,,,,,X,,,,X,,,,,,,,,,,,,,,,,,,,,,,,,,,,,,,,,,,,,,,,,,,,,,,,,,,,,,,,,,,,,,,,,,,,,,,,,,,,,,,,,,I,False,2022-04-21 14:55:05.064935+00:00
50,0001000058,JP,customer-JP-JAPAN,,TOKYO,6000112,13,JAPAN, 123,,,,23152,CUSTOMER-JP-JAPAN,,TOKYO,Company,,,,,,,,,,2022-03-14,SATISHE,X,,,,,,1000,2.0,,,,,,,1.0,,112.0,6000112.0,,,,,E,,,,,,,,,1.0,,,,,,,,,,,,,,,,,,,,,,,,,,,,,,,,,,,,,,,,,,,X,,,,X,,,,,,,,,,,,,,,,,,,,,,,,,,,,,,,,,,,,,,,,,,,,,,,,,,,,,,,,,,,,,,,,,,,,,,,,,,,,,,,,,,I,False,2022-03-17 18:12:54.204099+00:00
50,0001000058,JP,customer-Tokyo,,TOKYO,6000112,13,TOKYO, 123,,,,23152,CUSTOMER-TOKYO,,TOKYO,Company,,,,,,,,,,2022-03-14,SATISHE,X,,,,,,1000,2.0,,,,,,,1.0,,112.0,6000112.0,,,,,E,,,,,,,,,1.0,,,,,,,,,,,,,,,,,,,,,,,,,,,,,,,,,,,,,,,,,,,X,,,,X,,,,,,,,,,,,,,,,,,,,,,,,,,,,,,,,,,,,,,,,,,,,,,,,,,,,,,,,,,,,,,,,,,,,,,,,,,,,,,,,,,U,False,2022-03-29 07:52:08.574902+00:00
100,0001000058,JP,customer-Tokyo,,TOKYO,6000112,13,TOKYO, 123,,,,23152,CUSTOMER-TOKYO,,TOKYO,Company,,,,,,,,,,2022-03-14,SATISHE,X,,,,,,1000,2.0,,,,,,,1.0,,112.0,6000112.0,,,,,E,,,,,,,,,1.0,,,,,,,,,,,,,,,,,,,,,,,,,,,,,,,,,,,,,,,,,,,X,,,,X,,,,,,,,,,,,,,,,,,,,,,,,,,,,,,,,,,,,,,,,,,,,,,,,,,,,,,,,,,,,,,,,,,,,,,,,,,,,,,,,,,I,False,2022-04-21 14:55:05.064935+00:00
50,0001100000,DE,customer-EXPORT,,Hamburg,,02,HAMBURG,,,,,23156,CUSTOMER-EXPORT,,HAMBURG,Company,,,,,,,,,,2022-03-18,SATISHE,,,,,,,1100,,,,,,,,,,,,,,,,E,,,,,,,,,1.0,,,,,,,,,,,,,,,,,,,,,,,,,,,,,,,,,,,,,,,,,,,X,,,,X,,,,,,,,,,,,,,,,,,,,,,,,,,,,,,,,,,,,,,,,,,,,,,,,,,,,,,,,,,,,,,,,,,,,,,,,,,,,,,,,,,I,False,2022-03-18 11:23:14.969758+00:00
100,0001100000,DE,customer-EXPORT,,Hamburg,,02,HAMBURG,,,,,23156,CUSTOMER-EXPORT,,HAMBURG,Company,,,,,,,,,,2022-03-18,SATISHE,,,,,,,1100,,,,,,,,,,,,,,,,E,,,,,,,,,1.0,,,,,,,,,,,,,,,,,,,,,,,,,,,,,,,,,,,,,,,,,,,X,,,,X,,,,,,,,,,,,,,,,,,,,,,,,,,,,,,,,,,,,,,,,,,,,,,,,,,,,,,,,,,,,,,,,,,,,,,,,,,,,,,,,,,I,False,2022-04-21 14:55:05.064935+00:00
50,0001000042,US,US02 I/C Customer,,Fresno,,CA,,,,,,23096,US02 I/C CUSTOMER,,FRESNO,Company,,,,,,,,,,2022-02-04,AVINASHG,,,,,,,1000,,US02,,,,,,,,,,,,,,E,,,,,,,,,,,C002,,,,,,,,,,,,,,,,,,,,,,,,,,,,,,,,,,,,,,,,,X,,,,X,,,,,,,,,,,,,,,,,,,,,,,,,,,,,,,,,,,,,,,,,,,,,,,,,,,,,,,,,,,,,,,,,,,,,,,,,,,,,,,,,,I,False,2022-02-04 14:50:14.243502+00:00
50,0001000043,US,Test Customer Creation for Deepak,,Atlanta,30328,GA,DEEPAK,928 Ashford Dunwoody Rd,,,,23097,TEST CUSTOMER CREATION FO,,ATLANTA,Company,,,,,,,,,,2022-02-07,AVINASHG,,,,,,,1000,,,,,,,,,,,,,,,,E,,,,,,,,,,,,,,,,,,,,,,,,,,,,,,,,,,,,,,,,,,,,,,,,,,,,X,,,,X,,,,,,,,,,,,,,,,,,,,,,,,,,,,,,,,,,,,,,,,,,,,,,,,,,,,,,,,,,,,,,,,,,,,,,,,,,,,,,,,,,I,False,2022-02-07 15:58:43.275864+00:00
50,0001000042,US,US02 I/C Customer,,Fresno,,CA,,,,,,23096,US02 I/C CUSTOMER,,FRESNO,Company,,,,,,,,,,2022-02-04,AVINASHG,,,,,,,1000,,US02,,,,,,,,,,,,,,E,,,,,,,,,1.0,,C002,,,,,,,,,,,,,,,,,,,,,,,,,,,,,,,,,,,,,,,,,X,,,,X,,,,,,,,,,,,,,,,,,,,,,,,,,,,,,,,,,,,,,,,,,,,,,,,,,,,,,,,,,,,,,,,,,,,,,,,,,,,,,,,,,U,False,2022-03-04 19:44:25.275826+00:00
50,0001000042,US,US02 I/C Customer,,Philadelphia,,PA,,,,,,23096,US02 I/C CUSTOMER,,PHILADELPHIA,Company,,,,,,,,,,2022-02-04,AVINASHG,,,,,,,1000,,US02,,,,,,,,,,,,,,E,,,,,,,,,1.0,,C002,,,,,,,,,,,,,,,,,,,,,,,,,,,,,,,,,,,,,,,,,X,,,,X,,,,,,,,,,,,,,,,,,,,,,,,,,,,,,,,,,,,,,,,,,,,,,,,,,,,,,,,,,,,,,,,,,,,,,,,,,,,,,,,,,U,False,2022-03-29 06:35:34.979413+00:00
100,0001000042,US,US02 I/C Customer,,Philadelphia,,PA,,,,,,23096,US02 I/C CUSTOMER,,PHILADELPHIA,Company,,,,,,,,,,2022-02-04,AVINASHG,,,,,,,1000,,US02,,,,,,,,,,,,,,E,,,,,,,,,1.0,,C002,,,,,,,,,,,,,,,,,,,,,,,,,,,,,,,,,,,,,,,,,X,,,,X,,,,,,,,,,,,,,,,,,,,,,,,,,,,,,,,,,,,,,,,,,,,,,,,,,,,,,,,,,,,,,,,,,,,,,,,,,,,,,,,,,I,False,2022-04-21 14:55:05.064935+00:00
250,0000000001,NL,Test,,,,,,,,,,22978,TEST,,,Mr.,,,,,,,,,,2022-01-11,MALVIYAH,,,,,,,0001,,,,,,,,,,,,,,,,E,,,,,,,,,,,,,,,,,,,,,,,,,,,,,,,,,,,,,,,,,,,,,,,,,,,,X,,,,X,,,,,,,,,,,,,,,,,,,,,,,,,,,,,,,,,,,,,,,,,,,,,,,,,,,,,,,,,,,,,,,,,,,,,,,,,,,,,,,,,,L,False,2022-01-31 20:42:04.648706+00:00
250,0000000001,NL,Test,,,,,,,,,,22978,TEST,,,Mr.,,,,,,,,,,2022-01-11,MALVIYAH,,,,,,,0001,,0000234567,,,,,,,,,,,,,,E,,,,,,,,,,,,,,,,,,,,,,,,,,,,,,,,,,,,,,,,,,,,,,,,,,,,X,,,,X,,,,,,,,,,,,,,,,,,,,,,,,,,,,,,,,,,,,,,,,,,,,,,,,,,,,,,,,,,,,,,,,,,,,,,,,,,,,,,,,,,U,False,2022-02-21 11:09:01.295777+00:00
200,PL1000,US,PL-1000,,,10011,NY,PL-1000,10011 9395 Harvey St.,,,,23005,PL-1000,,,Company,,,,,,,,,,2022-01-20,MALVIYAH,,,,,,,0120,,,,,,,,,,10011.0,10011.0,,,,,E,,,,,,,,,1.0,,,,,,,,,,,,,,,,,,,,,,,,,,,,,,,,,,,,,,,,,,,X,,,,X,,,,,,,,,,,,,,,,,,,,,,,,,,,,,,,,,,,,,,,,,,,,,,,,,,,,,,,,,,,,,,,,,,,,,,,,,,,,,,,,,,L,False,2022-01-31 20:42:04.648706+00:00
200,PL1100,US,Plant 1100,,California,90011,CA,1100,2600 West,,,,23007,PLANT 1100,,CALIFORNIA,Company,,,,,,,,,,2022-01-25,MALVIYAH,,,,,,,0120,,,,,,,,,,,,,,,,E,,,,,,,,,1.0,,,,,,,,,,,,,,,,,,,,,,,,,,,,,,,,,,,,,,,,,,,X,,,,X,,,,,,,,,,,,,,,,,,,,,,,,,,,,,,,,,,,,,,,,,,,,,,,,,,,,,,,,,,,,,,,,,,,,,,,,,,,,,,,,,,L,False,2022-01-31 20:42:04.648706+00:00
250,PL1100,US,Cymbal 1100,,California,90011,CA,1100,NA south,,,,23041,CYMBAL 1100,,CALIFORNIA,Company,,,,,,,,,,2022-01-25,MALVIYAH,,,,,,,0120,,,,,,,,,,,,,,,,E,,,,,,,,,1.0,,,,,,,,,,,,,,,,,,,,,,,,,,,,,,,,,,,,,,,,,,,X,,,,X,,,,,,,,,,,,,,,,,,,,,,,,,,,,,,,,,,,,,,,,,,,,,,,,,,,,,,,,,,,,,,,,,,,,,,,,,,,,,,,,,,L,False,2022-01-31 20:42:04.648706+00:00
200,PL2000,NL,PL2000,,,1234 AL,01,2000,victoria 17,,,,23006,PL2000,,,Company,,,,,,,,,,2022-01-20,MALVIYAH,,,,,,,0120,,,,,,,,,,,,,,,,E,,,,,,,,,1.0,,,,,,,,,,,,,,,,,,,,,,,,,,,,,,,,,,,,,,,,,,,X,,,,X,,,,,,,,,,,,,,,,,,,,,,,,,,,,,,,,,,,,,,,,,,,,,,,,,,,,,,,,,,,,,,,,,,,,,,,,,,,,,,,,,,L,False,2022-01-31 20:42:04.648706+00:00
200,PL2100,NL,CYMBAL Amsterdam Plant 2100,,,5961 NU,06,2100,2094 Cameron Road,,,,23010,CYMBAL AMSTERDAM PLANT 21,,,Company,,,,,,,,,,2022-02-10,MALVIYAH,,,,,,,0120,,,,,,,,,,,,,,,,E,,,,,,,,,1.0,,,,,,,,,,,,,,,,,,,,,,,,,,,,,,,,,,,,,,,,,,,X,,,,X,,,,,,,,,,,,,,,,,,,,,,,,,,,,,,,,,,,,,,,,,,,,,,,,,,,,,,,,,,,,,,,,,,,,,,,,,,,,,,,,,,I,False,2022-02-10 05:24:50.278887+00:00
250,0000000002,US,Daniel Millor,,,99835,AK,DANIEL,,,,,22979,DANIEL MILLOR,,,Mr.,,,,,,,,,,2022-01-11,MALVIYAH,,,,,,,0001,,,,,,,,,,1.0,99835.0,,,,,E,,,,,,,,,1.0,,,,,,,,,,,,,,,,,,,,,,,,,,,,,,,,,,,,,,,,,,,X,,,,X,,,,,,,,,,,,,,,,,,,,,,,,,,,,,,,,,,,,,,,,,,,,,,,,,,,,,,,,,,,,,,,,,,,,,,,,,,,,,,,,,,L,False,2022-01-31 20:42:04.648706+00:00
250,0000000004,US,Brian Smith,,New York,10011,NY,BRIAN,13th Street 47W,,,,23007,BRIAN SMITH,,NEW YORK,,,,,,,,,,,2022-01-20,MALVIYAH,,,,,,,0001,,,,,,,,,,,,,,,,E,,,,,,,,,1.0,,,,,,,,,,,,,,,,,,,,,,,,,,,,,,,,,,,,,,,,,,,X,,,,X,,,,,,,,,,,,,,,,,,,,,,,,,,,,,,,,,,,,,,,,,,,,,,,,,,,,,,,,,,,,,,,,,,,,,,,,,,,,,,,,,,L,False,2022-01-31 20:42:04.648706+00:00
250,0000000005,US,Adam Tradewell,,New York,10011,NY,TRADEWELL,15th Street 48W,,,,23008,ADAM TRADEWELL,,NEW YORK,Mr.,,,,,,,,,,2022-01-20,MALVIYAH,,,,,,,0001,,,,,,,,,,,,,,,,E,,,,,,,,,1.0,,,,,,,,,,,,,,,,,,,,,,,,,,,,,,,,,,,,,,,,,,,X,,,,X,,,,,,,,,,,,,,,,,,,,,,,,,,,,,,,,,,,,,,,,,,,,,,,,,,,,,,,,,,,,,,,,,,,,,,,,,,,,,,,,,,L,False,2022-01-31 20:42:04.648706+00:00
250,0000000006,US,David Nutbrown,,New York,,NY,DAVID,1th Street,,,,23010,DAVID NUTBROWN,,NEW YORK,,,,,,,,,,,2022-01-20,MALVIYAH,,,,,,,0001,,,,,,,,,,,,,,,,E,,,,,,,,,1.0,,,,,,,,,,,,,,,,,,,,,,,,,,,,,,,,,,,,,,,,,,,X,,,,X,,,,,,,,,,,,,,,,,,,,,,,,,,,,,,,,,,,,,,,,,,,,,,,,,,,,,,,,,,,,,,,,,,,,,,,,,,,,,,,,,,L,False,2022-01-31 20:42:04.648706+00:00
250,0000000007,US,Marks Treskothick,,New York,10011,NY,MARKS,13th Street,,,,23011,MARKS TRESKOTHICK,,NEW YORK,,,,,,,,,,,2022-01-20,MALVIYAH,,,,,,,0001,,,,,,,,,,,,,,,,E,,,,,,,,,1.0,,,,,,,,,,,,,,,,,,,,,,,,,,,,,,,,,,,,,,,,,,,X,,,,X,,,,,,,,,,,,,,,,,,,,,,,,,,,,,,,,,,,,,,,,,,,,,,,,,,,,,,,,,,,,,,,,,,,,,,,,,,,,,,,,,,L,False,2022-01-31 20:42:04.648706+00:00
