mandt,lifnr,land1,name1,name2,name3,name4,ort01,ort02,pfach,pstl2,pstlz,regio,sortl,stras,adrnr,mcod1,mcod2,mcod3,anred,bahns,bbbnr,bbsnr,begru,brsch,bubkz,datlt,dtams,dtaws,erdat,ernam,esrnr,konzs,ktokk,kunnr,lnrza,loevm,sperr,sperm,spras,stcd1,stcd2,stkza,stkzu,telbx,telf1,telf2,telfx,teltx,telx1,xcpdk,xzemp,vbund,fiskn,stceg,stkzn,sperq,gbort,gbdat,sexkz,kraus,revdb,qssys,ktock,pfort,werks,ltsna,werkr,plkal,duefl,txjcd,sperz,scacd,sfrgr,lzone,xlfza,dlgrp,fityp,stcdt,regss,actss,stcd3,stcd4,stcd5,stcd6,ipisp,taxbs,profs,stgdl,emnfr,lfurl,j_1kfrepre,j_1kftbus,j_1kftind,confs,updat,uptim,nodel,qssysdat,podkzb,fisku,stenr,carrier_conf,min_comp,term_li,crc_num,cvp_xblck,rg,exp,uf,rgdate,ric,rne,rnedate,cnae,legalnat,crtn,icmstaxpay,indtyp,tdt,comsize,decregpc,j_sc_capital,j_sc_currency,alc,pmt_office,ppa_relevant,sam_ue_id,sam_eft_ind,psofg,psois,pson1,pson2,pson3,psovn,psotl,psohs,psost,transport_chain,staging_time,scheduling_type,submi_relevant,operation_flag,is_deleted,recordstamp
800,0000001111,US,Suppliers Inc.,,,,NILES,COOK,,,60714,,AUTO/PUMPE,12 Western Avenue,7161,SUPPLIERS INC.,,NILES,,,0,0,,MBAU,0,,,,1998-05-06,ASCHE,,,0001,0000001111,,,,,D,,,,,,03266-288817,,03266-172777,,,,,,,DE435252456,,,,,,210081725.0,,,,,,,,,X,1403120601,,,,,,,,,,,,,,,,0,,,,,,,,,,,,,,,,,,,,,,,,,0,,,,0,,,,,,,,,,,,,,,,,,,,,,,,,,,I,False,2021-03-31 02:47:30.036270+00:00
800,0000003920,US,Pyramid Systems,,,,SANTA CLARA,SANTA CLARA,,,95050,CA,PYRAMID SY,3912 N. First Av.,6989,PYRAMID SYSTEMS,,SANTA CLARA,,,0,0,,,0,,,,1994-11-07,SACHSE,,,0001,,,,,,E,,,,,,408 - 364 3224,,408 - 364 3299,,,,,,,,,,,,,,,,,,,,,,X,0508531801,,,,,,,,,,,,,,,,0,,,,,,,,,,,,,,,,,,,,,,,,,0,,,,0,,,,,,,,,,,,,,,,,,,,,,,,,,,I,False,2021-03-31 02:47:30.036270+00:00
800,0000003411,US,Delta Steel Inc.,,,,HOUSTON,MATANUSKA-SUSITNA BO,,,99694,AK,STEEL,Baker Str.,9636,DELTA STEEL INC.,,HOUSTON,Company,,0,0,,0002,0,,,,1999-08-04,KUERSTEN,,,0001,,,,,,E,,,,,,1404257827,,1404257827,,,,,,,US-11111211,,,,,,,,,,,,,,,X,0217008451,,,,,,,,,,,,,,,,0,,,,,,,,,,,,,,,,,,,,,,,,,0,,,,0,,,,,,,,,,,,,,,,,,,,,,,,,,,I,False,2021-03-31 02:47:30.036270+00:00
800,0000003020,US,World Wide Computer Warehouse,,,,SAN JOSE,SANTA CLARA,,,95120,CA,SOFT,101 North Industrial Drive,7097,WORLD WIDE COMPUTER WAREH,,SAN JOSE,Company,,0,0,,HITE,0,,,,1996-07-26,ODABASHIAN,,,0001,,,,,,E,,,,,,408-279-0000,,408-279-1000,,,,X,,,,,,,,,,,,,,,,,,X,0508530701,,,,,,,,,,,,,,,,0,,,,,,,,,,,,,,,,,,,,,,,,,0,,,,0,,,,,,,,,,,,,,,,,,,,,,,,,,,I,False,2021-03-31 02:47:30.036270+00:00
800,AVPL,US,American Vice President Line,Global Shipping,,,Oakland,ALAMEDA,,,94607,CA,APL,1234 Water Street,65845,AMERICAN VICE PRESIDENT L,GLOBAL SHIPPING,OAKLAND,Company,,0,0,,TRAN,0,,,,2008-07-22,I807478,,,0005,,,,,,E,,,,,,510-272-1100,,510-272-1111,,,,,,,,,,,,,,,,,,,,,,X,0500123501,,AVPL,,,,,,,,,,,,,,0,,,,,,,,,,,,,,,,,,,,,,,,,0,,,,0,,,,,,,,,,,,,,,,,,,,,,,,,,,I,False,2021-03-31 02:47:30.036270+00:00
800,0000100560,US,Infix Co.,,,,San Diego,,,,92121,CA,INFIX CO.,365 E Evelyn Ave,727337,INFIX CO.,,SAN DIEGO,,,0,0,,,0,,,,2015-04-09,BLACKM,,,KRED,,,,,,E,,,,,,415 - 521 3318,,415 - 521 3399,,,,,,,,,,,,,,,,,,,,,,X,0507330201,,,,0000000004,,,,,,,,,,,,0,,,,,,,,,,,,,,,,,,,,,,,,,0,,,,0,,,,,,,,,,,,,,,,Infix Co.,,,,,,,,,,,I,False,2021-03-31 02:47:30.036270+00:00
800,0000100024,PA,Linda Smythe,,,,Provincia de Panamá,,60521,60521,811,,LS,Calle Parita,7061,LINDA SMYTHE,,PROVINCIA DE PANAMÁ,,,0,0,,,0,,,,1996-03-21,BECKERO,,,KRED,,,,,,E,,,,,,708-655-3137,,708-655-3409,,,,,,,,,,,,,,,,,,,,,,X,1403745411,,,,,,,,,,,,,,,,0,,,,,,,,,,,,,,,,,,,,,,,,,0,,,,0,,,,,,,,,,,,,,,,,,,,,,,,,,,I,False,2021-03-31 02:47:30.036270+00:00
800,0000100010,US,Linda Smythe,,,,HINCKLEY,DE KALB,60521,60521,60520,IL,DELETE,1905 Midwest Club,7109,LINDA SMYTHE,,HINCKLEY,,,0,0,,,0,,,,1996-02-06,SCHMIDT,,,KRED,,,X,,,E,,,,,,708-655-3137,,708-655-3409,,,,,,,,,,,,,,,,,,,,,,X,1403745411,,,,,,,,,,,,,,,,0,,,,,,,,,,,,,,,,,,,,,,,,,0,,,,0,,,,,,,,,,,,,,,,,,,,,,,,,,,I,False,2021-03-31 02:47:30.036270+00:00
800,SMIVENDOR,US,SMIVENDOR,,,,WICHITA,SEDGWICK,,,67214,KS,SMI VENDOR,100 Ohio Street,44395,SMIVENDOR,,WICHITA,,,0,0,,,0,,,,2003-10-02,MICHALSKY,,,VEND,,,,,,E,,,,,,316-522-4983,,316-524-2732,,,,,,,,,,,,,,,,,,3600,,,,X,1717308601,,,,,,,,,,,,,,,,0,,,,,,,,,,,,,A,,,,,,,,,,,,0,,,,0,,,,,,,,,,,,,,,,,,,,,,,,,,,I,False,2021-03-31 02:47:30.036270+00:00
800,S101,US,Software Development  and Consultin,,,,MARLBORO,ULSTER,,,12542,NY,ISP-CONS,345 Lovett Blvd,9953,SOFTWARE DEVELOPMENT  AND,,MARLBORO,Company,,0,0,,,0,,,,1999-11-04,GRAUENHORST,,,VEND,,,,,,E,,,,,,508-624-6600,,508-229-3345,,,,,,,,,,,,,,,,,,,,,,X,3311167471,,,,,,,,,,,,,,,,0,,,,,,,,,,,,,,,,,,,,,,,,,0,,,,0,,,,,,,,,,,,,,,,,,,,,,,,,,,I,False,2021-03-31 02:47:30.036270+00:00
800,S102,US,International Software Consulting,,,,TAMPA,HILLSBOROUGH,,,33694,FL,ISP-CONS,300/200 300/200 NW Sammamish Road,9954,INTERNATIONAL SOFTWARE CO,,TAMPA,Company,,0,0,,,0,,,,1999-11-04,GRAUENHORST,,,VEND,,,,,,E,,,,,,813-917-4567,,813-917-7123,,,,,,,,,,,,,,,,,,,,,,X,1005715701,,,,,,,,,,,,,,,,0,,,,,,,,,,,,,,,,,,,,,,,,,0,,,,0,,,,,,,,,,,,,,,,,,,,,,,,,,,I,False,2021-03-31 02:47:30.036270+00:00
800,SMI-SUP-A,US,SMI Supplier A,,,,WICHITA,SEDGWICK,,,67214,KS,SMI SUPPLI,100 Ohio Street,47992,SMI SUPPLIER A,,WICHITA,Company,,0,0,,,0,,,,2004-10-28,HARMANK,,,ZICH,,,,,,E,,,,,,316-522-4983,316-524,-2732,,,,,,,,,,,,,,,,,,,,,,X,1717308601,,,,,,,,,,,,,,,,0,,,,,,,,,,,,,A,,,,,,,,,,,,0,,,,0,,,,,,,,,,,,,,,,,,,,,,,,,,,I,False,2021-03-31 02:47:30.036270+00:00
800,IS_VEND3,CN,Shanghai International Port Group,,,,Luchaogang Town,Nanhui District,,,201308,020,TM6 IS,1 Tonghui Road,66520,SHANGHAI INTERNATIONAL PO,,LUCHAOGANG TOWN,,,0,0,,TRAN,0,,,,2008-11-07,I813408,,,TM1,,,,,,E,,,,,,86-21-68288888,,86-21-68289800,,,,,,,,,,,,,,,,,,,,,,X,,,,,,,,,,,,,,,,,0,,,,,,,,,,,,,,,,,,,,,,,,,0,,,,0,,,,,,,,,,,,,,,,,,,,,,,,,,,I,False,2021-03-31 02:47:30.036270+00:00
800,0000070001,CA,Metro Chrysler Dodge Jeep,,,,Ottawa,,,,K2B 6R1,ON,CHRYSLER,1047 Richmond Road,37775,METRO CHRYSLER DODGE JEEP,,OTTAWA,Company,,0,0,,,0,,,,2002-10-15,REID,,,0001,,,,,,E,,,,,,613-596-1006,,613-596-1094,,,,,,,,,,,,,,,,,,,,,,X,,,,,,,,,,,,,,,,,0,,,,,,,,,,,,,,,,,,,,,,,,,0,,,,0,,,,,,,,,,,,,,,,,,,,,,,,,,,I,False,2021-03-31 02:47:30.036270+00:00
800,0000000100,DE,C.E.B. BERLIN,,,,Berlin,,,,12001,11,ALLGEMEIN,Kolping Str. 15,6951,C.E.B. BERLIN,,BERLIN,Company,,0,0,,MBAU,0,,,,1995-08-11,WEIS,,,0001,,,,,,D,,,,,,06894/55501-0,,06894/55501-100,,,,,,,DE456145834,,,,,,,,,,,,,,,X,,,,,,,,,,,,,,,,,0,,,,,,,,,,,,,,,,,,,,,,,,,0,,,,0,,,,,,,,,,,,,,,,,,,,,,,,,,,I,False,2021-03-31 02:47:30.036270+00:00
800,0000001000,DE,C.E.B. BERLIN,,,,Berlin,,,,12001,11,ALLGEMEIN,Kolping Str. 15,6951,C.E.B. BERLIN,,BERLIN,Company,,0,0,,TRAD,0,,,,1994-11-07,KEHNE,,,0001,0000001000,,,,,E,,,,,,06894/55501-0,,06894/55501-100,,,,X,,,DE322156687,,,,,,210010661.0,,,,,,,,,X,,,,,,,,,,,,,,,,,0,,,,,,,,,,,,,,,,,,,,,,,,,0,,,,0,,,,,,,,,,,,,,,,,,,,,,,,,,,I,False,2021-03-31 02:47:30.036270+00:00
800,0000014500,IN,Central Bureau of Narcotics,,,,Gwalior,,,,474006,MA,GTS,19 The Mall Morar,44129,CENTRAL BUREAU OF NARCOTI,,GWALIOR,,,0,0,,PHAR,0,,,,2003-08-27,DEVEGT,,,0001,,,,,,E,,,,,,0751-369439,,0751-368577,,,,,,,,,,,,,,,,,,,,,,X,,,,,0000000002,,,,,,,,,,,,0,,,,,,,,,,,,,,,,,,,,,,,,,0,,,,0,,,,,,,,,,,,,,,,,,,,,,,,,,,I,False,2021-03-31 02:47:30.036270+00:00
800,0000001102,DE,Top Services GmbH,,,,Kaiserslautern,,,,67000,,SRV,Am Rotenberg 9,7142,TOP SERVICES GMBH,,KAISERSLAUTERN,Company,,0,0,,,0,,,,1998-03-06,ECKERS,,,0001,,,,,,D,,,,,,067/49898-0,,5656438,,34567893.0,,,,,,,,,,,,,,,,,,,,X,,,,,,,,,,,,,,,,,0,,,,,,,,,,,,,,,,,,,,,,,,,0,,,,0,,,,,,,,,,,,,,,,,,,,,,,,,,,I,False,2021-03-31 02:47:30.036270+00:00
800,0000050999,DE,Spedition Arnolds,,,,Dresden,,,,01259,,SPEDITION,Pirnaische Landstraпe 135,6999,SPEDITION ARNOLDS,,DRESDEN,,,0,0,,TRAN,0,,,,1995-08-16,HEINTZ,,,0001,,,,,,D,,,,X,,0351-235978,,0351-233586,,,,,,,,,,,,,,,,,,,,,,X,,,,,,,,,,,,,,,,,0,,,,,,,,,,,,,,,,,,,,,,,,,0,,,,0,,,,,,,,,,,,,,,,,,,,,,,,,,,I,False,2021-03-31 02:47:30.036270+00:00
800,0000021900,PT,Lisbon Parts Supply,,,,Lisboa,,,,2122,31,LISBOA,Rua da Fernandez 1°2,7129,LISBON PARTS SUPPLY,,LISBOA,,,0,0,,,0,,,,1997-04-04,MORLEY,,,0001,,,,,,P,,,,,,3033223,3033222,3033221,,,,,,,PT123456789,,,,,,,,,,,,,,,X,,,,,,,,,,,,,,,,,0,,,,,,,,,,,,,,,,,,,,,,,,,0,,,,0,,,,,,,,,,,,,,,,,,,,,,,,,,,I,False,2021-03-31 02:47:30.036270+00:00
800,0000001001,DE,SKF Kugelmeier KGaA,,,,Schweinfurt,,,,97341,,AUTO/PUMPE,Georg. Schiffer-str. 21,6952,SKF KUGELMEIER KGAA,,SCHWEINFURT,Company,,0,0,,TRAD,0,,,,1995-05-19,OBORNY,,,0001,,,,,,D,,,,,,654-555-9876,,654-555-9877,,,,,,,DE345267896,,,,,,210081725.0,,,,,,,,,X,,,,,,,,,,,,,,,,,0,,,,,,,,,,,,,,,,,,,,,,,,,0,,,,0,,,,,,,,,,,,,,,,,,,,,,,,,,,I,False,2021-03-31 02:47:30.036270+00:00
800,0000004920,AE,Anda El Eid,,,,Abu Dhabi,,,,1200,,ANDA EL EI,Paddington Lane,6995,ANDA EL EID,,ABU DHABI,,,0,0,,,0,,,,1994-11-07,SACHSE,,,0001,,,,,,E,,,,,,6067235,,6067299,,,,,,,,,,,,,,,,,,,,,,X,,,,,,,,,,,,,,,,,0,,,,,,,,,,,,,,,,,,,,,,,,,0,,,,0,,,,,,,,,,,,,,,,,,,,,,,,,,,I,False,2021-03-31 02:47:30.036270+00:00
800,0000003940,ZA,Mitch & Collins,,,,Woodstock,,,,7925,,MITCH & CO,Divisadero Str. 143,6991,MITCH & COLLINS,,WOODSTOCK,,,0,0,,,0,,,,1994-11-07,SACHSE,,,0001,,,,,,E,,,,,,448 - 4527,,448 -  4642,,,,,,,,,,,,,,,,,,,,,,X,,,,,,,,,,,,,,,,,0,,,,,,,,,,,,,,,,,,,,,,,,,0,,,,0,,,,,,,,,,,,,,,,,,,,,,,,,,,I,False,2021-03-31 02:47:30.036270+00:00
800,0000001910,DE,Schumacher AG,,,,Köln,,,,50858,05,TRADE,Münchener Str. 1055,6972,SCHUMACHER AG,,KÖLN,Company,,0,0,,TRAD,0,,,,1994-11-07,SACHSE,,,0001,,,,,,D,,,,,,0221 / 43654-36,,0221 / 43654-78,,,,,,,DE664565782,,,,,,,,,,,,,,,X,,,,,,,,,,,,,,,,,0,,,,,,,,,,,,,,,,,,,,,,,,,0,,,,0,,,,,,,,,,,,,,,,,,,,,,,,,,,I,False,2021-03-31 02:47:30.036270+00:00
800,0000001100,DE,Phunix GmbH,,,,Frankfurt,,,,60000,06,FI-PHUNIX,Landstrasse 15,6968,PHUNIX GMBH,,FRANKFURT,Company,,0,0,,CHEM,0,,,,1994-11-08,SACHSE,,,0001,,,,,,D,,,,,,069 / 768890,,069 / 768888,,,,,,,DE123469789,,,,,,,,,,,,,,,X,,,,,,,,,,,,,,,,,0,,,,,,,,,,,,,,,,,,,,,,,,,0,,,,0,,,,,,,,,,,,,,,,,,,,,,,,,,,I,False,2021-03-31 02:47:30.036270+00:00
800,0000001920,DE,Versicherungen ABC,,,,Frankfurt,,,,60203,06,FI-VERSICH,Untere Waldstrasse 134,6973,VERSICHERUNGEN ABC,,FRANKFURT,,,0,0,,,0,,,,1994-11-07,SACHSE,,,0001,,,,,,D,,,,,,069 / 9302-7,,069 / 9302-1,,,,,,,DE654871564,,,,,,,,,,,,,,,X,,,,,,,,,,,,,,,,,0,,,,,,,,,,,,,,,,,,,,,,,,,0,,,,0,,,,,,,,,,,,,,,,,,,,,,,,,,,I,False,2021-03-31 02:47:30.036270+00:00
800,0000002910,GB,Insurance Perfect Ltd.,,,,"Bathgate, West Lothian, EH48 2EH",,,,TW0117,,INSURANCE,Easter Inch,6983,INSURANCE PERFECT LTD.,,"BATHGATE, WEST LOTHIAN, E",,,0,0,,,0,,,,1994-11-07,SACHSE,,,0001,,,,,,E,,,,,,031 / 4699966,,031 / 4691220,,,,,,,,,,,,,,,,,,,,,,X,,,,,,,,,,,,,,,,,0,,,,,,,,,,,,,,,,,,,,,,,,,0,,,,0,,,,,,,,,,,,,,,,,,,,,,,,,,,I,False,2021-03-31 02:47:30.036270+00:00
800,0000002920,GB,Tax Office,,,,London TW45 3EY,,,,TW148HA,,TAXOFFICE,Status Park 4,6984,TAX OFFICE,,LONDON TW45 3EY,,,0,0,,,0,,,,1994-11-07,SACHSE,,,0001,,,,,,E,,,,,,081 / 384 1054,,081 / 384 1099,,,,,,,,,,,,,,,,,,,,,,X,,,,,,,,,,,,,,,,,0,,,,,,,,,,,,,,,,,,,,,,,,,0,,,,0,,,,,,,,,,,,,,,,,,,,,,,,,,,I,False,2021-03-31 02:47:30.036270+00:00
800,0000022211,DE,PULSA,,,,Nörten-Hardenberg,,,,37176,,EUBICON,Sibeliusstrasse 132,65516,PULSA,,NÖRTEN-HARDENBERG,Firma,,0,0,,TRAD,0,,,,2008-05-21,GONSIOR,,,0001,,,,,,D,,,,,,05503-32786,,05503-32786,,,,X,,,,,,,,,,,,,,,,,,X,,,,,,,,,,,,,,,,,0,,,,,,,,,,,,,,,,,,,,,,,,,0,,,,0,,,,,,,,,,,,,,,,,,,,,,,,,,,I,False,2021-03-31 02:47:30.036270+00:00
800,0000003760,DE,Flavia,,,,Berlin,,,,47111,,FLAVIA,Mozartstrasse 123,50592,FLAVIA,,BERLIN,Company,,0,0,,TRAD,0,,,,2005-08-15,GONSIOR,,,0001,,,,,,D,,,,,,555-754-1756,,555-754-7564,,,,X,,,,,,,,,,,,,,,,,,X,,,,,,,,,,,,,,,,,0,,,,,,,,,,,,,,,,,,,,,,,,,0,,,,0,,,,,,,,,,,,,,,,,,,,,,,,,,,I,False,2021-03-31 02:47:30.036270+00:00
800,0000003761,DE,Hi-Way Hi-Fi,,,,München,,,,47112,,HIWAY,Beethovenstrasse 456,50593,HI-WAY HI-FI,,MÜNCHEN,Company,,0,0,,TRAD,0,,,,2005-08-15,GONSIOR,,,0001,,,,,,D,,,,,,555-768-4655,,555-768-1237,,,,X,,,,,,,,,,,,,,,,,,X,,,,,,,,,,,,,,,,,0,,,,,,,,,,,,,,,,,,,,,,,,,0,,,,0,,,,,,,,,,,,,,,,,,,,,,,,,,,I,False,2021-03-31 02:47:30.036270+00:00
800,0000003762,DE,Lyreco,,,,Hamburg,,,,47113,,LYRECO,Haydnstrasse 789,50594,LYRECO,,HAMBURG,Company,,0,0,,TRAD,0,,,,2005-08-15,GONSIOR,,,0001,,,,,,D,,,,,,555-348-4567,,555-348-4687,,,,X,,,,,,,,,,,,,,,,,,X,,,,,,,,,,,,,,,,,0,,,,,,,,,,,,,,,,,,,,,,,,,0,,,,0,,,,,,,,,,,,,,,,,,,,,,,,,,,I,False,2021-03-31 02:47:30.036270+00:00
800,0000055500,DE,Conrad Elektronik,,,,Mettingen,,,,49497,,EUBICON,Bergstrasse 16,65519,CONRAD ELEKTRONIK,,METTINGEN,Firma,,0,0,,TRAD,0,,,,2008-05-21,GONSIOR,,,0001,,,,,,D,,,,,,05452-25873,,05452-25873,,,,X,,,,,,,,,,,,,,,,,,X,,,,,,,,,,,,,,,,,0,,,,,,,,,,,,,,,,,,,,,,,,,0,,,,0,,,,,,,,,,,,,,,,,,,,,,,,,,,I,False,2021-03-31 02:47:30.036270+00:00
800,0000033183,DE,Ahrend,,,,Rodenbach,,,,63517,,EUBICON,Im Westerwald 765,65520,AHREND,,RODENBACH,Firma,,0,0,,TRAD,0,,,,2008-05-21,GONSIOR,,,0001,,,,,,D,,,,,,06151-954322,,06151-954322,,,,X,,,,,,,,,,,,,,,,,,X,,,,,,,,,,,,,,,,,0,,,,,,,,,,,,,,,,,,,,,,,,,0,,,,0,,,,,,,,,,,,,,,,,,,,,,,,,,,I,False,2021-03-31 02:47:30.036270+00:00
800,0000011100,DE,Udo Bär,,,,Kaiserslautern,,,,67655,,EUBICON,Königsstrasse 23,65515,UDO BÄR,,KAISERSLAUTERN,Firma,,0,0,,TRAD,0,,,,2008-05-21,GONSIOR,,,0001,,,,,,D,,,,,,0631-45644,,0631-45644,,,,X,,,,,,,,,,,,,,,,,,X,,,,,,,,,,,,,,,,,0,,,,,,,,,,,,,,,,,,,,,,,,,0,,,,0,,,,,,,,,,,,,,,,,,,,,,,,,,,I,False,2021-03-31 02:47:30.036270+00:00
800,0000033300,DE,Kroschke International GmbH,,,,Gammertingen,,,,72501,,EUBICON,Mozartallee 17,65517,KROSCHKE INTERNATIONAL GM,,GAMMERTINGEN,Firma,,0,0,,TRAD,0,,,,2008-05-21,GONSIOR,,,0001,,,,,,D,,,,,,07574-2753822,,07574-2753822,,,,X,,,,,,,,,,,,,,,,,,X,,,,,,,,,,,,,,,,,0,,,,,,,,,,,,,,,,,,,,,,,,,0,,,,0,,,,,,,,,,,,,,,,,,,,,,,,,,,I,False,2021-03-31 02:47:30.036270+00:00
800,0000044400,DE,Farnell,,,,Hagelstadt,,,,93095,,EUBICON,Am grünen Hang 46,65518,FARNELL,,HAGELSTADT,Firma,,0,0,,TRAD,0,,,,2008-05-21,GONSIOR,,,0001,,,,,,D,,,,,,0941-1287255,,0941-1287255,,,,X,,,,,,,,,,,,,,,,,,X,,,,,,,,,,,,,,,,,0,,,,,,,,,,,,,,,,,,,,,,,,,0,,,,0,,,,,,,,,,,,,,,,,,,,,,,,,,,I,False,2021-03-31 02:47:30.036270+00:00
800,0000008502,NZ,Corporate Consumables Ltd,,,,Auckland,,112 089,,,,NZCORP,5 Fisher Crescent,50745,CORPORATE CONSUMABLES LTD,,AUCKLAND,,,0,0,,HITE,0,,,,2005-09-16,I000451,,,0001,0000008502,,,,,E,,,,,,09 527 3-666,,09 527 2-177,,,,,,,,,,,,,,,,,,,,,,X,,,,,,,,,,,,,,,,,0,,,,,,,,,,,,,,,,,,,,,,,,,0,,,,0,,,,,,,,,,,,,,,,,,,,,,,,,,,I,False,2021-03-31 02:47:30.036270+00:00
800,0000008500,AU,Supplies Group Pty Ltd,,,,North Sydney,,,,2060,NSW,AUSUPP,23 Miller Street,50692,SUPPLIES GROUP PTY LTD,,NORTH SYDNEY,,,0,0,,HITE,0,,,,2005-09-08,I000451,,,0001,0000008500,,,,,E,,,,,,02 9935 3-800,,02 9935 3-999,,,,,,,,,,,,,,,,,,,,,,X,,,,,,,,,,,,,,,,,0,,,,,,,,,,,,,,,,,,,,,,,,,0,,,,0,,,,,,,,,,,,,,,,,,,,,,,,,,,I,False,2021-03-31 02:47:30.036270+00:00
800,0000001948,AU,Dave Bell Enterprises Pty Ltd,,,,Newport,,,,2107,NSW,AUBELL,2 Ocean Street,50670,DAVE BELL ENTERPRISES PTY,,NEWPORT,,,0,0,,HITE,0,,,,2005-09-05,I000451,,,0001,0000001948,,,,,E,,,,,,02 9918 9-736,,02 9918 9-599,,,,,,,,,,,,,,,,,,,,,,X,,,,,,,,,,,,,,,,,0,,,,,,,,,,,,,,,,,,,,,,,,,0,,,,0,,,,,,,,,,,,,,,,,,,,,,,,,,,I,False,2021-03-31 02:47:30.036270+00:00
800,0000008501,AU,National Parts Group Pty Ltd,,,,Melbourne,,,,3000,VIC,AUPART,12 Collins Street,50693,NATIONAL PARTS GROUP PTY,,MELBOURNE,,,0,0,,HITE,0,,,,2005-09-08,I000451,,,0001,0000008501,,,,,E,,,,,,03 9347 2-000,,03 9347 2-999,,,,,,,,,,,,,,,,,,,,,,X,,,,,,,,,,,,,,,,,0,,,,,,,,,,,,,,,,,,,,,,,,,0,,,,0,,,,,,,,,,,,,,,,,,,,,,,,,,,I,False,2021-03-31 02:47:30.036270+00:00
800,0000019902,NL,Ajax Gourmet Ltd.,,,,Amsterdam,,,,1101 AX,,GTS_IMP,ArenA Boulevard 1 1,65850,AJAX GOURMET LTD.,,AMSTERDAM,Company,,0,0,,0001,0,,,,2008-07-22,I807478,,,0001,,,,,,E,,,,,,31 20 3111313,,31 20 3111310,,,,,,,,,,,,,,,,,,,,,,X,,,,,,,,,,,,,,,,,0,,,,,,,,,,,,,,,,,,,,,,,,,0,,,,0,,,,,,,,,,,,,,,,,,,,,,,,,,,I,False,2021-03-31 02:47:30.036270+00:00
800,0000001099,GB,Studio Chapultepec,,,,,,,,,,CD,,7102,STUDIO CHAPULTEPEC,,,Company,,0,0,,,0,,,,1996-11-27,FABARIUS,,,0001,,,,,,E,,,,,,081 / 384 1077,,081 / 384 1078,,,,,,,,,,,,,213650661.0,,,,,,,,,X,,,,,,,,,,,,,,,,,0,,,,,,,,,,,,,,,,,,,,,,,,,0,,,,0,,,,,,,,,,,,,,,,,,,,,,,,,,,I,False,2021-03-31 02:47:30.036270+00:00
800,0000002009,GB,Elco Automotive Ltd.,,,,Middlesex UB3 5EY,,,,TE32235,,AM,"14, Park Avenue",7101,ELCO AUTOMOTIVE LTD.,,MIDDLESEX UB3 5EY,,,0,0,,,0,,,,1996-11-27,FABARIUS,,,0001,,,,,,E,,,,,,081 / 384 1054,,081 / 384 1099,,,,,,,,,,,,,,,,,,,,,,X,,,,,,,,,,,,,,,,,0,,,,,,,,,,,,,,,,,,,,,,,,,0,,,,0,,,,,,,,,,,,,,,,,,,,,,,,,,,I,False,2021-03-31 02:47:30.036270+00:00
800,0000003412,GB,AP Steel,,,,Birmingham,,,,11111,WA,STEEL,London Rd.,9637,AP STEEL,,BIRMINGHAM,Company,,0,0,,0002,0,,,,1999-08-04,KUERSTEN,,,0001,,,,,,E,,,,,,441723784041,,441723784041,,,,,,,GB-11111414,,,,,,,,,,,,,,,X,,,,,,,,,,,,,,,,,0,,,,,,,,,,,,,,,,,,,,,,,,,0,,,,0,,,,,,,,,,,,,,,,,,,,,,,,,,,I,False,2021-03-31 02:47:30.036270+00:00
800,0000003413,DE,Schmidt & Söhne,,,,Dortmund,,,,46100,05,NEUTRAL,Dortmunder Ring 122,9638,SCHMIDT & SÖHNE,,DORTMUND,Company,,0,0,,0002,0,,,,1999-08-04,KUERSTEN,,,0001,,,,,,D,,,,,,02068-4300389,,02068-4309389,,,,,,,DE-11111155,,,,,,,,,,,,,,,X,,,,,,,,,,,,,,,,,0,,,,,,,,,,,,,,,,,,,,,,,,,0,,,,0,,,,,,,,,,,,,,,,,,,,,,,,,,,I,False,2021-03-31 02:47:30.036270+00:00
800,0000003414,DE,Ancofer,,,,Mülheim ad Ruhr,,,,47198,05,STEEL,Mülheimer Str.12,9639,ANCOFER,,MÜLHEIM AD RUHR,Company,,0,0,,0001,0,,,,1999-08-04,KUERSTEN,,,0001,,,,,,D,,,,,,02068-4300389,,02068-4300389,,,,,,,DE-11111111,,,,,,,,,,,,,,,X,,,,,,,,,,,,,,,,,0,,,,,,,,,,,,,,,,,,,,,,,,,0,,,,0,,,,,,,,,,,,,,,,,,,,,,,,,,,I,False,2021-03-31 02:47:30.036270+00:00
800,0000003415,RU,Metallexpo,,,,Petersburg,,,,444444,,STEEL,Puskin Ul.,9640,METALLEXPO,,PETERSBURG,Company,,0,0,,0002,0,,,,1999-08-04,KUERSTEN,,,0001,,,,,,D,,,,,,70954330678,,70954330678,,,,,,,RU-11111515,,,,,,,,,,,,,,,X,,,,,,,,,,,,,,,,,0,,,,,,,,,,,,,,,,,,,,,,,,,0,,,,0,,,,,,,,,,,,,,,,,,,,,,,,,,,I,False,2021-03-31 02:47:30.036270+00:00
800,0000002200,DE,HTG Komponente GmbH,,,,Hannover,,,,30132,03,WF-PREPOST,Werner Straße 12,7125,HTG KOMPONENTE GMBH,,HANNOVER,,,0,0,,HITE,0,,,,1996-03-04,MONCHANIN,,,0001,,,,,,D,,,,X,,0511-123456,,0511-123789,,,,,,,DE753951456,,,,,,,,,,,,,,,X,,,,,,,,,,,,,,,,,0,,,,,,,,,,,,,,,,,,,,,,,,,0,,,,0,,,,,,,,,,,,,,,,,,,,,,,,,,,I,False,2021-03-31 02:47:30.036270+00:00
800,0000004940,CA,R & P Bros,,,,Toronto,,,,M4T 1E3,ON,R & P BROS,1652 Maple Street,7092,R & P BROS,,TORONTO,,,0,0,,,0,,,,1996-04-22,ODABASHIAN,,,0001,,,,,,E,,,,,,476-468-3456,,416-468-9112,,,,,,,,,,,,,,,,,,,,,,X,,,,,,,,,,,,,,,,,0,,,,,,,,,,,,,,,,,,,,,,,,,0,,,,0,,,,,,,,,,,,,,,,,,,,,,,,,,,I,False,2021-03-31 02:47:30.036270+00:00
800,0000001234,DE,K.F.W. Berlin,,,,Berlin,,,,13403,11,MECH,Karl-Friedrich-Str. 7,10166,K.F.W. BERLIN,,BERLIN,Company,,0,0,,TRAD,0,,,,1999-12-07,WESTERMANN,,,0001,0000001234,,,,,D,,,,,,06227/7-42443,,06227/7-52443,,,,X,,,,,,,,,,,,,,,,,,X,,,,,,,,,,,,,,,,,0,,,,,,,,,,,,,,,,,,,,,,,,,0,,,,0,,,,,,,,,,,,,,,,,,,,,,,,,,,I,False,2021-03-31 02:47:30.036270+00:00
800,0000001023,DE,Molkereigenossenschaft Brandenburg,,,,Postdam,,,,14480,12,MOLKEREI,Steinstraße 102,12075,MOLKEREIGENOSSENSCHAFT BR,,POSTDAM,,,0,0,,FOOD,0,,,,2000-11-08,OBERBOERSCHG,,,0001,,,,,,D,,,,,,0331/38537-00,,0331/38537-10,,,,X,,,DE586458526,,,,,,,,,,,,,,,X,,,,,,,,,,,,,,,,,0,,,,,,,,,,,,,,,,,,,,,,,,,0,,,,0,,,,,,,,,,,,,,,,,,,,,,,,,,,I,False,2021-03-31 02:47:30.036270+00:00
800,RU-01,RU,"OAO ""Sputnik""",,,,Moscow,,,,119333,77,RUSSIA,Leninskiy prospect 54,65170,"OAO ""SPUTNIK""",,MOSCOW,Фирма,,0,0,,,0,,,,2008-03-07,I042088,,,0002,,,,,,R,7712345678,7712345678.0,,,,499/5180203,,499/5180204,,,,,,,,,,,,,,,,,,,,,,X,,,,,,,,,,,,,,,,,0,,,,,,,,,,,,,,,,,,,,,,,,,0,,,,0,,,,,,,,,,,,,,,,,,,,,,,,,,,I,False,2021-03-31 02:47:30.036270+00:00
800,RU-02,RU,"OAO ""Mir""",,,,Sankt-Peterburg,,,,190005,78,RUSSIA,nab.Obvodnogo kanala 137,65171,"OAO ""MIR""",,SANKT-PETERBURG,Фирма,,0,0,,,0,,,,2008-03-07,I042088,,,0002,,,,,,R,7787654321,7787654321.0,,,,(812)703-57-16,,(812)703-57-17,,,,,,,,,,,,,,,,,,,,,,X,,,,,,,,,,,,,,,,,0,,,,,,,,,,,,,,,,,,,,,,,,,0,,,,0,,,,,,,,,,,,,,,,,,,,,,,,,,,I,False,2021-03-31 02:47:30.036270+00:00
800,SCM550-RS,DE,Schmidt-Müller AG,Abt. Rechnungsstellung,,,Frankfurt,,,,60311,,SCM550,Johann-Wolfgang-von-Goethe-Stras 45,42766,SCHMIDT-MÜLLER AG,ABT. RECHNUNGSSTELLUNG,FRANKFURT,Firma,,0,0,,TRAD,0,,,,2003-04-30,GRUNEWALDK,,,0004,,,,,,D,,,,,,060-987-666,,060-987-111,,,,,,,,,,,,,,,,,,,,,,X,,,,,,,,,,,,,,,,,0,,,,,,,,,,,,,,,,,,,,,,,,,0,,,,0,,,,,,,,,,,,,,,,,,,,,,,,,,,I,False,2021-03-31 02:47:30.036270+00:00
800,0000001925,DE,TransLog GmbH,,,,Stuttgart,,,,70445,,SPEDITION,Marienstraße 145,7175,TRANSLOG GMBH,,STUTTGART,Company,,0,0,,,0,,,,1998-07-03,CURA,,,0005,,,,,,D,,,,,,0711-554665,,0711-554667,,,,,,,,,,,,,,,,,,,,,,X,,,,1.0,,,,,,,,,,,,,0,,,,,,,,,,,,,,,,,,,,,,,,,0,,,,0,,,,,,,,,,,,,,,,,,,,,,,,,,,I,False,2021-03-31 02:47:30.036270+00:00
800,0000001930,DE,Schmalenbach,Inlands- und Überseetransport GmbH,,,Frankfurt,,,,60599,06,SPEDITION,Randstrasse 24,6974,SCHMALENBACH,INLANDS- UND ÜBERSEETRANS,FRANKFURT,Company,,0,0,,,0,,,,1994-11-07,SACHSE,,,0005,,,,,,D,,,,,,069 / 2546-326,,069 / 2546-331,,,,,,,DE564116491,,,,,,,,,,,,,,,X,,,,1.0,,,,,,,,,,,,,0,,,,,,,,,,,,,,,,,,,,,,,,,0,,,,0,,,,,,,,,,,,,,,,,,,,,,,,,,,I,False,2021-03-31 02:47:30.036270+00:00
800,0000001055,NL,Inter-Speed BV,,,,Rotterdam,,,,7859 AZ,,SPEDITION,Noordsee-Gracht 102,7103,INTER-SPEED BV,,ROTTERDAM,,,0,0,,TRAN,0,,,,1997-01-10,BARTHEL,,,0005,,,,,,D,,,,,,073-4800,,073-48737333,,,,,,,,,,,,,,,,,,,,,,X,,,,1.0,,,,,,,,,,,,,0,,,,,,,,,,,,,,,,,,,,,,,,,0,,,,0,,,,,,,,,,,,,,,,,,,,,,,,,,,I,False,2021-03-31 02:47:30.036270+00:00
800,SCM550-SP,DE,Schmidt-Müller Transport GmbH,Zentrale Unternehmensleitung,,,Frankfurt,,,,60322,,SCM550,Johann-Sebastian-Bach-Strasse 55,42770,SCHMIDT-MÜLLER TRANSPORT,ZENTRALE UNTERNEHMENSLEIT,FRANKFURT,Firma,,0,0,,TRAD,0,,,,2003-04-30,GRUNEWALDK,,,0005,,,,,,D,,,,,,060-789-222,,060-789-111,,,,,,,,,,,,,,,,,,,,,,X,,,,,,,,,,,,,,,,,0,,,,,,,,,,,,,,,,,,,,,,,,,0,,,,0,,,,,,,,,,,,,,,,,,,,,,,,,,,I,False,2021-03-31 02:47:30.036270+00:00
800,SCM550-12,DE,Schmidt-Müller Sachsen GmbH,Auslieferungswerk Dresden,,,Dresden,,,,01259,,SCM550,Pirnaer Landstrasse 44,42769,SCHMIDT-MÜLLER SACHSEN GM,AUSLIEFERUNGSWERK DRESDEN,DRESDEN,Firma,,0,0,,TRAD,0,,,,2003-04-30,GRUNEWALDK,,,0006,,,,,,D,,,,,,0351-987-765,,0351-987-111,,,,,,,,,,,,,,,,,,,,,,X,,,,,,,,,,,,,,,,,0,,,,,,,,,,,,,,,,,,,,,,,,,0,,,,0,,,,,,,,,,,,,,,,,,,,,,,,,,,I,False,2021-03-31 02:47:30.036270+00:00
800,SCM550-11,DE,Schmidt-Müller Berlin GmbH,Auslieferungswerk Brandenburg,,,Berlin,,,,10444,,SCM550,Hamburger Allee 44,42768,SCHMIDT-MÜLLER BERLIN GMB,AUSLIEFERUNGSWERK BRANDEN,BERLIN,Firma,,0,0,,TRAD,0,,,,2003-04-30,GRUNEWALDK,,,0006,,,,,,D,,,,,,030-987-555,,030-987-111,,,,,,,,,,,,,,,,,,,,,,X,,,,,,,,,,,,,,,,,0,,,,,,,,,,,,,,,,,,,,,,,,,0,,,,0,,,,,,,,,,,,,,,,,,,,,,,,,,,I,False,2021-03-31 02:47:30.036270+00:00
800,SCM550-10,DE,Schmidt-Müller Nord GmbH,Vertriebswerk Hamburg,,,Hamburg,,,,20311,,SCM550,Halstenbeker Weg 44,42767,SCHMIDT-MÜLLER NORD GMBH,VERTRIEBSWERK HAMBURG,HAMBURG,Firma,,0,0,,TRAD,0,,,,2003-04-30,GRUNEWALDK,,,0006,,,,,,D,,,,,,040-987-444,,040-987-111,,,,,,,,,,,,,,,,,,,,,,X,,,,,,,,,,,,,,,,,0,,,,,,,,,,,,,,,,,,,,,,,,,0,,,,0,,,,,,,,,,,,,,,,,,,,,,,,,,,I,False,2021-03-31 02:47:30.036270+00:00
800,R101,DE,DC R101,,,,Stuttgart,,,,70122,,RETAIL,Mozartstraße 22,12245,DC R101,,STUTTGART,,,0,0,,,0,,,,2000-12-11,KAUER,,,0100,R101,,,,,D,,,,,,0711-223490,,0711-223491,,,,,,,,,,,,,,,,,,R101,,,,X,,,,,0000000002,,,,,,,,,,,,0,,,,,,,,,,,,,,,,,,,,,,,,,0,,,,0,,,,,,,,,,,,,,,,,,,,,,,,,,,I,False,2021-03-31 02:47:30.036270+00:00
800,R100,DE,DC R100,,,,Giessen,,,,55390,,RETAIL,Meisenweg 15,7737,DC R100,,GIESSEN,Firma,,0,0,,,0,,,,1998-10-13,D020740,,,0100,R100,,,,,D,,,,,,06363-927360,,06363-927370,,,,,,,,,,,,,227509973.0,,,,,R100,,,,X,,,,,,,,,,,,,,,,,0,,,,,,,,,,,,,,,,,,,,,,,,,0,,,,0,,,,,,,,,,,,,,,,,,,,,,,,,,,I,False,2021-03-31 02:47:30.036270+00:00
800,0000100313,DE,Brose International,,,,Mannheim,,,,68165,,BROSE,Ulmenweg 122,610517,BROSE INTERNATIONAL,,MANNHEIM,Company,,0,0,,,0,,,,2011-11-07,D021219,,,KRED,,,,,,E,,,,,,0621-55678,,0621-55679,,,,,,,,,,,,,,,,,,,,,,X,,,,,,,,,,,,,,,,,0,,,,,,,,,,,,,,,,,,,,,,,,,0,,,,0,,,,,,,,,,,,,,,,,,,,,,,,,,,I,False,2021-03-31 02:47:30.036270+00:00
800,0000100408,CA,North Energy Ltd,,,,Calgary,,,,T2P 4K9,AB,ENERGY,,657865,NORTH ENERGY LTD,,CALGARY,,,0,0,,,0,,,,2012-11-16,D022599,,,KRED,,,,,,E,,,,,,00-141777754,,00-141788654,,,,,,,,,,,,,,,,,,,,,,X,,,,,0000000001,,,,,,,,,,,,0,,,,,,,,,,,,,,,,,,,,,,,,,0,,,,0,,,,,,,,,,,,,,,,North Energy Ltd,,,,,,,,,,,I,False,2021-03-31 02:47:30.036270+00:00
800,0000100488,AU,Dave Bell Enterprises Pty Ltd,,,,Newport,,,,2106,NSW,AUBELL,20 Ocean Ave,723765,DAVE BELL ENTERPRISES PTY,,NEWPORT,,,0,0,,,0,,,,2014-10-17,I021815,,,KRED,,,,,,E,,,,,,02 9918 9-736,,02 9918 9-599,,,,,,,,,,,,,,,,,,,,,,X,,,,,2000,,,,,,,,,,,,0,,,,,,,,,,,,,,,,,,,,,,,,,0,,,,0,,,,,,,,,,,,,,,,Dave Bell Enterprises Pty Ltd,,,,,,,,,,,I,False,2021-03-31 02:47:30.036270+00:00
800,0000100033,DE,Miller Chris,,,,Münster,,,,54874,,MILLER,Steinbeisstraße 10,7014,MILLER CHRIS,,MÜNSTER,,,0,0,,,0,,,,1998-01-14,SCHUNTER,,,KRED,,,,,,D,,,,,,05421/548-0,,05421/548-100,,,,,,,,,,,,,,,,,,,,,,X,,,,,,,,,,,,,,,,,0,,,,,,,,,,,,,,,,,,,,,,,,,0,,,,0,,,,,,,,,,,,,,,,,,,,,,,,,,,I,False,2021-03-31 02:47:30.036270+00:00
800,0000100373,MX,Industrias Pacificas S.A.,,,,Colonia Chapultepec Morales,,,,11587,DF,BEST RUN M,Presidente Mazaryck 172,656028,INDUSTRIAS PACIFICAS S.A.,,COLONIA CHAPULTEPEC MORAL,Company,,0,0,,,0,,,,2012-07-13,CRMREMOTE,,,KRED,,,,,,S,,,,,,55  30 02 63 00,,55  30 02 63 00,,,,,,,,,,,,,,,,,,,,,,X,,,,,M000010000,,,,,,,,,,,,0,,,,,,,,,,,,,,,,,,,,,,,,,0,,,,0,,,,,,,,,,,,,,,,Industrias Pacificas S.A.,,,,,,,,,,,I,False,2021-03-31 02:47:30.036270+00:00
800,0000001002,DE,Müller KG,,,,Rosenheim,,,87318,83204,,AUFZÜGE,Rosenstraße 11,6953,MÜLLER KG,,ROSENHEIM,,,0,0,,MBAU,0,,,,1995-05-30,BARTHELF,,,LIEF,,,,,,D,,,,,,,,0873/111133,,,,,,,,,,,,,,,,,,,,,,X,,,,,,,,,,,,,,,,,0,,,,,,,,,,,,,,,,,,,,,,,,,0,,,,0,,,,,,,,,,,,,,,,,,,,,,,,,,,I,False,2021-03-31 02:47:30.036270+00:00
800,CH-4000,CH,Inovation SA,Createur,,,Lausanne,,,,1018,VD,INOVATION,Av. De  Gratta -Paille 2,43709,INOVATION SA,CREATEUR,LAUSANNE,,,0,0,,,0,,,,2003-07-16,ROTH,,,VEND,,,,,,F,,,,,,021 641 1500,,021 641 1510,,,,,,,,,,,,,,,,,,,,,,X,,,,,,,,,,,,,,,,,0,,,,,,,,,,,,,,,,,,,,,,,,,0,,,,0,,,,,,,,,,,,,,,,,,,,,,,,,,,I,False,2021-03-31 02:47:30.036270+00:00
800,CH-1000,CH,Fankhauser AG,Distribution Company,,,Solothurn,,,,4502,SO,FANKHAUSER,Industriestrasse 12b,43706,FANKHAUSER AG,DISTRIBUTION COMPANY,SOLOTHURN,,,0,0,,,0,,,,2003-07-16,ROTH,,,VEND,,,,,,D,,,,,,032 625 6688,,032 625 6699,,,,,,,,,,,,,,,,,,,,,,X,,,,,,,,,,,,,,,,,0,,,,,,,,,,,,,,,,,,,,,,,,,0,,,,0,,,,,,,,,,,,,,,,,,,,,,,,,,,I,False,2021-03-31 02:47:30.036270+00:00
800,CH-3000,CH,Spichiger GmbH,Distribution Company,,,Rotkreuz,,,,6343,LU,SPICHIGER,Altwegacker 233a,43708,SPICHIGER GMBH,DISTRIBUTION COMPANY,ROTKREUZ,,,0,0,,,0,,,,2003-07-16,ROTH,,,VEND,,,,,,D,,,,,,041 799 4455,,041 799 5566,,,,,,,,,,,,,,,,,,,,,,X,,,,,,,,,,,,,,,,,0,,,,,,,,,,,,,,,,,,,,,,,,,0,,,,0,,,,,,,,,,,,,,,,,,,,,,,,,,,I,False,2021-03-31 02:47:30.036270+00:00
800,CH-5000,CH,Imobio AG,Distribution Company,,,Ascona,,,,6612,TI,IMOBIO,via Lido 1,43710,IMOBIO AG,DISTRIBUTION COMPANY,ASCONA,,,0,0,,,0,,,,2003-07-16,ROTH,,,VEND,,,,,,I,,,,,,091 785 7654,,091 785 4411,,,,,,,,,,,,,,,,,,,,,,X,,,,,,,,,,,,,,,,,0,,,,,,,,,,,,,,,,,,,,,,,,,0,,,,0,,,,,,,,,,,,,,,,,,,,,,,,,,,I,False,2021-03-31 02:47:30.036270+00:00
800,CH-2000,CH,Bürgi AG,Handelsunternehmen,,,Nänikon,,,,8606,ZH,BÜRGI,Hauptstrasse 45,43707,BÜRGI AG,HANDELSUNTERNEHMEN,NÄNIKON,,,0,0,,,0,,,,2003-07-16,ROTH,,,VEND,,,,,,D,,,,,,091 988 5656,,091 988 5544,,,,,,,,,,,,,,,,,,,,,,X,,,,,,,,,,,,,,,,,0,,,,,,,,,,,,,,,,,,,,,,,,,0,,,,0,,,,,,,,,,,,,,,,,,,,,,,,,,,I,False,2021-03-31 02:47:30.036270+00:00
800,R1040,DE,Forkmann Werbemittel GmbH,,,,Mainz,,,,55131,,RETAIL,Am Rathaus 5,7767,FORKMANN WERBEMITTEL GMBH,,MAINZ,Company,,0,0,,,0,,,,1998-10-15,D020740,,,VEND,,,,,,D,,,,,,06131/228523,,06131/228521,,,,,,,,,,,,,,,,,,,,,,X,,,,,,,,,,,,,,,,,0,,,,,,,,,,,,,,,,,,,,,,,,,0,,,,0,,,,,,,,,,,,,,,,,,,,,,,,,,,I,False,2021-03-31 02:47:30.036270+00:00
800,R1000,DE,Unisono AG,,,,Pfungstadt,,,,64312,,RETAIL,Walter-von-der-Vogelweide-Str 12-15,7761,UNISONO AG,,PFUNGSTADT,Company,,0,0,,,0,,,,1998-10-14,D020740,,,VEND,,,,,,D,,,,,,06157/637-0,,06157/637-300,,,,,,,,,,,,,227509974.0,,,,,,,,,X,,,,,,,,,,,,,,,,,0,,,,,,,,,,,,,,,,,,,,,,,,,0,,,,0,,,,,,,,,,,,,,,,,,,,,,,,,,,I,False,2021-03-31 02:47:30.036270+00:00
800,R1001,DE,Walter & Schulz GmbH & Co KG,,,,Saarbrücken,,,,66119,,RETAIL,Hölderlin-Weg 34,7763,WALTER & SCHULZ GMBH & CO,,SAARBRÜCKEN,Company,,0,0,,,0,,,,1998-10-14,D020740,,,VEND,,,,,,D,,,,,,0681/839 52-0,,0681/839 52-100,,,,,,,,,,,,,210102807.0,,,,,,,,,X,,,,,,,,,,,,,,,,,0,,,,,,,,,,,,,,,,,,,,,,,,,0,,,,0,,,,,,,,,,,,,,,,,,,,,,,,,,,I,False,2021-03-31 02:47:30.036270+00:00
800,VE4510,CA,SAP Plant - Eastern Canada,Montreal,,,Montreal,,,,H4L 1H9,QC,EASTCANADA,3900 Rue Ste. Laurent,634883,SAP PLANT - EASTERN CANAD,MONTREAL,MONTREAL,,,0,0,,TRAD,0,,,,2012-02-16,D022599,,,VEND,CU4510,,,,,E,,,,,,514-315-7001,,514-315-7002,,,,,,,,,,,,,,,,,,4510,,,,X,,,,,,,,,,,,,,,,,0,,,,,,,,,,,,,,,,,,,,,,,,,0,,,,0,,,,,,,,,,,,,,,,,,,,,,,,,,,I,False,2021-03-31 02:47:30.036270+00:00
800,0000100073,AR,Proveedor 1,,,,,,,,1001,,ARGENTINA,Av. Leandro N. Alem 855,16827,PROVEEDOR 1,,,Mr.,,0,0,,,0,,,,2002-01-04,SZPAK,,,ZARG,,,,,,S,30521690581,,,,,54-11-4891-3000,,54-11-4891-3000,,,,,,,,,,,,,,,,,,,,,,X,,,,,,,,1.0,80.0,,,,,,,,0,,,,,,,,,,,,,,,,,,,,,,,,,0,,,,0,,,,,,,,,,,,,,,,,,,,,,,,,,,I,False,2021-03-31 02:47:30.036270+00:00
800,0000100208,AR,Proveedor 2,,,,,,,,1001,,ARGENTINA,Av. Leandro N. Alem 857,49901,PROVEEDOR 2,,,Empresa,,0,0,,,0,,,,2005-04-20,CAAMANO,,,ZARG,,,,,,S,30521690601,,,,,54-11-4891-3001,,54-11-4891-3001,,,,,,,,,,,,,,,,,,,,,,X,,,,,,,,,,,,,,,,,0,,,,,,,,,,,,,,,,,,,,,,,,,0,,,,0,,,,,,,,,,,,,,,,,,,,,,,,,,,I,False,2021-03-31 02:47:30.036270+00:00
800,0007000015,AU,Reynolds Software,,,,Rockingham,,1030,,4854,WA,BEST RUN A,500 Rae Rd,656249,REYNOLDS SOFTWARE,,ROCKINGHAM,Company,,0,0,,,0,,,,2012-07-24,CRMREMOTE,,,ZH03,,,,,,E,,,,,,2 9216 50000,,2 9216 50001,,,,,,,,,,,,,,,,,,,,,,X,,,,,,,,,,,,,,,,,0,,,,,,,,,,,,,,,,,,,,,,,,,0,,,,0,,,,,,,,,,,,,,,,,,,,,,,,,,,I,False,2021-03-31 02:47:30.036270+00:00
800,0007000013,MX,Global Computers,,,,Colonia Valle de las Brisas,,1030,,64790,NL,BEST RUN M,Lázaro Cárdenas 3701,656248,GLOBAL COMPUTERS,,COLONIA VALLE DE LAS BRIS,Company,,0,0,,,0,,,,2012-07-24,CRMREMOTE,,,ZH03,,,,,,S,,,,,,81 20 20 80 00,,81 20 20 80 00,,,,,,,,,,,,,,,,,,,,,,X,,,,,,,,,,,,,,,,,0,,,,,,,,,,,,,,,,,,,,,,,,,0,,,,0,,,,,,,,,,,,,,,,,,,,,,,,,,,I,False,2021-03-31 02:47:30.036270+00:00
800,0007000005,FR,Metro Solutions,,,,Paris,,1030,,75013,75,BEST RUN F,600 Passage Fernat,656236,METRO SOLUTIONS,,PARIS,Company,,0,0,,,0,,,,2012-07-24,CRMREMOTE,,,ZH03,,,,,,F,,,,,,148 76 56 600,,148 76 56 601,,,,,,,,,,,,,,,,,,,,,,X,,,,,,,,,,,,,,,,,0,,,,,,,,,,,,,,,,,,,,,,,,,0,,,,0,,,,,,,,,,,,,,,,,,,,,,,,,,,I,False,2021-03-31 02:47:30.036270+00:00
800,0007000011,RU,Глобал Компьютер,,,,Новосибирск,,1030,630102,630102,54,BEST RUN R,Бориса Богаткова 24,656246,ГЛОБАЛ КОМПЬЮТЕР,,НОВОСИБИРСК,Company,,0,0,,,0,,,,2012-07-24,CRMREMOTE,,,ZH03,,,,,,R,,,,,,(383) 291-02-58,,(383) 291-02-59,,,,,,,,,,,,,,,,,,,,,,X,,,,,,,,,,,,,,,,,0,,,,,,,,,,,,,,,,,,,,,,,,,0,,,,0,,,,,,,,,,,,,,,,,,,,,,,,,,,I,False,2021-03-31 02:47:30.036270+00:00
800,0007000012,CN,陕西公司,,,,西安,,1030,,710075,050,BEST RUN C,300 丰惠南路,656247,陕西公司,,西安,Company,,0,0,,,0,,,,2012-07-24,CRMREMOTE,,,ZH03,,,,,,1,,,,,,29-22523568,,29-22523566,,,,,,,,,,,,,,,,,,,,,,X,,,,,,,,,,,,,,,,,0,,,,,,,,,,,,,,,,,,,,,,,,,0,,,,0,,,,,,,,,,,,,,,,,,,,,,,,,,,I,False,2021-03-31 02:47:30.036270+00:00
800,0007000007,GB,MetroPolis Corp,,,,London,,1030,,W2 1ED,,BEST RUN U,404 Edgware Road,656242,METROPOLIS CORP,,LONDON,Company,,0,0,,,0,,,,2012-07-24,CRMREMOTE,,,ZH03,,,,,,8,,,,,,208 917 6600,,208 917 6601,,,,,,,,,,,,,,,,,,,,,,X,,,,,,,,,,,,,,,,,0,,,,,,,,,,,,,,,,,,,,,,,,,0,,,,0,,,,,,,,,,,,,,,,,,,,,,,,,,,I,False,2021-03-31 02:47:30.036270+00:00
800,0007000009,JP,東光エンタープライズ,,,,品川区,,1030,,1000004,13,BEST RUN J,新川5.5.5,656244,東光エンタープライズ,,品川区,Company,,0,0,,,0,,,,2012-07-24,CRMREMOTE,,,ZH03,,,,,,J,,,,,,03-1234-5000,,03-1111-5001,,,,,,,,,,,,,,,,,,,,,,X,,,,,,,,,,,,,,,,,0,,,,,,,,,,,,,,,,,,,,,,,,,0,,,,0,,,,,,,,,,,,,,,,,,,,,,,,,,,I,False,2021-03-31 02:47:30.036270+00:00
800,0007000010,KR,한국 시스템,,,,서울,,1030,,344-462,,BEST RUN K,500 강동구 잠실,656245,한국 시스템,,서울,Company,,0,0,,,0,,,,2012-07-24,CRMREMOTE,,,ZH03,,,,,,3,,,,,,02-303-5000,,011-303-5001,,,,,,,,,,,,,,,,,,,,,,X,,,,,,,,,,,,,,,,,0,,,,,,,,,,,,,,,,,,,,,,,,,0,,,,0,,,,,,,,,,,,,,,,,,,,,,,,,,,I,False,2021-03-31 02:47:30.036270+00:00
800,0000100049,MX,"COMERCIAL KEYMAN,S.A",,,,COL DEL VALLE,,,,12475,DF,KEYMAN,NICOLAS SN JUAN 525,7165,"COMERCIAL KEYMAN,S.A",,COL DEL VALLE,,,0,0,,TRAD,0,,,,1998-09-16,OLBERT,,,ZMX1,,,,,,S,SID840914RV9,,,,,5230157,,5230158,,,,,,,,,,,,,,,,,,,,,,X,,,,,,,,,,,,,,,,,0,,,,,,,,,,,,,,,,,,,,,,,,,0,,,,0,,,,,,,,,,,,,,,,,,,,,,,,,,,I,False,2021-03-31 02:47:30.036270+00:00
800,0000100046,MX,BODEGA DE LLANTAS SA,,,,SAN JOSE INSURGENTES,,,,14580,DF,BODEGA,REVOLUCION 1134,7162,BODEGA DE LLANTAS SA,,SAN JOSE INSURGENTES,,,0,0,,TRAN,0,,,,1998-09-16,OLBERT,,,ZMX1,,,,,,S,OME910913BA2,,,,,5939009,,5939010,,,,,,,,,,,,,,,,,,,,,,X,,,,,,,,,,,,,,,,,0,,,,,,,,,,,,,,,,,,,,,,,,,0,,,,0,,,,,,,,,,,,,,,,,,,,,,,,,,,I,False,2021-03-31 02:47:30.036270+00:00
800,0000100045,MX,ASESORIA INDUSTRIAL,,,,JARDIN BALBUENA,,,,15900,DF,ASESORIA,FRAY SERVANDO 840,7169,ASESORIA INDUSTRIAL,,JARDIN BALBUENA,,,0,0,,0001,0,,,,1998-09-16,OLBERT,,,ZMX1,,,,,,S,IGN9504107WA,,,,,7852025,,7852026,,,,,,,,,,,,,,,,,,,,,,X,,,,,,,,,,,,,,,,,0,,,,,,,,,,,,,,,,,,,,,,,,,0,,,,0,,,,,,,,,,,,,,,,,,,,,,,,,,,I,False,2021-03-31 02:47:30.036270+00:00
800,0000100048,MX,"RUDEZ Y CIA, S.A.",,,,COL DEL VALLE,,,,31001,DF,RUDEZ,DIV DEL NORTE 923,7164,"RUDEZ Y CIA, S.A.",,COL DEL VALLE,,,0,0,,TEXT,0,,,,1998-09-16,OLBERT,,,ZMX1,,,,,,S,TDS870105JG4,,,,,6829216,,6829217,,,,,,,,,,,,,,,,,,,,,,X,,,,,,,,,,,,,,,,,0,,,,,,,,,,,,,,,,,,,,,,,,,0,,,,0,,,,,,,,,,,,,,,,,,,,,,,,,,,I,False,2021-03-31 02:47:30.036270+00:00
800,0000100050,MX,LIFT SOLUTIONS MEX,,,,MIXCOAC,,,,32803,MEX,SOLUTIONS,MIXCOAC 420,7166,LIFT SOLUTIONS MEX,,MIXCOAC,,,0,0,,TRAD,0,,,,1998-09-16,OLBERT,,,ZMX1,,,,,,S,HME910630FD0,,,,,6490123,,6490124,,,,,,,,,,,,,,,,,,,,,,X,,,,,,,,,,,,,,,,,0,,,,,,,,,,,,,,,,,,,,,,,,,0,,,,0,,,,,,,,,,,,,,,,,,,,,,,,,,,I,False,2021-03-31 02:47:30.036270+00:00
800,0000100044,MX,ACEROS Y DERIVADOS,,,,COL. NONOALCO,,,,37000,DF,ACER,BERRUGUETE 25,7160,ACEROS Y DERIVADOS,,COL. NONOALCO,,,0,0,,MBAU,0,,,,1998-09-16,OLBERT,,,ZMX1,,,,,,S,UFI851030GF5,,,,,6279400,,6279401,,,,,,,,,,,,,,,,,,,,,,X,,,,,,,,,,,,,,,,,0,,,,,,,,,,,,,,,,,,,,,,,,,0,,,,0,,,,,,,,,,,,,,,,,,,,,,,,,,,I,False,2021-03-31 02:47:30.036270+00:00
800,0000100052,MX,"PARTES DIGITALES, SA",,,,COL NAPOLES,,,,38100,DF,DIGITAL,RIO BECERRA 154-3 P.,7168,"PARTES DIGITALES, SA",,COL NAPOLES,,,0,0,,HITE,0,,,,1998-09-16,OLBERT,,,ZMX1,,,,,,S,INA761213GF6,,,,,5362485,,5362486,,,,,,,,,,,,,,,,,,,,,,X,,,,,,,,,,,,,,,,,0,,,,,,,,,,,,,,,,,,,,,,,,,0,,,,0,,,,,,,,,,,,,,,,,,,,,,,,,,,I,False,2021-03-31 02:47:30.036270+00:00
800,0000100047,MX,BODEGA MAC,,,,SANTA CRUZ ACATLAN,,,,65012,MEX,MAC,BLVD. AVILA CAM.840B,7163,BODEGA MAC,,SANTA CRUZ ACATLAN,,,0,0,,0002,0,,,,1998-09-16,OLBERT,,,ZMX1,,,,,,S,IUO741215BQO,,,,,3606106,,3606107,,,,,,,,,,,,,,,,,,,,,,X,,,,,,,,,,,,,,,,,0,,,,,,,,,,,,,,,,,,,,,,,,,0,,,,0,,,,,,,,,,,,,,,,,,,,,,,,,,,I,False,2021-03-31 02:47:30.036270+00:00
800,0000100051,MX,DIGITAL EQ. MEXICO,,,,VALLE DEL CAMPESTRE,,,,66250,NL,DIGITAL,AV ROBLE 300,7167,DIGITAL EQ. MEXICO,,VALLE DEL CAMPESTRE,,,0,0,,HITE,0,,,,1998-09-16,OLBERT,,,ZMX1,,,,,,S,AUM951215GT5,,,,,352929,,352930,,,,,,,,,,,,,,,,,,,,,,X,,,,,,,,,,,,,,,,,0,,,,,,,,,,,,,,,,,,,,,,,,,0,,,,0,,,,,,,,,,,,,,,,,,,,,,,,,,,I,False,2021-03-31 02:47:30.036270+00:00
800,0000100043,MX,Fundiciones de hierro y acero,,,,COL. SN.JUAN ARAGON,,,,70700,DF,SIMEC,SAN JUAN ARAGON 516,7159,FUNDICIONES DE HIERRO Y A,,COL. SN.JUAN ARAGON,,,0,0,,TRAN,0,,,,1998-09-16,OLBERT,,,ZMX1,,,,,,S,LME950612GR5,,,,,7282258,,7282259,,,,,,,,,,,,,,,,,,,,,,X,,,,,,,,,,,,,,,,,0,,,,,,,,,,,,,,,,,,,,,,,,,0,,,,0,,,,,,,,,,,,,,,,,,,,,,,,,,,I,False,2021-03-31 02:47:30.036270+00:00
800,0000003910,US,Infix Corporation,,,,FOSTER CITY,SAN MATEO,,,94404,CA,CHEM,365 E. Evelyn Av.,6988,INFIX CORPORATION,,FOSTER CITY,Company,,0,0,,,0,,,,1994-11-07,SACHSE,,,0001,0000003910,,,,,E,,,,,,415 - 521 3318,,415 - 521 3399,,,,,,,,,,,,,,,,,,,,,,X,0508169801,,,,,,,,,,,,,,,,0,,,,,,,,,,,,,,,,,,,,,,,,,0,,,,0,,,,,,,,,,,,,,,,,,,,,,,,,,,I,False,2021-03-31 02:47:30.036270+00:00
800,ARAMI-00,US,Aramingo-00,,,,Wilmington,New Castle,,,19801,DE,SRM,3456 West Chester Pike,34494,ARAMINGO-00,,WILMINGTON,Firma,,0,0,,,0,,,,2002-05-10,VOLMERING,,,VEND,,,,,,E,,,,,,610-107-100,,610-107-101,,,,,,,,,,,,,,,,,,,,,,X,0800301001,,,,,,,,,,,,,,,,0,,,,,,,,,,,,,,,,,,,,,,,,,0,,,,0,,,,,,,,,,,,,,,,,,,,,,,,,,,I,False,2021-03-31 02:47:30.036270+00:00
800,0000007513,US,Kevin Blair,,,,ATLANTA,FULTON,,,30301,GA,BLAIR,345 345 Bay Street,9202,KEVIN BLAIR,,ATLANTA,Mr.,,0,0,,,0,,,,1999-05-31,OLBERT,,,0001,,,,,,E,,,,,,323-43-2123,,323-43-2124,,,,,,,,,,,,,,,,,,,,,,X,1112100801,,,,,,,,,,,,,,,,0,,,,,,,,,,,,,,,,,,,,,,,,,0,,,,0,,,,,,,,,,,,,,,,,,,,,,,,,,,I,False,2021-03-31 02:47:30.036270+00:00
800,0000007518,US,Michelle Dean,,,,ATLANTA,FULTON,,,30301,GA,DEAN,233 233 Jurtis Lane,9207,MICHELLE DEAN,,ATLANTA,Ms.,,0,0,,,0,,,,1999-05-31,OLBERT,,,0001,,,,,,E,,,,,,347-56-8234,,347-56-8235,,,,,,,,,,,,,,,,,,,,,,X,1112100801,,,,,,,,,,,,,,,,0,,,,,,,,,,,,,,,,,,,,,,,,,0,,,,0,,,,,,,,,,,,,,,,,,,,,,,,,,,I,False,2021-03-31 02:47:30.036270+00:00
800,0000007501,US,Deborah Woolway,,,,ATLANTA,FULTON,,,30301,GA,WOOLWAY,234 234 Theodore Lane,9190,DEBORAH WOOLWAY,,ATLANTA,Ms.,,0,0,,,0,,,,1999-05-28,OLBERT,,,0001,,,,,,E,,,,,,323-42-3412,,323-42-3413,,,,,,,,,,,,,,,,,,,,,,X,1112100801,,,,,,,,,,,,,,,,0,,,,,,,,,,,,,,,,,,,,,,,,,0,,,,0,,,,,,,,,,,,,,,,,,,,,,,,,,,I,False,2021-03-31 02:47:30.036270+00:00
800,0000007509,US,Jack Douglas,,,,ATLANTA,FULTON,,,30301,GA,DOUGLAS,123 123 Helenes Street,9198,JACK DOUGLAS,,ATLANTA,Mr.,,0,0,,,0,,,,1999-05-28,OLBERT,,,0001,,,,,,E,,,,,,001-25-5655,,001-25-5656,,,,,,,,,,,,,,,,,,,,,,X,1112100801,,,,,,,,,,,,,,,,0,,,,,,,,,,,,,,,,,,,,,,,,,0,,,,0,,,,,,,,,,,,,,,,,,,,,,,,,,,I,False,2021-03-31 02:47:30.036270+00:00
800,0000007516,US,Robert Penn,,,,ATLANTA,FULTON,,,30301,GA,PENN,567 567 Herbert Lane,9205,ROBERT PENN,,ATLANTA,Mr.,,0,0,,,0,,,,1999-05-31,OLBERT,,,0001,,,,,,E,,,,,,234-53-2324,,234-53-2325,,,,,,,,,,,,,,,,,,,,,,X,1112100801,,,,,,,,,,,,,,,,0,,,,,,,,,,,,,,,,,,,,,,,,,0,,,,0,,,,,,,,,,,,,,,,,,,,,,,,,,,I,False,2021-03-31 02:47:30.036270+00:00
800,0000007502,US,Stephen Powell,,,,ATLANTA,FULTON,,,30301,GA,POWELL,342 342  Halien Street,9191,STEPHEN POWELL,,ATLANTA,Mr.,,0,0,,,0,,,,1999-05-28,OLBERT,,,0001,,,,,,E,,,,,,231-23-4321,,231-23-4322,,,,,,,,,,,,,,,,,,,,,,X,1112100801,,,,,,,,,,,,,,,,0,,,,,,,,,,,,,,,,,,,,,,,,,0,,,,0,,,,,,,,,,,,,,,,,,,,,,,,,,,I,False,2021-03-31 02:47:30.036270+00:00
800,0000007520,US,Norman Weinberg,,,,ATLANTA,FULTON,,,30301,GA,WEINBERG,323 323 Kundalini Road,9209,NORMAN WEINBERG,,ATLANTA,Mr.,,0,0,,,0,,,,1999-05-31,OLBERT,,,0001,,,,,,E,,,,,,346-57-3284,,346-57-3285,,,,,,,,,,,,,,,,,,,,,,X,1112100801,,,,,,,,,,,,,,,,0,,,,,,,,,,,,,,,,,,,,,,,,,0,,,,0,,,,,,,,,,,,,,,,,,,,,,,,,,,I,False,2021-03-31 02:47:30.036270+00:00
800,0000007511,US,Steve Banley,,,,ATLANTA,FULTON,,,30301,GA,BANLEY,234 234  Burton Street,9200,STEVE BANLEY,,ATLANTA,Mr.,,0,0,,,0,,,,1999-05-28,OLBERT,,,0001,,,,,,E,,,,,,323-46-5431,,323-46-5432,,,,,,,,,,,,,,,,,,,,,,X,1112100801,,,,,,,,,,,,,,,,0,,,,,,,,,,,,,,,,,,,,,,,,,0,,,,0,,,,,,,,,,,,,,,,,,,,,,,,,,,I,False,2021-03-31 02:47:30.036270+00:00
800,0000007508,US,Jennifer Stone,,,,ATLANTA,FULTON,,,30301,GA,STONE,234 234 Hope Street,9197,JENNIFER STONE,,ATLANTA,Ms.,,0,0,,,0,,,,1999-05-28,OLBERT,,,0001,,,,,,E,,,,,,234-34-3215,,234-34-3216,,,,,,,,,,,,,,,,,,,,,,X,1112100801,,,,,,,,,,,,,,,,0,,,,,,,,,,,,,,,,,,,,,,,,,0,,,,0,,,,,,,,,,,,,,,,,,,,,,,,,,,I,False,2021-03-31 02:47:30.036270+00:00
800,0000007505,US,Michael Curtis,,,,ATLANTA,FULTON,,,30301,GA,CURTIS,332 332 Golf Lane,9194,MICHAEL CURTIS,,ATLANTA,Mr.,,0,0,,,0,,,,1999-05-28,OLBERT,,,0001,,,,,,E,,,,,,734-45-6423,,734-45-64244,,,,,,,,,,,,,,,,,,,,,,X,1112100801,,,,,,,,,,,,,,,,0,,,,,,,,,,,,,,,,,,,,,,,,,0,,,,0,,,,,,,,,,,,,,,,,,,,,,,,,,,I,False,2021-03-31 02:47:30.036270+00:00
800,0000007506,US,Caren Johnson,,,,ATLANTA,FULTON,,,30301,GA,JOHNSON,212 212 Frederic Lane,9195,CAREN JOHNSON,,ATLANTA,Ms.,,0,0,,,0,,,,1999-05-28,OLBERT,,,0001,,,,,,E,,,,,,345-62-3421,,345-62-3422,,,,,,,,,,,,,,,,,,,,,,X,1112100801,,,,,,,,,,,,,,,,0,,,,,,,,,,,,,,,,,,,,,,,,,0,,,,0,,,,,,,,,,,,,,,,,,,,,,,,,,,I,False,2021-03-31 02:47:30.036270+00:00
800,0000007524,US,Barbara Lee,,,,ATLANTA,FULTON,,,30301,GA,LEE,454 454 Paso Lane,9213,BARBARA LEE,,ATLANTA,Ms.,,0,0,,,0,,,,1999-05-31,OLBERT,,,0001,,,,,,E,,,,,,362-37-4523,,362-37-4524,,,,,,,,,,,,,,,,,,,,,,X,1112100801,,,,,,,,,,,,,,,,0,,,,,,,,,,,,,,,,,,,,,,,,,0,,,,0,,,,,,,,,,,,,,,,,,,,,,,,,,,I,False,2021-03-31 02:47:30.036270+00:00
800,0000007525,US,Ryan Reval,,,,ATLANTA,FULTON,,,30301,GA,REVAL,231 231 Horsman Lane,9214,RYAN REVAL,,ATLANTA,Mr.,,0,0,,,0,,,,1999-05-31,OLBERT,,,0001,,,,,,E,,,,,,463-21-2342,,463-21-2343,,,,,,,,,,,,,,,,,,,,,,X,1112100801,,,,,,,,,,,,,,,,0,,,,,,,,,,,,,,,,,,,,,,,,,0,,,,0,,,,,,,,,,,,,,,,,,,,,,,,,,,I,False,2021-03-31 02:47:30.036270+00:00
800,0000007514,US,Patrick Backett,,,,ATLANTA,FULTON,,,30301,GA,BACKETT,445 445 Funden Street,9203,PATRICK BACKETT,,ATLANTA,Mr.,,0,0,,,0,,,,1999-05-31,OLBERT,,,0001,,,,,,E,,,,,,876-45-6784,,876-45-6785,,,,,,,,,,,,,,,,,,,,,,X,1112100801,,,,,,,,,,,,,,,,0,,,,,,,,,,,,,,,,,,,,,,,,,0,,,,0,,,,,,,,,,,,,,,,,,,,,,,,,,,I,False,2021-03-31 02:47:30.036270+00:00
800,0000007519,US,Matthew Carter,,,,ATLANTA,FULTON,,,30301,GA,CARTER,456 456 Jurnes Lane,9208,MATTHEW CARTER,,ATLANTA,Mr.,,0,0,,,0,,,,1999-05-31,OLBERT,,,0001,,,,,,E,,,,,,675-43-4567,,675-43-4568,,,,,,,,,,,,,,,,,,,,,,X,1112100801,,,,,,,,,,,,,,,,0,,,,,,,,,,,,,,,,,,,,,,,,,0,,,,0,,,,,,,,,,,,,,,,,,,,,,,,,,,I,False,2021-03-31 02:47:30.036270+00:00
800,0000007512,US,Eduard Sullivan,,,,ATLANTA,FULTON,,,30302,GA,SULLIVAN,233 233 Rainburn Street,9201,EDUARD SULLIVAN,,ATLANTA,Mr.,,0,0,,,0,,,,1999-05-28,OLBERT,,,0001,,,,,,E,,,,,,231-23-2341,,231-23-2342,,,,,,,,,,,,,,,,,,,,,,X,1112100801,,,,,,,,,,,,,,,,0,,,,,,,,,,,,,,,,,,,,,,,,,0,,,,0,,,,,,,,,,,,,,,,,,,,,,,,,,,I,False,2021-03-31 02:47:30.036270+00:00
800,0000007500,US,Jaqueline Humes,,,,ATLANTA,FULTON,,,30302,GA,HUMES,234 234 Boston Lane,9189,JAQUELINE HUMES,,ATLANTA,Ms.,,0,0,,,0,,,,1999-05-28,OLBERT,,,0001,,,,,,E,,,,,,987 345-5890,,987 345-5891,,,,,,,,,,,,,,,,,,,,,,X,1112100801,,,,,,,,,,,,,,,,0,,,,,,,,,,,,,,,,,,,,,,,,,0,,,,0,,,,,,,,,,,,,,,,,,,,,,,,,,,I,False,2021-03-31 02:47:30.036270+00:00
800,0000007507,US,Frank Reeve,,,,ATLANTA,FULTON,,,30302,GA,REEVE,456 456 Kilmann Street,9196,FRANK REEVE,,ATLANTA,Mr.,,0,0,,,0,,,,1999-05-28,OLBERT,,,0001,,,,,,E,,,,,,348-56-7321,,348-56-7322,,,,,,,,,,,,,,,,,,,,,,X,1112100801,,,,,,,,,,,,,,,,0,,,,,,,,,,,,,,,,,,,,,,,,,0,,,,0,,,,,,,,,,,,,,,,,,,,,,,,,,,I,False,2021-03-31 02:47:30.036270+00:00
800,0000007515,US,Theo Linden,,,,ATLANTA,FULTON,,,30302,GA,LINDEN,234 234 Zerie Street,9204,THEO LINDEN,,ATLANTA,Mr.,,0,0,,,0,,,,1999-05-31,OLBERT,,,0001,,,,,,E,,,,,,238-58-5665,,238-58-5666,,,,,,,,,,,,,,,,,,,,,,X,1112100801,,,,,,,,,,,,,,,,0,,,,,,,,,,,,,,,,,,,,,,,,,0,,,,0,,,,,,,,,,,,,,,,,,,,,,,,,,,I,False,2021-03-31 02:47:30.036270+00:00
800,0000007517,US,Todd Gustafsen,,,,ATLANTA,FULTON,,,30302,GA,GUSTAFSEN,455 455 Killanin Road,9206,TODD GUSTAFSEN,,ATLANTA,Mr.,,0,0,,,0,,,,1999-05-31,OLBERT,,,0001,,,,,,E,,,,,,323-45-6781,,323-45-6782,,,,,,,,,,,,,,,,,,,,,,X,1112100801,,,,,,,,,,,,,,,,0,,,,,,,,,,,,,,,,,,,,,,,,,0,,,,0,,,,,,,,,,,,,,,,,,,,,,,,,,,I,False,2021-03-31 02:47:30.036270+00:00
800,0000007521,US,Angela Lucata,,,,ATLANTA,FULTON,,,30303,GA,LUCATA,675 675 Turner Street,9210,ANGELA LUCATA,,ATLANTA,Ms.,,0,0,,,0,,,,1999-05-31,OLBERT,,,0001,,,,,,E,,,,,,238-58-6796,,238-58-6797,,,,,,,,,,,,,,,,,,,,,,X,1112100801,,,,,,,,,,,,,,,,0,,,,,,,,,,,,,,,,,,,,,,,,,0,,,,0,,,,,,,,,,,,,,,,,,,,,,,,,,,I,False,2021-03-31 02:47:30.036270+00:00
800,0000007522,US,Susann Belli,,,,ATLANTA,FULTON,,,30303,GA,BELLI,23 23 Ohio Street,9211,SUSANN BELLI,,ATLANTA,Ms.,,0,0,,,0,,,,1999-05-31,OLBERT,,,0001,,,,,,E,,,,,,234-53-2123,,234-53-2124,,,,,,,,,,,,,,,,,,,,,,X,1112100801,,,,,,,,,,,,,,,,0,,,,,,,,,,,,,,,,,,,,,,,,,0,,,,0,,,,,,,,,,,,,,,,,,,,,,,,,,,I,False,2021-03-31 02:47:30.036270+00:00
800,0000007510,US,Judie Coltman,,,,ATLANTA,FULTON,,,30303,GA,COLTMAN,232 232  Hibernian Lane,9199,JUDIE COLTMAN,,ATLANTA,Ms.,,0,0,,,0,,,,1999-05-28,OLBERT,,,0001,,,,,,E,,,,,,435-67-4589,,435-67-4590,,,,,,,,,,,,,,,,,,,,,,X,1112100801,,,,,,,,,,,,,,,,0,,,,,,,,,,,,,,,,,,,,,,,,,0,,,,0,,,,,,,,,,,,,,,,,,,,,,,,,,,I,False,2021-03-31 02:47:30.036270+00:00
800,0000007523,US,Ann Anderson,,,,ATLANTA,FULTON,,,30304,GA,ANDERSON,323 323 Utah Road,9212,ANN ANDERSON,,ATLANTA,Ms.,,0,0,,,0,,,,1999-05-31,OLBERT,,,0001,,,,,,E,,,,,,234-53-1234,,234-53-1235,,,,,,,,,,,,,,,,,,,,,,X,1112100801,,,,,,,,,,,,,,,,0,,,,,,,,,,,,,,,,,,,,,,,,,0,,,,0,,,,,,,,,,,,,,,,,,,,,,,,,,,I,False,2021-03-31 02:47:30.036270+00:00
800,0000007503,US,David Gartner,,,,ATLANTA,FULTON,,,30304,GA,GARTNER,342 342 Naomi Road,9192,DAVID GARTNER,,ATLANTA,Mr.,,0,0,,,0,,,,1999-05-28,OLBERT,,,0001,,,,,,E,,,,,,465-32-3453,,465-32-3454,,,,,,,,,,,,,,,,,,,,,,X,1112100801,,,,,,,,,,,,,,,,0,,,,,,,,,,,,,,,,,,,,,,,,,0,,,,0,,,,,,,,,,,,,,,,,,,,,,,,,,,I,False,2021-03-31 02:47:30.036270+00:00
800,0000007504,US,Sophie Cleveland,,,,ATLANTA,FULTON,,,30304,GA,CLEVELAND,232 232 Hudson Street,9193,SOPHIE CLEVELAND,,ATLANTA,Ms.,,0,0,,,0,,,,1999-05-28,OLBERT,,,0001,,,,,,E,,,,,,342-32-3452,,342-32-3453,,,,,,,,,,,,,,,,,,,,,,X,1112100801,,,,,,,,,,,,,,,,0,,,,,,,,,,,,,,,,,,,,,,,,,0,,,,0,,,,,,,,,,,,,,,,,,,,,,,,,,,I,False,2021-03-31 02:47:30.036270+00:00
800,0000003930,US,TetPak Inc.,,,,CHICAGO,COOK,,,60606,IL,TETPAK INC,333 West Wacker Drive,6990,TETPAK INC.,,CHICAGO,,,0,0,,,0,,,,1994-11-07,SACHSE,,,0001,0000007004,,,,,E,,,,,,312 - 553 9200,,312 - 553 5151,,,,,,,,,,,,,,,,,,,,,,X,1403105101,,,,0000000003,,,,,,,,,,,,0,,,,,,,,,,,,,,,,,,,,,,,,,0,,,,0,,,,,,,,,,,,,,,,,,,,,,,,,,,I,False,2021-03-31 02:47:30.036270+00:00
800,0000003410,US,Feralloy,,,,CHICAGO,COOK,,,60601,IL,STEEL,State Rd.,9635,FERALLOY,,CHICAGO,Company,,0,0,,0001,0,,,,1999-08-04,KUERSTEN,,,0001,,,,,,E,,,,,,001406334467,,001406334467,,,,,,,US-11111333,,,,,,,,,,,,,,,X,1403105101,,,,,,,,,,,,,,,,0,,,,,,,,,,,,,,,,,,,,,,,,,0,,,,0,,,,,,,,,,,,,,,,,,,,,,,,,,,I,False,2021-03-31 02:47:30.036270+00:00
800,0000030000,US,IDES US Inc.,,,,NEW YORK,NEW YORK,,,10019,NY,IDES IC,1230 Lincoln Avenue,7040,IDES US INC.,,NEW YORK,,,0,0,,HITE,0,,,,1997-12-02,MONCHANIN,,,PLNT,,,,,,E,,,,,,212-345-0983,,212-345-5693,,,,,3000.0,,,,,,,,,,,,,,,,,X,3306120101,,,,,,,,,,,,,,,,0,,,,,,,,,,,,,,,,,,,,,,,,,0,,,,0,,,,,,,,,,,,,,,,,,,,,,,,,,,I,False,2021-03-31 02:47:30.036270+00:00
800,0000002210,US,HTG Components,,,,PHILADELPHIA,PHILADELPHIA,,,19131,PA,WF-PREPOST,4938 Locust Street,7059,HTG COMPONENTS,,PHILADELPHIA,,,0,0,,HITE,0,,,,1996-03-07,MONCHANIN,,,0001,,,,,,E,,,,,,215-783-6565,,215-783-4356,,,,X,,,,,,,,,,,,,,,,,,X,3910130001,,,,,,,,,,,,,,,,0,,,,,,,,,,,,,,,,,,,,,,,,,0,,,,0,,,,,,,,,,,,,,,,,,,,,,,,,,,I,False,2021-03-31 02:47:30.036270+00:00
800,IS_VEND7,US,Port Authority of NY & NJ,Port Newark Container Terminal,,,ELIZABETH,UNION,,,07201,NJ,TM6 IS,07 Tyler Street,66523,PORT AUTHORITY OF NY & NJ,PORT NEWARK CONTAINER TER,ELIZABETH,,,0,0,,TRAN,0,,,,2008-11-07,I813408,,,TM1,,,,,,E,,,,,,,,,,,,,,,,,,,,,,,,,,,,,,X,3103906001,,,,,,,,,,,,,,,,0,,,,,,,,,,,,,,,,,,,,,,,,,0,,,,0,,,,,,,,,,,,,,,,,,,,,,,,,,,I,False,2021-03-31 02:47:30.036270+00:00
800,IS_CARR6,US,US East Trucking Company,,,,Columbus,FAIRFIELD,,,43085,OH,TM6 IS,1548 Main Street,66529,US EAST TRUCKING COMPANY,,COLUMBUS,,,0,0,,TRAN,0,,,,2008-11-07,I813408,,,TM2,,,,,,E,,,,,,,,,,,,,,,,,,,,,,,,,,,,,,X,3604505701,,,,,,,,,,,,,,,,0,,,,,,,,,,,,,,,,,,,,,,,,,0,,,,0,,,,,,,,,,,,,,,,,,,,,,,,,,,I,False,2021-03-31 02:47:30.036270+00:00
800,SS_FLEET3,US,SS Private Fleet 3,,,,Boise,ADA,,,83702,ID,SS_FLEET3,500 East River Rd,66584,SS PRIVATE FLEET 3,,BOISE,,,0,0,,TRAN,0,,,,2008-11-19,I813408,,,TM2,,,,,,E,,,,,,,,,,,,,,,,,,,,,,,,,,,,,,X,1300100301,,,,,,,,,,,,,,,,0,,,,,,,,,,,,,,,,,,,,,,,,,0,,,,0,,,,,,,,,,,,,,,,,,,,,,,,,,,I,False,2021-03-31 02:47:30.036270+00:00
800,IS_CARR1,US,Global East Ocean Transport,,,,Long Beach,LOS ANGELES,,,90802,CA,TM6 IS,1234 Ocean Blvd,66524,GLOBAL EAST OCEAN TRANSPO,,LONG BEACH,,,0,0,,TRAN,0,,,,2008-11-07,I813408,,,TM2,,,,,,E,,,,,,,,,,,,,,,,,,,,,,,,,,,,,,X,0503718601,,,,,,,,,,,,,,,,0,,,,,,,,,,,,,,,,,,,,,,,,,0,,,,0,,,,,,,,,,,,,,,,,,,,,,,,,,,I,False,2021-03-31 02:47:30.036270+00:00
800,SS_FLEET2,US,SS Private Fleet 2,,,,Portland,CLACKAMAS,,,97205,OR,SS_FLEET2,500 Main Avenue,66583,SS PRIVATE FLEET 2,,PORTLAND,,,0,0,,TRAN,0,,,,2008-11-19,I813408,,,TM2,,,,,,E,,,,,,,,,,,,,,,,,,,,,,,,,,,,,,X,3800504601,,,,,,,,,,,,,,,,0,,,,,,,,,,,,,,,,,,,,,,,,,0,,,,0,,,,,,,,,,,,,,,,,,,,,,,,,,,I,False,2021-03-31 02:47:30.036270+00:00
800,SS_FLEET1,US,SS Private Fleet 1,,,,Federal Way,KING,,,98023,WA,SS_FLEET1,360 9th Ave SW,66582,SS PRIVATE FLEET 1,,FEDERAL WAY,,,0,0,,TRAN,0,,,,2008-11-19,I813408,,,TM2,,,,,,E,,,,,,,,,,,,,,,,,,,,,,,,,,,,,,X,4803312001,,,,,,,,,,,,,,,,0,,,,,,,,,,,,,,,,,,,,,,,,,0,,,,0,,,,,,,,,,,,,,,,,,,,,,,,,,,I,False,2021-03-31 02:47:30.036270+00:00
800,TM_CSL001,US,Global Cargo Systems,,,,Jersey City,HUDSON,,,07305,,TM,303 Port Jersey Blvd,64491,GLOBAL CARGO SYSTEMS,,JERSEY CITY,,,0,0,,,0,,,,2008-01-10,C5101616,,,TM2,,,,,,E,,,,,,,,,,,,,,,,,,,,,,,,,,,,,,X,3101710701,,,,,,,,,,,,,,,,0,,,,,,,,,,,,,,,,,,,,,,,,,0,,,,0,,,,,,,,,,,,,,,,,,,,,,,,,,,I,False,2021-03-31 02:47:30.036270+00:00
800,TM_CAR002,US,National Trucking,,,,Trenton,MERCER,,,08611,,TM,131 Durand Ave,64489,NATIONAL TRUCKING,,TRENTON,,,0,0,,,0,,,,2008-01-10,C5101616,,,TM2,,,,,,E,,,,,,,,,,,,,,,,,,,,,,,,,,,,,,X,3102125201,,,,,,,,,,,,,,,,0,,,,,,,,,,,,,,,,,,,,,,,,,0,,,,0,,,,,,,,,,,,,,,,,,,,,,,,,,,I,False,2021-03-31 02:47:30.036270+00:00
800,TM_CAR001,US,P&G Truck Lines,,,,Pittsburgh,ALLEGHENY,,,15204,,TM,4075 Windgap Ave,64488,P&G TRUCK LINES,,PITTSBURGH,,,0,0,,,0,,,,2008-01-10,C5101616,,,TM2,,,,,,E,,,,,,,,,,,,,,,,,,,,,,,,,,,,,,X,3900330401,,,,,,,,,,,,,,,,0,,,,,,,,,,,,,,,,,,,,,,,,,0,,,,0,,,,,,,,,,,,,,,,,,,,,,,,,,,I,False,2021-03-31 02:47:30.036270+00:00
800,TM_CAR003,US,Fast Trucking & Logistics,,,,Reading,BERKS,,,19601,,TM,402 Spring Sreet,64490,FAST TRUCKING & LOGISTICS,,READING,,,0,0,,,0,,,,2008-01-10,C5101616,,,TM2,,,,,,E,,,,,,,,,,,,,,,,,,,,,,,,,,,,,,X,3901132101,,,,,,,,,,,,,,,,0,,,,,,,,,,,,,,,,,,,,,,,,,0,,,,0,,,,,,,,,,,,,,,,,,,,,,,,,,,I,False,2021-03-31 02:47:30.036270+00:00
800,0000003300,US,Material Supplier,,,,LEXINGTON,FAYETTE,,,40509,KY,LUTZ,123 Main Street,47123,MATERIAL SUPPLIER,,LEXINGTON,,,0,0,,MFTG,0,,,,2004-07-07,LUTZ,,,0001,,,,,,E,,,,,,,,,,,,,,,,,,,,,,,,,,,,,,X,1806704701,,,,,,,,,,,,,,,,0,,,,,,,,,,,,,,,,,,,,,,,,,0,,,,0,,,,,,,,,,,,,,,,,,,,,,,,,,,I,False,2021-03-31 02:47:30.036270+00:00
800,0000003301,US,Office Supply Company,,,,DUBLIN,FRANKLIN,,,43016,OH,LUTZ,456 North Street,47124,OFFICE SUPPLY COMPANY,,DUBLIN,,,0,0,,MFTG,0,,,,2004-07-07,LUTZ,,,0001,,,,,,E,,,,,,,,,,,,,,,,,,,,,,,,,,,,,,X,3604931001,,,,,,,,,,,,,,,,0,,,,,,,,,,,,,,,,,,,,,,,,,0,,,,0,,,,,,,,,,,,,,,,,,,,,,,,,,,I,False,2021-03-31 02:47:30.036270+00:00
800,0000003302,US,Utilities Company,,,,ST. CLAIRSVILLE,BELMONT,,,43950,OH,LUTZ,566 South Avenue,47125,UTILITIES COMPANY,,ST. CLAIRSVILLE,,,0,0,,MFTG,0,,,,2004-07-07,LUTZ,,,0001,,,,,,E,,,,,,,,,,,,,,,,,,,,,,,,,,,,,,X,3601323901,,,,,,,,,,,,,,,,0,,,,,,,,,,,,,,,,,,,,,,,,,0,,,,0,,,,,,,,,,,,,,,,,,,,,,,,,,,I,False,2021-03-31 02:47:30.036270+00:00
800,0000003111,US,CMDS Supplier,,,,DETROIT,WAYNE,,,48206,MI,CMDS,Main Street,44235,CMDS SUPPLIER,,DETROIT,Company,,0,0,,,0,,,,2003-09-15,TOMB,,,0001,,,,,,E,,,,,,,,,,,,,,,,,,,,,,,,,,,,,,X,2316303801,,,,,,,,,,,,,,,,0,,,,,,,,,,,,,,,,,,,,,,,,,0,,,,0,,,,,,,,,,,,,,,,,,,,,,,,,,,I,False,2021-03-31 02:47:30.036270+00:00
800,0000003003,US,World's Best Suppliers,,,,WESTCHESTER,COOK,100,60612,60154,IL,LES,5 Westbrook Road,16724,WORLD'S BEST SUPPLIERS,,WESTCHESTER,Company,,0,0,,,0,,,,2001-12-27,TOMB,,,0001,,,,,,E,,,,,,708-947-5000,,,,,,,,,,,,,,,,,,,,,,,,X,1403131001,,,,,,,,,,,,,,,,0,,,,,,,,,,,,,B,,,,,,,,,,,,0,,,,0,,,,,,,,,,,,,,,,,,,,,,,,,,,I,False,2021-03-31 02:47:30.036270+00:00
800,0000000300,US,AluCast,,,,HILLSBOROUGH,SOMERSET,,22086,08844,NJ,AUTO,900 Edison Ave. Suite 300,6949,ALUCAST,,HILLSBOROUGH,Firma,,0,0,,,0,,,,1995-08-21,WEIS,,,0001,,,,,,E,,,,,,,,,,,,,,,,,,,,,,,,,,,,,,X,3103564401,,,,,,,,,,,,,,,,0,,,,,,,,,,,,,,,,,,,,,,,,,0,,,,0,,,,,,,,,,,,,,,,,,,,,,,,,,,I,False,2021-03-31 02:47:30.036270+00:00
800,0000001444,US,C & C Supply,,,,CLEVELAND,CUYAHOGA,1000,44120-1000,44124,OH,CMR,1000 Euclid,44260,C & C SUPPLY,,CLEVELAND,,,0,0,,TRAD,0,,,,2003-09-17,RIEDE,,,0001,,,,,,E,,,,,,216-424-0399,,,,,,,,,,,,,,,,,,,,,,,,X,3603505101,,,,,,,,,,,,,,,,0,,,,,,,,,,,,,,,,,,,,,,,,,0,,,,0,,,,,,,,,,,,,,,,,,,,,,,,,,,I,False,2021-03-31 02:47:30.036270+00:00
800,0000003990,US,Plastic Bottle Inc,,,,SAINT LOUIS,SAINT LOUIS (IND CIT,,,63122,MO,PLASITC,6723 Henry Court,41372,PLASTIC BOTTLE INC,,SAINT LOUIS,,,0,0,,,0,,,,2003-02-18,WELCH,,,0001,,,,,,E,,,,,,,,,,,,,,,,,,,,,,,,,,,,,,X,2651012701,,,,,,,,,,,,,,,,0,,,,,,,,,,,,,,,,,,,,,,,,,0,,,,0,,,,,,,,,,,,,,,,,,,,,,,,,,,I,False,2021-03-31 02:47:30.036270+00:00
800,0000003018,US,Fremont Supplies,,,,REDWOOD CITY,SAN MATEO,,,94061,CA,FREMONT,1310 West Avenue,36833,FREMONT SUPPLIES,,REDWOOD CITY,,,0,0,,TRAD,0,,,,2002-08-20,BREWER,,,0001,0000003018,,,,,E,,,,,,,,,,,,X,,,,,,,,,,,,,,,,,,X,0508127901,,,,,,,,,,,,,,,,0,,,,,,,,,,,,,,,,,,,,,,,,,0,,,,0,,,,,,,,,,,,,,,,,,,,,,,,,,,I,False,2021-03-31 02:47:30.036270+00:00
800,0000002316,US,Cisco,,,,SAN JUAN CAPISTRANO,ORANGE,,,92692,CA,CISCO,3838 Barnes Blvd.,37549,CISCO,,SAN JUAN CAPISTRANO,,,0,0,,TRAD,0,,,,2002-10-04,HANSEN,,,0001,,,,,,E,,,,,,,,,,,,X,,,,,,,,,,,,,,,,,,X,0505975701,,,,,,,,,,,,,,,,0,,,,,,,,,,,,,,,,,,,,,,,,,0,,,,0,,,,,,,,,,,,,,,,,,,,,,,,,,,I,False,2021-03-31 02:47:30.036270+00:00
800,0000002317,US,Vendor 3,,,,MISSION VIEJO,ORANGE,,,92692,CA,VENDOR 3,28282 Crenshaw,45360,VENDOR 3,,MISSION VIEJO,,,0,0,,TRAD,0,,,,2004-02-20,HANSEN,,,0001,,,,,,E,,,,,,,,,,,,X,,,,,,,,,,,,,,,,,,X,0505965801,,,,,,,,,,,,,,,,0,,,,,,,,,,,,,,,,,,,,,,,,,0,,,,0,,,,,,,,,,,,,,,,,,,,,,,,,,,I,False,2021-03-31 02:47:30.036270+00:00
800,0000002315,US,Lucent,,,,MISSION VIEJO,ORANGE,,,92692,CA,LUCENT,1810 Irvine Road,37548,LUCENT,,MISSION VIEJO,,,0,0,,TRAD,0,,,,2002-10-04,HANSEN,,,0001,,,,,,E,,,,,,555-1212,,,,,,X,,,,,,,,,,,,,,,,,,X,0505965801,,,,,,,,,,,,,,,,0,,,,,,,,,,,,,,,,,,,,,,,,,0,,,,0,,,,,,,,,,,,,,,,,,,,,,,,,,,I,False,2021-03-31 02:47:30.036270+00:00
800,0000024002,US,Magnum P.I.,,,,BOSTON,SUFFOLK,,,02109,,LEGAL,24981 Aloha Way,49507,MAGNUM P.I.,,BOSTON,,,0,0,,TRAD,0,,,,2005-04-04,PERRON,,,0001,,,,,,E,,,,,,,,,,,,X,,,,,,,,,,,,,,,,,,X,2202501001,,,,,,,,,,,,,,,,0,,,,,,,,,,,,,,,,,,,,,,,,,0,,,,0,,,,,,,,,,,,,,,,,,,,,,,,,,,I,False,2021-03-31 02:47:30.036270+00:00
800,0000024000,US,"Speedy Couriers, Inc",,,,Boston,SUFFOLK,,,02109,,LEGAL,900 Justice Way,49505,"SPEEDY COURIERS, INC",,BOSTON,,,0,0,,TRAD,0,,,,2005-04-04,PERRON,,,0001,,,,,,E,,,,,,,,,,,,X,,,,,,,,,,,,,,,,,,X,2202501001,,,,,,,,,,,,,,,,0,,,,,,,,,,,,,,,,,,,,,,,,,0,,,,0,,,,,,,,,,,,,,,,,,,,,,,,,,,I,False,2021-03-31 02:47:30.036270+00:00
800,0000024001,US,County Courthouse,,,,Boston,SUFFOLK,,,02109,,LEGAL,800 Justice Way,49506,COUNTY COURTHOUSE,,BOSTON,,,0,0,,TRAD,0,,,,2005-04-04,PERRON,,,0001,,,,,,E,,,,,,,,,,,,X,,,,,,,,,,,,,,,,,,X,2202501001,,,,,,,,,,,,,,,,0,,,,,,,,,,,,,,,,,,,,,,,,,0,,,,0,,,,,,,,,,,,,,,,,,,,,,,,,,,I,False,2021-03-31 02:47:30.036270+00:00
800,0000003272,US,ADCOM COMPUTER,,,,SEATTLE,KING,,,98155,WA,SRM,1625 Perkins Way,44029,ADCOM COMPUTER,,SEATTLE,,,0,0,,,0,,,,2003-08-08,SNYDER,,,0001,0000003272,,,,,E,,,,,,206-724-2337,,,,,,,,,,,,,,,,,,,,,,,,X,4803306501,,,,,,,,,,,,,,,,0,,,,,,,,,,,,,,,,,,,,,,,,,0,,,,0,,,,,,,,,,,,,,,,,,,,,,,,,,,I,False,2021-03-31 02:47:30.036270+00:00
800,0000003425,US,ACME Supply Company,,,,WALNUT CREEK,CONTRA COSTA,,,94598,CA,ACME,1500 N. Broadway,14707,ACME SUPPLY COMPANY,,WALNUT CREEK,,,0,0,,TRAD,0,,,,2001-10-18,BIRNLEY,,,0001,,,,,,E,,,,,,510-942-0000,,,,,,,,,,,,,,,,,,,,,,,,X,0501337101,,,,,,,,,,,,,,,,0,,,,,,,,,,,,,,,,,,,,,,,,,0,,,,0,,,,,,,,,,,,,,,,,,,,,,,,,,,I,False,2021-03-31 02:47:30.036270+00:00
800,METMININC,US,Metal Mining Inc,,,,Pierre,HUGHES,,,57501,SD,EXPOSURE,200 Brownstone St,460359,METAL MINING INC,,PIERRE,Company,,0,0,,TRAD,0,,,,2010-12-10,D047969,,,0001,,,,,,E,,,,,,,,,,,,X,,,,,,,,,,,,,,,,,,X,4206501501,,,,,,,,,,,,,,,,0,,,,,,,,,,,,,,,,,,,,,,,,,0,,,,0,,,,,,,,,,,,,,,,,,,,,,,,,,,I,False,2021-03-31 02:47:30.036270+00:00
800,0000003200,US,Stables Office Supply,,,,Irving,DALLAS,,,75039,TX,HERTEL,600 E. Las Colinas Blvd,59193,STABLES OFFICE SUPPLY,,IRVING,Company,,0,0,,HITE,0,,,,2007-04-03,I036867,,,0001,,,,,,E,45-431256,,,,,,,,,,,,,,,,,,,,,,,,,,,,,X,4411314901,,,,,,,,,,,,,,,,0,,,,,,,,,,,,,,,,,,,,,,,,,0,,,,0,,,,,,,,,,,,,,,,,,,,,,,,,,,I,False,2021-03-31 02:47:30.036270+00:00
800,MONSANTOBR,BR,MONSANTO DO BRAZIL LTDA,,,,SAO PAULO,,,,13650-000,SP,MONSANTO,AV DAS NACOES UNIDAS,278354,MONSANTO DO BRAZIL LTDA,,SAO PAULO,,,0,0,,0001,0,,,,2010-04-23,I813448,,,0001,,,,,,P,,,,,,,,,,,,X,,,,,,,,,,,,,,,,,,X,SP,,,,,,,,,,,,,,,,0,,,,,,,,,,,,,,,,,,,,,,,,,0,,,,0,,,,,,,,,,,,,,,,,,,,,,,,,,,I,False,2021-03-31 02:47:30.036270+00:00
800,0000010001,US,Detroit Supplier Inc.,,,,DETROIT,,,,48219,MI,GTS,12 12 Quality-Street,49328,DETROIT SUPPLIER INC.,,DETROIT,,,0,0,,,0,,,,2005-03-18,KUEBLER,,,0001,,,,,,E,,,,,,,,,,,,,,,,,,,,,,,,,,,,,,X,2316303801,,,,,,,,,,,,,,,,0,,,,,,,,,,,,,,,,,,,,,,,,,0,,,,0,,,,,,,,,,,,,,,,,,,,,,,,,,,I,False,2021-03-31 02:47:30.036270+00:00
800,0000006000,US,Harbinger Online,,,,SAN FRANCISCO,SAN FRANCISCO,,,94100,CA,HARBINGER,233 233 Flower Street,9101,HARBINGER ONLINE,,SAN FRANCISCO,,,0,0,,,0,,,,1999-05-20,MIERZWA,,,0001,,,,,,D,,,,,,,,,,,,,,,,,,,,,,,,,,,,,,X,0507530401,,,,,,,,,,,,,,,,0,,,,,,,,,,,,,,,,,,,,,,,,,0,,,,0,,,,,,,,,,,,,,,,,,,,,,,,,,,I,False,2021-03-31 02:47:30.036270+00:00
800,YHTS_VIS,US,Vishay Corp,,,,STAPLETON,BALDWIN,,,,,VISHAY COR,,239648,VISHAY CORP,,STAPLETON,Company,,0,0,,,0,,,,2010-03-08,RCSETUP,,,0001,,,,,,E,,,,,,,,,,,,,,,,,,,,,,,,,,,,,,X,0100341731,,,,,,,,,,,,,,,,0,,,,,,,,,,,,,,,,,,,,,,,,,0,,,,0,,,,,,,,,,,,,,,,,,,,,,,,,,,I,False,2021-03-31 02:47:30.036270+00:00
800,YHTS_NIC,US,NIC Components Corp,,,,PIEDMONT,CALHOUN,,,,,NIC COMPON,,239647,NIC COMPONENTS CORP,,PIEDMONT,Company,,0,0,,,0,,,,2010-03-08,RCSETUP,,,0001,,,,,,E,,,,,,,,,,,,,,,,,,,,,,,,,,,,,,X,0101508501,,,,,,,,,,,,,,,,0,,,,,,,,,,,,,,,,,,,,,,,,,0,,,,0,,,,,,,,,,,,,,,,,,,,,,,,,,,I,False,2021-03-31 02:47:30.036270+00:00
800,YHTS_KEM,US,Kemet Corp,,,,SUMMERDALE,BALDWIN,,,,,KEMET CORP,,239646,KEMET CORP,,SUMMERDALE,Company,,0,0,,,0,,,,2010-03-08,RCSETUP,,,0001,,,,,,E,,,,,,,,,,,,,,,,,,,,,,,,,,,,,,X,0100341751,,,,,,,,,,,,,,,,0,,,,,,,,,,,,,,,,,,,,,,,,,0,,,,0,,,,,,,,,,,,,,,,,,,,,,,,,,,I,False,2021-03-31 02:47:30.036270+00:00
800,0000003816,US,NJ Electronics,,,,MANVILLE,SOMERSET,,,08835,NJ,ELEC,100 N. Main Street,37225,NJ ELECTRONICS,,MANVILLE,,,0,0,,TRAD,0,,,,2002-09-18,TIERNEY,,,0001,,,,,,E,,,,,,,,,,,,X,,,,,,,,,,,,,,,,,,X,3103513301,,,,,,,,,,,,,,,,0,,,,,,,,,,,,,,,,,,,,,,,,,0,,,,0,,,,,,,,,,,,,,,,,,,,,,,,,,,I,False,2021-03-31 02:47:30.036270+00:00
800,0000003817,US,MicroElectronics,,,,NEWARK,NEW CASTLE,,,19711,DE,ELEC,100 E. Cleveland Ave,37226,MICROELECTRONICS,,NEWARK,,,0,0,,TRAD,0,,,,2002-09-18,TIERNEY,,,0001,,,,,,E,,,,,,,,,,,,X,,,,,,,,,,,,,,,,,,X,0800300701,,,,,,,,,,,,,,,,0,,,,,,,,,,,,,,,,,,,,,,,,,0,,,,0,,,,,,,,,,,,,,,,,,,,,,,,,,,I,False,2021-03-31 02:47:30.036270+00:00
800,0000003904,US,JSS of America,,,,ALEXANDRIA,ALEXANDRIA (IND CITY,,,22306,VA,ELEC.,7910 Richmond Hwy,37233,JSS OF AMERICA,,ALEXANDRIA,,,0,0,,TRAD,0,,,,2002-09-18,TIERNEY,,,0001,,,,,,E,,,,,,,,,,,,X,,,,,,,,,,,,,,,,,,X,4751000201,,,,,,,,,,,,,,,,0,,,,,,,,,,,,,,,,,,,,,,,,,0,,,,0,,,,,,,,,,,,,,,,,,,,,,,,,,,I,False,2021-03-31 02:47:30.036270+00:00
800,0000003905,US,Greenville Manufacturers,,,,SPARTANBURG,SPARTANBURG,,,29301,SC,ELEC,7600 Grennville Hwy.,37234,GREENVILLE MANUFACTURERS,,SPARTANBURG,,,0,0,,TRAD,0,,,,2002-09-18,TIERNEY,,,0001,,,,,,E,,,,,,,,,,,,X,,,,,,,,,,,,,,,,,,X,4108306101,,,,,,,,,,,,,,,,0,,,,,,,,,,,,,,,,,,,,,,,,,0,,,,0,,,,,,,,,,,,,,,,,,,,,,,,,,,I,False,2021-03-31 02:47:30.036270+00:00
800,0000003819,US,Tucker Industries,,,,TUCKER,DEKALB,,,30084,GA,ELEC,4375 Lawrenceville Hwy,37228,TUCKER INDUSTRIES,,TUCKER,,,0,0,,TRAD,0,,,,2002-09-18,TIERNEY,,,0001,,,,,,E,,,,,,,,,,,,X,,,,,,,,,,,,,,,,,,X,1108912501,,,,,,,,,,,,,,,,0,,,,,,,,,,,,,,,,,,,,,,,,,0,,,,0,,,,,,,,,,,,,,,,,,,,,,,,,,,I,False,2021-03-31 02:47:30.036270+00:00
800,0000003902,US,SCT Inc.,,,,SIOUX CITY,WOODBURY,,,51101,IA,ELEC,2727 Cornhusker Dr,37231,SCT INC.,,SIOUX CITY,,,0,0,,TRAD,0,,,,2002-09-18,TIERNEY,,,0001,,,,,,E,,,,,,3171234571,,,,,,X,,,,,,,,,,,,,,,,,,X,1619308601,,,,,,,,,,,,,,,,0,,,,,,,,,,,,,,,,,,,,,,,,,0,,,,0,,,,,,,,,,,,,,,,,,,,,,,,,,,I,False,2021-03-31 02:47:40.641007+00:00
800,0000003906,US,Dynasty,,,,COLBY,THOMAS,,,67701,KS,ELEC,1915 South Range Ave.,37235,DYNASTY,,COLBY,,,0,0,,TRAD,0,,,,2002-09-18,TIERNEY,,,0001,,,,,,E,,,,,,,,,,,,X,,,,,,,,,,,,,,,,,,X,1719301501,,,,,,,,,,,,,,,,0,,,,,,,,,,,,,,,,,,,,,,,,,0,,,,0,,,,,,,,,,,,,,,,,,,,,,,,,,,I,False,2021-03-31 02:47:30.036270+00:00
800,0000003903,US,Elway Industries,,,,LAFAYETTE,BOULDER,,,80026,CO,ELEC,300 Waneka Parkway,37232,ELWAY INDUSTRIES,,LAFAYETTE,,,0,0,,TRAD,0,,,,2002-09-18,TIERNEY,,,0001,,,,,,E,,,,,,,,,,,,X,,,,,,,,,,,,,,,,,,X,0601302901,,,,,,,,,,,,,,,,0,,,,,,,,,,,,,,,,,,,,,,,,,0,,,,0,,,,,,,,,,,,,,,,,,,,,,,,,,,I,False,2021-03-31 02:47:30.036270+00:00
800,0000003900,US,Gateway Supply,,,,LAKEWOOD,LOS ANGELES,,,90712,CA,ELEC,2770 Carson Street - Suite 2000,37229,GATEWAY SUPPLY,,LAKEWOOD,,,0,0,,TRAD,0,,,,2002-09-18,TIERNEY,,,0001,,,,,,E,,,,,,,,,,,,X,,,,,,,,,,,,,,,,,,X,0503716901,,,,,,,,,,,,,,,,0,,,,,,,,,,,,,,,,,,,,,,,,,0,,,,0,,,,,,,,,,,,,,,,,,,,,,,,,,,I,False,2021-03-31 02:47:30.036270+00:00
800,0000001526,US,Chargeback vendor,,,,Norwalk,FAIRFIELD,,,06851,CT,CHARGE,8500 anywhere street,65906,CHARGEBACK VENDOR,,NORWALK,Company,,0,0,,,0,,,,2008-08-08,ANDERSON,,,0001,,,,,,E,,,,,,,,,,,,,,,,,,,,,,,,,,,,,,X,0700103501,,,,,,,,,,,,,,,,0,,,,,,,,,,,,,,,,,,,,,,,,,0,,,,0,,,,,,,,,,,,,,,,,,,,,,,,,,,I,False,2021-03-31 02:47:30.036270+00:00
800,0000030190,US,ABB Transport Company,,,,AVENEL,MIDDLESEX,,,07001,,MAB,200 Main Street,47392,ABB TRANSPORT COMPANY,,AVENEL,,,0,0,,TRAD,0,,,,2004-08-15,BINSTOCK,,SUPPLY,0001,,,,,,E,,,,,,,,,,,,X,,,,,,,,,,,,,,,,,,X,3102330501,,,,,,,,,,,,,,,,0,,,,,,,,,,,,,,,,,,,,,,,,,0,,,,0,,,,,,,,,,,,,,,,,,,,,,,,,,,I,False,2021-03-31 02:47:30.036270+00:00
800,0000030192,US,Universal Supply Company,,,,BAYONNE,HUDSON,,,07002,,MAB,100 Broad Street,47393,UNIVERSAL SUPPLY COMPANY,,BAYONNE,,,0,0,,TRAD,0,,,,2004-08-15,BINSTOCK,,,0001,,,,,,E,,,,,,,,,,,,X,,,,,,,,,,,,,,,,,,X,3101700801,,,,,,,,,,,,,,,,0,,,,,,,,,,,,,,,,,,,,,,,,,0,,,,0,,,,,,,,,,,,,,,,,,,,,,,,,,,I,False,2021-03-31 02:47:30.036270+00:00
800,0000008765,US,DuFresne's Supply,,,,ROCHESTER HILLS,OAKLAND,,,,MI,DAD,123 Lucky Lane,45952,DUFRESNE'S SUPPLY,,ROCHESTER HILLS,,,0,0,,TRAD,0,,,,2004-03-10,DUFRESNE,,,0001,,,,,,E,,,,,,,,,,,,X,,,,,,,,,,,1199.0,,,,,,,X,2312500051,,,,,,,,,,,,,,,,0,,,,,,,,,,,,2005-12-31,,,,,,,,,,,,,0,,,,0,,,,,,,,,,,,,,,,,,,,,,,,,,,I,False,2021-03-31 02:47:30.036270+00:00
800,0000004165,US,Alexander Inc.,,,,WESTON,BROWARD,,,33327,FL,MG,5555 Main St.,45296,ALEXANDER INC.,,WESTON,Company,,0,0,,,0,,,,2004-02-13,GOLLARZA,,,0001,,,,,,E,,,,,,,,,,,,,,,,,,,,,,,,,,,,,,X,1001100441,,,,,,,,,,,,,,,,0,,,,,,,,,,,,,A,,,,,,,,,,,,0,,,,0,,,,,,,,,,,,,,,,,,,,,,,,,,,I,False,2021-03-31 02:47:30.036270+00:00
800,0000003980,US,Main Line Cleaning Services,,,,WAYNE,DELAWARE,,,19087,PA,MAIN LINE,1200 Lancester Avenue,9064,MAIN LINE CLEANING SERVIC,,WAYNE,,,0,0,,TRAD,0,,,,1999-05-14,KUERSTEN,,,0001,,,,,,E,,,,,,,,,,,,X,,,,,,,,,,,,,,,,,,X,3904561701,,,,,,,,,,,,,,,,0,,,,,,,,,,,,,,,,,,,,,,,,,0,,,,0,,,,,,,,,,,,,,,,,,,,,,,,,,,I,False,2021-03-31 02:47:30.036270+00:00
800,0000031000,US,ICST ( InterComp Stock Transfer ),"Ccd 2000, Porg 2000, Plant 2010",,,CAMP POINT,ADAMS,,,62320,IL,ICST,1000 Main Street,38730,ICST ( INTERCOMP STOCK TR,"CCD 2000, PORG 2000, PLAN",CAMP POINT,Company,,0,0,,,0,,,,2002-11-14,PARALKAR,,,0001,CU3100,,,,,E,,,,,,,,,,,,,,,,,,,,,,,,,,3100,,,,X,1400143221,,,,,,,,,,,,,,,,0,,,,,,,,,,,,,,,,,,,,,,,,,0,,,,0,,,,,,,,,,,,,,,,,,,,,,,,,,,I,False,2021-03-31 02:47:40.641007+00:00
800,0000008373,US,Armstrong Tool Inc.,,,,Lancaster,LANCASTER,,,17601-2130,,ITELO,807 Estelle Dr,66165,ARMSTRONG TOOL INC.,,LANCASTER,Company,,0,0,,,0,,,,2008-09-17,BOLLINGER,,,0001,,,,,,E,,,,,,,,,,,,,,,,,,,,,,,,,,,,,,X,3907119301,,,,,,,,,,,,,,,,0,,,,,,,,,,,,,,,,,,,,,,,,,0,,,,0,,,,,,,,,,,,,,,,,,,,,,,,,,,I,False,2021-03-31 02:47:30.036270+00:00
800,0000009006,US,Sally Thompson,,,,OCEAN CITY,WORCESTER,,,21842,MD,0000010198,Baker Street,7174,SALLY THOMPSON,,OCEAN CITY,,,0,0,,,0,,,,1998-08-26,BRUNNERSI,,,0001,,,,,,E,,,,,,,,,,,,,,,,,,,,,,,,,,,,,,X,2104724411,,,,,,,,,,,,,,,,0,,,,,,,,,,,,,,,,,,,,,,,,,0,,,,0,,,,,,,,,,,,,,,,,,,,,,,,,,,I,False,2021-03-31 02:47:30.036270+00:00
800,0000009005,US,Douglas Olson,,,,OAK PARK,COOK,645793,,60301,IL,0000010020,George Washington Street 78,7173,DOUGLAS OLSON,,OAK PARK,,,0,0,,,0,,,,1998-08-26,BRUNNERSI,,,0001,,,,,,E,,,,,,,,,,,,,,,,,,,,,,,,,,,,,,X,1403121701,,,,,,,,,,,,,,,,0,,,,,,,,,,,,,,,,,,,,,,,,,0,,,,0,,,,,,,,,,,,,,,,,,,,,,,,,,,I,False,2021-03-31 02:47:30.036270+00:00
800,0000009004,US,Carole B,,,,HINCKLEY,DE KALB,12446,,60520,IL,0000010018,Lancaster 75,7172,CAROLE B,,HINCKLEY,,,0,0,,,0,,,,1998-08-26,BRUNNERSI,,,0001,,,,,,E,,,,,,,,,,,,,,,,,,,,,,,,,,,,,,X,1403745411,,,,,,,,,,,,,,,,0,,,,,,,,,,,,,,,,,,,,,,,,,0,,,,0,,,,,,,,,,,,,,,,,,,,,,,,,,,I,False,2021-03-31 02:47:30.036270+00:00
800,S62026,US,Philis McLane,,,,Boston,SUFFOLK,1030,02116,02116,MA,INS,277 Dartmouth,492589,PHILIS MCLANE,,BOSTON,Mr.,,0,0,,,0,,,,2011-01-20,CRMREMOTE,,,0001,,,,,,E,,,,,,617 266 4430,,,,,,,,,,,,,,,,,,,,,,,,X,2202501001,,,,,,,,,,,,,,,,0,,,,,,,,,,,,,,,,,,,,,,,,,0,,,,0,,,,,,,,,,,,,,,,,,,,,,,,,,,I,False,2021-03-31 02:47:30.036270+00:00
800,0000003803,US,"Multi-State Brokers, Inc.",,,,WHITE PLAINS,WESTCHESTER,,,10602,NY,DATA GENER,2400 Hudson Ave.,39109,"MULTI-STATE BROKERS, INC.",,WHITE PLAINS,,,0,0,,TRAD,0,,,,2002-11-26,GALLAGHER,,,0001,,,,,,E,,,,,,,,,,,,X,,,,,,,,,,,,,,,,,,X,3311931701,,,,,,,,,,,,,,,,0,,,,,,,,,,,,,,,,,,,,,,,,,0,,,,0,,,,,,,,,,,,,,,,,,,,,,,,,,,I,False,2021-03-31 02:47:30.036270+00:00
800,0000007220,US,Good Vendor,,,,MCDADE,BASTROP,,,,TX,BIG VENDOR,1905 Main,42461,GOOD VENDOR,,MCDADE,,,0,0,,TRAD,0,,,,2003-04-10,HARTSOUGH,,,0001,0000007220,,,,,E,,,,,,,,,,,,X,,,,,,,,,,,,,,,,,,X,4402196291,,,,,,,,,,,,,,,,0,,,,,,,,,,,,,,,,,,,,,,,,,0,,,,0,,,,,,,,,,,,,,,,,,,,,,,,,,,I,False,2021-03-31 02:47:30.036270+00:00
800,0000060006,US,Paper Products Company,,,,NEWARK,ESSEX,,,07102,NJ,PAPER,5489  Schyler Way,36508,PAPER PRODUCTS COMPANY,,NEWARK,,,0,0,,,0,,,,2002-07-25,PTABI_SAP,,,0001,,,,,,E,,,,,,,,,,,,,,,,,,,,,,,,,,,,,,X,3101316601,,,,,,,,,,,,,,,,0,,,,,,,,,,,,,,,,,,,,,,,,,0,,,,0,,,,,,,,,,,,,,,,,,,,,,,,,,,I,False,2021-03-31 02:47:30.036270+00:00
800,0000060002,US,Johnson & Miller Inc.,,,,DES MOINES,POLK,,,50309,IA,JOHNSON,1914 Grant Avenue,36504,JOHNSON & MILLER INC.,,DES MOINES,,,0,0,,,0,,,,2002-07-25,PTABI_SAP,,,0001,,,,,,E,,,,,,,,,,,,,,,,,,,,,,,,,,,,,,X,1615303201,,,,,,,,,,,,,,,,0,,,,,,,,,,,,,,,,,,,,,,,,,0,,,,0,,,,,,,,,,,,,,,,,,,,,,,,,,,I,False,2021-03-31 02:47:30.036270+00:00
800,0000060003,US,Parker & Sons,,,,DULUTH,ST LOUIS,,,55804,MN,PARKER,1902 Eddystone Blvd.,36505,PARKER & SONS,,DULUTH,,,0,0,,,0,,,,2002-07-25,PTABI_SAP,,,0001,,,,,,E,,,,,,,,,,,,,,,,,,,,,,,,,,,,,,X,2413703101,,,,,,,,,,,,,,,,0,,,,,,,,,,,,,,,,,,,,,,,,,0,,,,0,,,,,,,,,,,,,,,,,,,,,,,,,,,I,False,2021-03-31 02:47:30.036270+00:00
800,0000060005,US,Plastic Bottle Company,,,,SAINT LOUIS,SAINT LOUIS (IND CIT,,,63122,MO,PLASTIC,6723 Henry Court,36507,PLASTIC BOTTLE COMPANY,,SAINT LOUIS,,,0,0,,,0,,,,2002-07-25,PTABI_SAP,,,0001,,,,,,E,,,,,,,,,,,,,,,,,,,,,,,,,,,,,,X,2651012701,,,,,,,,,,,,,,,,0,,,,,,,,,,,,,,,,,,,,,,,,,0,,,,0,,,,,,,,,,,,,,,,,,,,,,,,,,,I,False,2021-03-31 02:47:30.036270+00:00
800,0000060007,US,Cow Chemicals,,,,SALT LAKE CITY,SALT LAKE,,,84103,UT,COW,667 Christopher Heights,36509,COW CHEMICALS,,SALT LAKE CITY,,,0,0,,,0,,,,2002-07-25,PTABI_SAP,,,0001,,,,,,E,,,,,,,,,,,,,,,,,,,,,,,,,,,,,,X,4503502701,,,,,,,,,,,,,,,,0,,,,,,,,,,,,,,,,,,,,,,,,,0,,,,0,,,,,,,,,,,,,,,,,,,,,,,,,,,I,False,2021-03-31 02:47:30.036270+00:00
800,0000060001,US,Armstrong & Partners,,,,SAN DIEGO,SAN DIEGO,,,92101,CA,ARMSTRONG,1897 Warminster Street,36503,ARMSTRONG & PARTNERS,,SAN DIEGO,,,0,0,,,0,,,,2002-07-25,PTABI_SAP,,,0001,,,,,,E,,,,,,,,,,,,,,,,,,,,,,,,,,,,,,X,0507330201,,,,,,,,,,,,,,,,0,,,,,,,,,,,,,,,,,,,,,,,,,0,,,,0,,,,,,,,,,,,,,,,,,,,,,,,,,,I,False,2021-03-31 02:47:30.036270+00:00
800,0000060004,US,Golden Vegetables,,,,WASCO,KERN,,,93280,CA,GOLDEN,181 Wilson Circle,36506,GOLDEN VEGETABLES,,WASCO,,,0,0,,,0,,,,2002-07-25,PTABI_SAP,,,0001,,,,,,E,,,,,,,,,,,,,,,,,,,,,,,,,,,,,,X,0502937301,,,,,,,,,,,,,,,,0,,,,,,,,,,,,,,,,,,,,,,,,,0,,,,0,,,,,,,,,,,,,,,,,,,,,,,,,,,I,False,2021-03-31 02:47:30.036270+00:00
800,0000007777,US,American Express Corporate Services,,,,OXFORD,CALHOUN,,,,,AMERICAN E,,43491,AMERICAN EXPRESS CORPORAT,,OXFORD,Company,,0,0,,,0,,,,2003-06-18,TERLINDEN,,,0001,,,,,,E,,,,,,,,,,,,,,,,,,,,,,,,,,,,,,X,0101508101,,,,,,,,,,,,,,,,0,,,,,,,,,,,,,,,,,,,,,,,,,0,,,,0,,,,,,,,,,,,,,,,,,,,,,,,,,,I,False,2021-03-31 02:47:30.036270+00:00
800,0000004212,US,ALT's Autom. Release Vendor,,,,DETROIT,WAYNE,,,,MI,ALT,32817 Harmon,36940,ALT'S AUTOM. RELEASE VEND,,DETROIT,,,0,0,,MFTG,0,,,,2002-08-27,TOMLINSON,,,0001,,,,,,E,,,,,,,,,,,,,,,,,,,,,,,,,,,,,,X,2316303801,,,,,,,,,,,,,,,,0,,,,,,,,,,,,,,,,,,,,,,,,,0,,,,0,,,,,,,,,,,,,,,,,,,,,,,,,,,I,False,2021-03-31 02:47:30.036270+00:00
800,0000003212,US,Cross Worlds Consulting,,,,TROY,OAKLAND,,,48098,MI,ALT,750 West Big Beaver,36939,CROSS WORLDS CONSULTING,,TROY,,,0,0,,MFTG,0,,,,2002-08-26,TOMLINSON,,,0001,0000032121,,,,,E,,,,,,248-705-2000,,,,,,,,,,,,,,,,,,,,,,,,X,2312517901,,,,,,,,,,,,,,,,0,,,,,,,,,,,,,,,,,,,,,,,,,0,,,,0,,,,,,,,,,,,,,,,,,,,,,,,,,,I,False,2021-03-31 02:47:30.036270+00:00
800,0000003151,US,Superior Tech. Inc.,,,,BOSTON,SUFFOLK,,,02118,MA,TELCO,245 245 Potters Drive,14578,SUPERIOR TECH. INC.,,BOSTON,Company,,0,0,,HITE,0,,,,2001-10-16,WALMSLEYA,,,0001,,,,,,E,,,,,,,,,,,,X,,,,,,,,,,,,,,,,,,X,2202501001,,,,,,,,,,,,,,,,0,,,,,,,,,,,,,,,,,,,,,,,,,0,,,,0,,,,,,,,,,,,,,,,,,,,,,,,,,,I,False,2021-03-31 02:47:30.036270+00:00
