mandt,vbeln,ernam,erzet,erdat,bzirk,vstel,vkorg,lfart,autlf,kzazu,wadat,lddat,tddat,lfdat,kodat,ablad,inco1,inco2,expkz,route,faksk,lifsk,vbtyp,knfak,tpqua,tpgrp,lprio,vsbed,kunnr,kunag,kdgrp,stzkl,stzzu,btgew,ntgew,gewei,volum,voleh,anzpk,berot,lfuhr,grulg,lstel,tragr,fkarv,fkdat,perfk,routa,stafo,kalsm,knumv,waerk,vkbur,vbeak,zukrl,verur,commn,stwae,stcur,exnum,aenam,aedat,lgnum,lispl,vkoiv,vtwiv,spaiv,fkaiv,pioiv,fkdiv,kuniv,kkber,knkli,grupp,sbgrp,ctlpc,cmwae,amtbl,bolnr,lifnr,traty,traid,cmfre,cmngv,xabln,bldat,wadat_ist,trspg,tpsid,lifex,ternr,kalsm_ch,klief,kalsp,knump,netwr,aulwe,werks,lcnum,abssc,kouhr,tduhr,lduhr,wauhr,lgtor,lgbzo,akwae,akkur,akprz,proli,xblnr,handle,tsegfl,tsegtp,tzonis,tzonrc,cont_dg,verursys,kzwab,vlstk,tcode,vsart,trmtyp,sdabw,vbund,xwoff,dirta,prvbe,folar,podat,potim,vganz,imwrk,spe_loekz,spe_loc_seq,spe_acc_app_sts,spe_shp_inf_sts,spe_ret_canc,spe_wauhr_ist,spe_wazone_ist,spe_rev_vlstk,spe_le_scenario,spe_orig_sys,spe_chng_sys,spe_georoute,spe_georouteind,spe_carrier_ind,spe_gts_rel,spe_gts_rt_cde,spe_rel_tmstmp,spe_unit_system,spe_inv_bfr_gi,spe_qi_status,spe_red_ind,sakes,spe_lifex_type,spe_ttype,spe_pro_number,loc_guid,spe_billing_ind,printer_profile,msr_active,prtnr,stge_loc_change,tm_ctrl_key,dlv_split_initia,dlv_version,handoverloc,handoverdate,handovertime,handovertzone,incov,inco2_l,inco3_l,bev1_luleinh,bev1_rpfaess,bev1_rpkist,bev1_rpcont,bev1_rpsonst,bev1_rpflgnr,borgr_grp,fsh_transaction,fsh_vas_last_item,fsh_vas_cg,operation_flag,is_deleted,recordstamp
50,80000118,,,,,,,,,,,,,,,,,,,,,,,,,,,,,,,,,,,,,,,,,,,,,,,,,,,,,,,,,,,,,,,,,,,,,,,,,,,,,,,,,,,,,,,,,,,,,,,,,,,,,,,,,,,,,,,,,,,,,,,,,,,,,,,,,,,,,,,,,,,,,,,,,,,,,,,,,,,,,,,,,,,,,,,,,,,,,,,,,,,,,,,,D,True,2022-02-07 16:29:00.214348+00:00
50,80000138,,,,,,,,,,,,,,,,,,,,,,,,,,,,,,,,,,,,,,,,,,,,,,,,,,,,,,,,,,,,,,,,,,,,,,,,,,,,,,,,,,,,,,,,,,,,,,,,,,,,,,,,,,,,,,,,,,,,,,,,,,,,,,,,,,,,,,,,,,,,,,,,,,,,,,,,,,,,,,,,,,,,,,,,,,,,,,,,,,,,,,,,D,True,2022-02-25 08:30:11.312032+00:00
50,80000139,,,,,,,,,,,,,,,,,,,,,,,,,,,,,,,,,,,,,,,,,,,,,,,,,,,,,,,,,,,,,,,,,,,,,,,,,,,,,,,,,,,,,,,,,,,,,,,,,,,,,,,,,,,,,,,,,,,,,,,,,,,,,,,,,,,,,,,,,,,,,,,,,,,,,,,,,,,,,,,,,,,,,,,,,,,,,,,,,,,,,,,,D,True,2022-02-25 10:20:24.261697+00:00
50,80000140,,,,,,,,,,,,,,,,,,,,,,,,,,,,,,,,,,,,,,,,,,,,,,,,,,,,,,,,,,,,,,,,,,,,,,,,,,,,,,,,,,,,,,,,,,,,,,,,,,,,,,,,,,,,,,,,,,,,,,,,,,,,,,,,,,,,,,,,,,,,,,,,,,,,,,,,,,,,,,,,,,,,,,,,,,,,,,,,,,,,,,,,D,True,2022-02-25 10:21:42.344711+00:00
50,80000141,,,,,,,,,,,,,,,,,,,,,,,,,,,,,,,,,,,,,,,,,,,,,,,,,,,,,,,,,,,,,,,,,,,,,,,,,,,,,,,,,,,,,,,,,,,,,,,,,,,,,,,,,,,,,,,,,,,,,,,,,,,,,,,,,,,,,,,,,,,,,,,,,,,,,,,,,,,,,,,,,,,,,,,,,,,,,,,,,,,,,,,,D,True,2022-02-27 05:20:20.718339+00:00
50,80000142,,,,,,,,,,,,,,,,,,,,,,,,,,,,,,,,,,,,,,,,,,,,,,,,,,,,,,,,,,,,,,,,,,,,,,,,,,,,,,,,,,,,,,,,,,,,,,,,,,,,,,,,,,,,,,,,,,,,,,,,,,,,,,,,,,,,,,,,,,,,,,,,,,,,,,,,,,,,,,,,,,,,,,,,,,,,,,,,,,,,,,,,D,True,2022-02-27 05:20:45.461935+00:00
250,80000059,,,,,,,,,,,,,,,,,,,,,,,,,,,,,,,,,,,,,,,,,,,,,,,,,,,,,,,,,,,,,,,,,,,,,,,,,,,,,,,,,,,,,,,,,,,,,,,,,,,,,,,,,,,,,,,,,,,,,,,,,,,,,,,,,,,,,,,,,,,,,,,,,,,,,,,,,,,,,,,,,,,,,,,,,,,,,,,,,,,,,,,,D,True,2022-03-01 06:26:40.919168+00:00
250,80000056,,,,,,,,,,,,,,,,,,,,,,,,,,,,,,,,,,,,,,,,,,,,,,,,,,,,,,,,,,,,,,,,,,,,,,,,,,,,,,,,,,,,,,,,,,,,,,,,,,,,,,,,,,,,,,,,,,,,,,,,,,,,,,,,,,,,,,,,,,,,,,,,,,,,,,,,,,,,,,,,,,,,,,,,,,,,,,,,,,,,,,,,D,True,2022-02-28 12:31:17.439094+00:00
250,80000055,,,,,,,,,,,,,,,,,,,,,,,,,,,,,,,,,,,,,,,,,,,,,,,,,,,,,,,,,,,,,,,,,,,,,,,,,,,,,,,,,,,,,,,,,,,,,,,,,,,,,,,,,,,,,,,,,,,,,,,,,,,,,,,,,,,,,,,,,,,,,,,,,,,,,,,,,,,,,,,,,,,,,,,,,,,,,,,,,,,,,,,,D,True,2022-03-01 04:43:39.832433+00:00
250,80000058,,,,,,,,,,,,,,,,,,,,,,,,,,,,,,,,,,,,,,,,,,,,,,,,,,,,,,,,,,,,,,,,,,,,,,,,,,,,,,,,,,,,,,,,,,,,,,,,,,,,,,,,,,,,,,,,,,,,,,,,,,,,,,,,,,,,,,,,,,,,,,,,,,,,,,,,,,,,,,,,,,,,,,,,,,,,,,,,,,,,,,,,D,True,2022-03-01 05:41:55.279245+00:00
250,80000062,,,,,,,,,,,,,,,,,,,,,,,,,,,,,,,,,,,,,,,,,,,,,,,,,,,,,,,,,,,,,,,,,,,,,,,,,,,,,,,,,,,,,,,,,,,,,,,,,,,,,,,,,,,,,,,,,,,,,,,,,,,,,,,,,,,,,,,,,,,,,,,,,,,,,,,,,,,,,,,,,,,,,,,,,,,,,,,,,,,,,,,,D,True,2022-03-01 07:21:36.711322+00:00
250,80000063,,,,,,,,,,,,,,,,,,,,,,,,,,,,,,,,,,,,,,,,,,,,,,,,,,,,,,,,,,,,,,,,,,,,,,,,,,,,,,,,,,,,,,,,,,,,,,,,,,,,,,,,,,,,,,,,,,,,,,,,,,,,,,,,,,,,,,,,,,,,,,,,,,,,,,,,,,,,,,,,,,,,,,,,,,,,,,,,,,,,,,,,D,True,2022-03-01 07:34:28.700186+00:00
250,180000965,,,,,,,,,,,,,,,,,,,,,,,,,,,,,,,,,,,,,,,,,,,,,,,,,,,,,,,,,,,,,,,,,,,,,,,,,,,,,,,,,,,,,,,,,,,,,,,,,,,,,,,,,,,,,,,,,,,,,,,,,,,,,,,,,,,,,,,,,,,,,,,,,,,,,,,,,,,,,,,,,,,,,,,,,,,,,,,,,,,,,,,,D,True,2022-03-02 06:27:24.039971+00:00
250,80000065,,,,,,,,,,,,,,,,,,,,,,,,,,,,,,,,,,,,,,,,,,,,,,,,,,,,,,,,,,,,,,,,,,,,,,,,,,,,,,,,,,,,,,,,,,,,,,,,,,,,,,,,,,,,,,,,,,,,,,,,,,,,,,,,,,,,,,,,,,,,,,,,,,,,,,,,,,,,,,,,,,,,,,,,,,,,,,,,,,,,,,,,D,True,2022-03-03 07:58:10.973761+00:00
250,80000066,,,,,,,,,,,,,,,,,,,,,,,,,,,,,,,,,,,,,,,,,,,,,,,,,,,,,,,,,,,,,,,,,,,,,,,,,,,,,,,,,,,,,,,,,,,,,,,,,,,,,,,,,,,,,,,,,,,,,,,,,,,,,,,,,,,,,,,,,,,,,,,,,,,,,,,,,,,,,,,,,,,,,,,,,,,,,,,,,,,,,,,,D,True,2022-03-03 08:02:14.224581+00:00
250,80000071,,,,,,,,,,,,,,,,,,,,,,,,,,,,,,,,,,,,,,,,,,,,,,,,,,,,,,,,,,,,,,,,,,,,,,,,,,,,,,,,,,,,,,,,,,,,,,,,,,,,,,,,,,,,,,,,,,,,,,,,,,,,,,,,,,,,,,,,,,,,,,,,,,,,,,,,,,,,,,,,,,,,,,,,,,,,,,,,,,,,,,,,D,True,2022-03-07 09:01:33.496599+00:00
250,80000076,,,,,,,,,,,,,,,,,,,,,,,,,,,,,,,,,,,,,,,,,,,,,,,,,,,,,,,,,,,,,,,,,,,,,,,,,,,,,,,,,,,,,,,,,,,,,,,,,,,,,,,,,,,,,,,,,,,,,,,,,,,,,,,,,,,,,,,,,,,,,,,,,,,,,,,,,,,,,,,,,,,,,,,,,,,,,,,,,,,,,,,,D,True,2022-03-07 09:08:32.510559+00:00
250,80000072,,,,,,,,,,,,,,,,,,,,,,,,,,,,,,,,,,,,,,,,,,,,,,,,,,,,,,,,,,,,,,,,,,,,,,,,,,,,,,,,,,,,,,,,,,,,,,,,,,,,,,,,,,,,,,,,,,,,,,,,,,,,,,,,,,,,,,,,,,,,,,,,,,,,,,,,,,,,,,,,,,,,,,,,,,,,,,,,,,,,,,,,D,True,2022-03-07 08:38:58.047752+00:00
50,80000187,,,,,,,,,,,,,,,,,,,,,,,,,,,,,,,,,,,,,,,,,,,,,,,,,,,,,,,,,,,,,,,,,,,,,,,,,,,,,,,,,,,,,,,,,,,,,,,,,,,,,,,,,,,,,,,,,,,,,,,,,,,,,,,,,,,,,,,,,,,,,,,,,,,,,,,,,,,,,,,,,,,,,,,,,,,,,,,,,,,,,,,,D,True,2022-03-19 08:58:44.787508+00:00
50,80000188,,,,,,,,,,,,,,,,,,,,,,,,,,,,,,,,,,,,,,,,,,,,,,,,,,,,,,,,,,,,,,,,,,,,,,,,,,,,,,,,,,,,,,,,,,,,,,,,,,,,,,,,,,,,,,,,,,,,,,,,,,,,,,,,,,,,,,,,,,,,,,,,,,,,,,,,,,,,,,,,,,,,,,,,,,,,,,,,,,,,,,,,D,True,2022-03-19 08:59:17.747149+00:00
50,80001663,,,,,,,,,,,,,,,,,,,,,,,,,,,,,,,,,,,,,,,,,,,,,,,,,,,,,,,,,,,,,,,,,,,,,,,,,,,,,,,,,,,,,,,,,,,,,,,,,,,,,,,,,,,,,,,,,,,,,,,,,,,,,,,,,,,,,,,,,,,,,,,,,,,,,,,,,,,,,,,,,,,,,,,,,,,,,,,,,,,,,,,,D,True,2022-03-23 02:51:34.129953+00:00
50,80001664,,,,,,,,,,,,,,,,,,,,,,,,,,,,,,,,,,,,,,,,,,,,,,,,,,,,,,,,,,,,,,,,,,,,,,,,,,,,,,,,,,,,,,,,,,,,,,,,,,,,,,,,,,,,,,,,,,,,,,,,,,,,,,,,,,,,,,,,,,,,,,,,,,,,,,,,,,,,,,,,,,,,,,,,,,,,,,,,,,,,,,,,D,True,2022-03-23 03:02:46.554875+00:00
50,80002106,,,,,,,,,,,,,,,,,,,,,,,,,,,,,,,,,,,,,,,,,,,,,,,,,,,,,,,,,,,,,,,,,,,,,,,,,,,,,,,,,,,,,,,,,,,,,,,,,,,,,,,,,,,,,,,,,,,,,,,,,,,,,,,,,,,,,,,,,,,,,,,,,,,,,,,,,,,,,,,,,,,,,,,,,,,,,,,,,,,,,,,,D,True,2022-03-26 02:44:48.903017+00:00
50,80002402,,,,,,,,,,,,,,,,,,,,,,,,,,,,,,,,,,,,,,,,,,,,,,,,,,,,,,,,,,,,,,,,,,,,,,,,,,,,,,,,,,,,,,,,,,,,,,,,,,,,,,,,,,,,,,,,,,,,,,,,,,,,,,,,,,,,,,,,,,,,,,,,,,,,,,,,,,,,,,,,,,,,,,,,,,,,,,,,,,,,,,,,D,True,2022-03-29 04:50:31.771026+00:00
250,180000003,GAIKWADPAWAR,11:17:09,2022-01-20,,,,EL,,X,,,,2022-01-20,,,,,,,,,7.0,,,,,,,,,,,2000.0,2000.0,G,,,,,,10.0,,,F2,,,,,E10001,,,,,,,,,,,,,,,,,,,,,,,,,,,,,,TEST EU,,,,,,2022-01-20,,,,,,,,,,,,,,,,,,,,,,,,,,GW4AW00F7joUl517kQt5Am,,IDHDR,PST,PST,,,I,,VL31,,,,,,,,,,,,,,,,,,,,,,,,,,,,,,,,,,,,,,,,,,,,,,,,,,,,,,,,,,,,,,,,L,False,2022-01-31 20:42:12.093112+00:00
250,180000010,MOUNIKAPALI,13:28:07,2022-01-24,,,,EL,,X,,,,2022-02-03,,,CFR,Costs and Freight,,,,,7.0,,,,,,,,,,,,,,,,,,,,,,F2,,,,,E10001,,,,,,,,,,,,,,,,,,,,,,,,,,,,,,TEST EU,,,,,,2022-01-24,,,,,,,,,,,,,,,,,,,,,,,,,,GW4AW00F7joVeoxdxC}5Am,,IDHDR,PST,PST,,,I,,VL31N,,,,,,,,,,,,,,,,,,,,,,,,,,,,,,,,,,,,,,,,,,,,,,,,,,,,,,,,,,,,,,,,L,False,2022-01-31 20:42:12.093112+00:00
250,180000011,MOUNIKAPALI,14:22:04,2022-01-24,,,,EL,,X,,,,2022-02-03,,,CFR,Costs and Freight,,,,,7.0,,,,,,,,,,,,,,,,,,,,,,F2,,,,,E10001,,,,,,,,,,,,,,,,,,,,,,,,,,,,,,TEST EU,,,,,,2022-01-24,,,,,,,,,,,,,,,,,,,,,,,,,,GW4AW00F7joVf20eL095Am,,IDHDR,PST,PST,,,I,,VL31N,,,,,,,,,,,,,,,,,,,,,,,,,,,,,,,,,,,,,,,,,,,,,,,,,,,,,,,,,,,,,,,,L,False,2022-01-31 20:42:12.093112+00:00
250,180000014,MOUNIKAPALI,12:36:45,2022-01-25,,,,EL,,X,,,,2022-01-31,,,CFR,Costs and Freight,,,,,7.0,,,,,,,,,,,,,,,,,,,,,,F2,,,,,E10001,,,,,,,,,,,,,,,,,,,,,,,,,,,,,,TEST EU,,,,,,2022-01-25,,,,,,,,,,,,,,,,,,,,,,,,,,GW4AW00F7joVkswN8rH5Am,,IDHDR,PST,PST,,,I,,VL31N,,,,,,,,,,,,,,,,,,,,,,,,,,,,,,,,,,,,,,,,,,,,,,,,,,,,,,,,,,,,,,,,L,False,2022-01-31 20:42:12.093112+00:00
250,180000021,MOUNIKAPALI,06:13:48,2022-02-03,,,,EL,,X,,,,2022-02-02,,,CFR,Costs and Freight,,,,,7.0,,,,,,,,,,,,,,,,,,,,,,F2,,,,,E10001,,,,,,,,,,,,,,,,,,,,,,,,,,,,,,TEST EU,,,,,,2022-02-02,,,,,,,,,,,,,,,,,,,,,,,,,,GW4AW00F7joXbmvZ3o95Am,,IDHDR,PST,PST,,,I,,VL31N,,,,,,,,,,,,,,,,,,,,,,,,,,,,,,,,,,,,,,,,,,,,,,,,,,,,,,,,,,,,,,,,I,False,2022-02-03 06:14:15.927457+00:00
250,180000044,VISHAKHA,13:07:28,2022-02-03,,,,EL,,X,,,,2022-02-09,,,CFR,Costs and Freight,,,,,7.0,,,,,,,,,,,,,,,,,,,,,,F2,,,,,E10001,,,,,,,,,,,,,,,,,,,,,,,,,,,,,,TEST EU,,,,,,2022-02-03,,,,,,,,,,,,,,,,,,,,,,,,,,GW4AW00F7joXdaUP03pbAm,,IDHDR,PST,PST,,,I,,VL31N,,,,,,,,,,,,,,,,,,,,,,,,,,,,,,,,,,,,,,,,,,,,,,,,,,,,,,,,,,,,,,,,I,False,2022-02-03 13:07:30.580133+00:00
250,180000683,VISHAKHA,07:52:17,2022-02-04,,,,EL,,X,,,,2022-01-21,,,,,,,,,7.0,,,,,,,,,,,2000.0,2000.0,G,,,,,,10.0,,,F2,,,,,E10001,,,,,,,,,,,,,,,,,,,,,,,,,,,,,,TEST EU,,,,,,2022-02-03,,,,,,,,,,,,,,,,,,,,,,,,,,GW4AW00F7joXiUllcBibAm,,IDHDR,PST,PST,,,I,,VL31N,,,,,,,,,,,,,,,,,,,,,,,,,,,,,,,,,,,,,,,,,,,,,,,,,,,,,,,,,,,,,,,,I,False,2022-02-04 07:52:18.284524+00:00
250,180000741,VISHAKHA,07:52:27,2022-02-04,,,,EL,,X,,,,2022-02-03,,,CFR,Costs and Freight,,,,,7.0,,,,,,,,,,,,,,,,,,,,,,F2,,,,,E10001,,,,,,,,,,,,,,,,,,,,,,,,,,,,,,TEST EU,,,,,,2022-02-03,,,,,,,,,,,,,,,,,,,,,,,,,,GW4AW00F7joXiUojaNb5Am,,IDHDR,PST,PST,,,I,,VL31N,,,,,,,,,,,,,,,,,,,,,,,,,,,,,,,,,,,,,,,,,,,,,,,,,,,,,,,,,,,,,,,,I,False,2022-02-04 07:52:27.388742+00:00
250,180000742,VISHAKHA,07:52:27,2022-02-04,,,,EL,,X,,,,2022-02-03,,,CFR,Costs and Freight,,,,,7.0,,,,,,,,,,,,,,,,,,,,,,F2,,,,,E10001,,,,,,,,,,,,,,,,,,,,,,,,,,,,,,TEST EU,,,,,,2022-02-03,,,,,,,,,,,,,,,,,,,,,,,,,,GW4AW00F7joXiUojaNdbAm,,IDHDR,PST,PST,,,I,,VL31N,,,,,,,,,,,,,,,,,,,,,,,,,,,,,,,,,,,,,,,,,,,,,,,,,,,,,,,,,,,,,,,,I,False,2022-02-04 07:52:27.693833+00:00
250,180000744,VISHAKHA,07:52:27,2022-02-04,,,,EL,,X,,,,2022-02-04,,,CFR,Costs and Freight,,,,,7.0,,,,,,,,,,,,,,,,,,,,,,F2,,,,,E10001,,,,,,,,,,,,,,,,,,,,,,,,,,,,,,TEST EU,,,,,,2022-02-03,,,,,,,,,,,,,,,,,,,,,,,,,,GW4AW00F7joXiUojaNibAm,,IDHDR,PST,PST,,,I,,VL31N,,,,,,,,,,,,,,,,,,,,,,,,,,,,,,,,,,,,,,,,,,,,,,,,,,,,,,,,,,,,,,,,I,False,2022-02-04 07:52:27.980481+00:00
250,180000747,VISHAKHA,07:52:28,2022-02-04,,,,EL,,X,,,,2022-02-07,,,CFR,Costs and Freight,,,,,7.0,,,,,,,,,,,,,,,,,,,,,,F2,,,,,E10001,,,,,,,,,,,,,,,,,,,,,,,,,,,,,,TEST EU,,,,,,2022-02-03,,,,,,,,,,,,,,,,,,,,,,,,,,GW4AW00F7joXiUojaNrbAm,,IDHDR,PST,PST,,,I,,VL31N,,,,,,,,,,,,,,,,,,,,,,,,,,,,,,,,,,,,,,,,,,,,,,,,,,,,,,,,,,,,,,,,I,False,2022-02-04 07:52:28.631205+00:00
250,180000755,VISHAKHA,07:52:29,2022-02-04,,,,EL,,X,,,,2022-02-13,,,CFR,Costs and Freight,,,,,7.0,,,,,,,,,,,,,,,,,,,,,,F2,,,,,E10001,,,,,,,,,,,,,,,,,,,,,,,,,,,,,,TEST EU,,,,,,2022-02-03,,,,,,,,,,,,,,,,,,,,,,,,,,GW4AW00F7joXiUpJg8}5Am,,IDHDR,PST,PST,,,I,,VL31N,,,,,,,,,,,,,,,,,,,,,,,,,,,,,,,,,,,,,,,,,,,,,,,,,,,,,,,,,,,,,,,,I,False,2022-02-04 07:52:29.829941+00:00
250,180000767,VISHAKHA,07:52:31,2022-02-04,,,,EL,,X,,,,2022-02-14,,,CFR,Costs and Freight,,,,,7.0,,,,,,,,,,,,,,,,,,,,,,F2,,,,,E10001,,,,,,,,,,,,,,,,,,,,,,,,,,,,,,TEST EU,,,,,,2022-02-03,,,,,,,,,,,,,,,,,,,,,,,,,,GW4AW00F7joXiUpw3e35Am,,IDHDR,PST,PST,,,I,,VL31N,,,,,,,,,,,,,,,,,,,,,,,,,,,,,,,,,,,,,,,,,,,,,,,,,,,,,,,,,,,,,,,,I,False,2022-02-04 07:52:31.542817+00:00
250,180000939,VISHAKHA,07:52:56,2022-02-04,,,,EL,,X,,,,2022-03-05,,,CFR,Costs and Freight,,,,,7.0,,,,,,,,,,,,,,,,,,,,,,F2,,,,,E10001,,,,,,,,,,,,,,,,,,,,,,,,,,,,,,TEST EU,,,,,,2022-02-03,,,,,,,,,,,,,,,,,,,,,,,,,,GW4AW00F7joXiUx4FOPbAm,,IDHDR,PST,PST,,,I,,VL31N,,,,,,,,,,,,,,,,,,,,,,,,,,,,,,,,,,,,,,,,,,,,,,,,,,,,,,,,,,,,,,,,I,False,2022-02-04 07:52:57.012139+00:00
250,180000942,VISHAKHA,07:52:57,2022-02-04,,,,EL,,X,,,,2022-03-21,,,CFR,Costs and Freight,,,,,7.0,,,,,,,,,,,,,,,,,,,,,,F2,,,,,E10001,,,,,,,,,,,,,,,,,,,,,,,,,,,,,,TEST EU,,,,,,2022-02-03,,,,,,,,,,,,,,,,,,,,,,,,,,GW4AW00F7joXiUxgLiHbAm,,IDHDR,PST,PST,,,I,,VL31N,,,,,,,,,,,,,,,,,,,,,,,,,,,,,,,,,,,,,,,,,,,,,,,,,,,,,,,,,,,,,,,,I,False,2022-02-04 07:52:57.627760+00:00
250,180000013,MOUNIKAPALI,09:03:25,2022-01-25,,,,EL,,X,,,,2020-01-05,,,CFR,Costs and Freight,,,,,7.0,,,,,,,,,,,,,,,,,,,,,,F2,,,,,E10001,,,,,,,,,,,,,,,,,,,,,,,,,,,,,,TEST V1,,,,,,2022-01-25,,,,,,,,,,,,,,,,,,,,,,,,,,GW4AW00F7joVjxJh4}Q5Am,,IDHDR,PST,PST,,,I,,VL31N,,,,,,,,,,,,,,,,,,,,,,,,,,,,,,,,,,,,,,,,,,,,,,,,,,,,,,,,,,,,,,,,L,False,2022-01-31 20:42:12.093112+00:00
250,180000017,KUPRAVESH,13:26:00,2022-02-01,,,,EL,,X,,,,2022-02-08,,,CFR,Costs and Freight,,,,,7.0,,,,,,,,,,,,,,,,,,,,,,F2,,,,,E10001,,,,,,,,,,,,,,,,,,,,,,,,,,,,,,TEST V1,,,,,,2022-02-01,,,,,,,,,,,,,,,,,,,,,,,,,,GW4AW00F7joWx4}avdv5Am,,IDHDR,PST,PST,,,I,,VL31N,,,,,,,,,,,,,,,,,,,,,,,,,,,,,,,,,,,,,,,,,,,,,,,,,,,,,,,,,,,,,,,,I,False,2022-02-01 13:26:56.765706+00:00
250,180000019,MOUNIKAPALI,06:11:16,2022-02-03,,,,EL,,X,,,,2022-02-10,,,CFR,Costs and Freight,,,,,7.0,,,,,,,,,,,,,,,,,,,,,,F2,,,,,E10001,,,,,,,,,,,,,,,,,,,,,,,,,,,,,,TEST V1,,,,,,2022-02-02,,,,,,,,,,,,,,,,,,,,,,,,,,GW4AW00F7joXbmC1NQt5Am,,IDHDR,PST,PST,,,I,,VL31N,,,,,,,,,,,,,,,,,,,,,,,,,,,,,,,,,,,,,,,,,,,,,,,,,,,,,,,,,,,,,,,,I,False,2022-02-03 06:11:28.486051+00:00
250,180000020,MOUNIKAPALI,06:13:48,2022-02-03,,,,EL,,X,,,,2022-02-02,,,CFR,Costs and Freight,,,,,7.0,,,,,,,,,,,,,,,,,,,,,,F2,,,,,E10001,,,,,,,,,,,,,,,,,,,,,,,,,,,,,,TEST V1,,,,,,2022-02-02,,,,,,,,,,,,,,,,,,,,,,,,,,GW4AW00F7joXbmvZ3o85Am,,IDHDR,PST,PST,,,I,,VL31N,,,,,,,,,,,,,,,,,,,,,,,,,,,,,,,,,,,,,,,,,,,,,,,,,,,,,,,,,,,,,,,,I,False,2022-02-03 06:14:15.927457+00:00
250,180000024,SHOBHITSAURA,06:55:30,2022-02-03,,,,EL,,X,,,,2022-02-02,,,CFR,Costs and Freight,,,,,7.0,,,,,,,,,,,,,,,,,,,,,,F2,,,,,E10001,,,,,,,,,,,,,,,,,,,,,,,,,,,,,,TEST V1,,,,,,2022-02-02,,,,,,,,,,,,,,,,,,,,,,,,,,GW4AW00F7joXbyZ6QGp5Am,,IDHDR,PST,PST,,,I,,VL31N,,,,,,,,,,,,,,,,,,,,,,,,,,,,,,,,,,,,,,,,,,,,,,,,,,,,,,,,,,,,,,,,I,False,2022-02-03 06:55:41.622182+00:00
250,180000025,SHOBHITSAURA,06:56:43,2022-02-03,,,,EL,,X,,,,2022-02-02,,,CFR,Costs and Freight,,,,,7.0,,,,,,,,,,,,,,,,,,,,,,F2,,,,,E10001,,,,,,,,,,,,,,,,,,,,,,,,,,,,,,TEST V1,,,,,,2022-02-02,,,,,,,,,,,,,,,,,,,,,,,,,,GW4AW00F7joXbyux7tB5Am,,IDHDR,PST,PST,,,I,,VL31N,,,,,,,,,,,,,,,,,,,,,,,,,,,,,,,,,,,,,,,,,,,,,,,,,,,,,,,,,,,,,,,,I,False,2022-02-03 06:56:50.457410+00:00
250,180000026,SHOBHITSAURA,06:57:50,2022-02-03,,,,EL,,X,,,,2022-02-02,,,CFR,Costs and Freight,,,,,7.0,,,,,,,,,,,,,,,,,,,,,,F2,,,,,E10001,,,,,,,,,,,,,,,,,,,,,,,,,,,,,,TEST V1,,,,,,2022-02-02,,,,,,,,,,,,,,,,,,,,,,,,,,GW4AW00F7joXbzCkyRg5Am,,IDHDR,PST,PST,,,I,,VL31N,,,,,,,,,,,,,,,,,,,,,,,,,,,,,,,,,,,,,,,,,,,,,,,,,,,,,,,,,,,,,,,,I,False,2022-02-03 06:57:57.376020+00:00
250,180000035,MOUNIKAPALI,08:15:22,2022-02-03,,,,EL,,X,,,,2022-02-10,,,CFR,Costs and Freight,,,,,7.0,,,,,,,,,,,,,,,,,,,,,,F2,,,,,E10001,,,,,,,,,,,,,,,,,,,,,,,,,,,,,,TEST V1,,,,,,2022-02-03,,,,,,,,,,,,,,,,,,,,,,,,,,GW4AW00F7joXcItN5We5Am,,IDHDR,PST,PST,,,I,,VL31N,,,,,,,,,,,,,,,,,,,,,,,,,,,,,,,,,,,,,,,,,,,,,,,,,,,,,,,,,,,,,,,,I,False,2022-02-03 08:15:36.737448+00:00
250,180000036,MOUNIKAPALI,08:25:53,2022-02-03,,,,EL,,X,,,,2022-02-10,,,CFR,Costs and Freight,,,,,7.0,,,,,,,,,,,,,,,,,,,,,,F2,,,,,E10001,,,,,,,,,,,,,,,,,,,,,,,,,,,,,,TEST V1,,,,,,2022-02-03,,,,,,,,,,,,,,,,,,,,,,,,,,GW4AW00F7joXcLpQ8DP5Am,,IDHDR,PST,PST,,,I,,VL31N,,,,,,,,,,,,,,,,,,,,,,,,,,,,,,,,,,,,,,,,,,,,,,,,,,,,,,,,,,,,,,,,I,False,2022-02-03 08:25:56.338273+00:00
250,180000037,GAIKWADPAWAR,08:27:31,2022-02-03,,,,EL,,X,,,,2022-02-03,,,CFR,Costs and Freight,,,,,7.0,,,,,,,,,,,,,,,,,,,,,,F2,,,,,E10001,,,,,,,,,,,,,,,,,,,,,,,,,,,,,,TEST V1,,,,,,2022-02-03,,,,,,,,,,,,,,,,,,,,,,,,,,GW4AW00F7joXcMGMH225Am,,IDHDR,PST,PST,,,I,,VL31N,,,,,,,,,,,,,,,,,,,,,,,,,,,,,,,,,,,,,,,,,,,,,,,,,,,,,,,,,,,,,,,,I,False,2022-02-03 08:27:38.266672+00:00
250,180000039,GAIKWADPAWAR,09:32:51,2022-02-03,,,,EL,,X,,,,2022-02-03,,,CFR,Costs and Freight,,,,,7.0,,,,,,,,,,,,,,,,,,,,,,F2,,,,,E10001,,,,,,,,,,,,,,,,,,,,,,,,,,,,,,TEST V1,,,,,,2022-02-03,,,,,,,,,,,,,,,,,,,,,,,,,,GW4AW00F7joXceWktnC5Am,,IDHDR,PST,PST,,,I,,VL31N,,,,,,,,,,,,,,,,,,,,,,,,,,,,,,,,,,,,,,,,,,,,,,,,,,,,,,,,,,,,,,,,I,False,2022-02-03 09:33:02.269858+00:00
250,180000040,GAIKWADPAWAR,10:06:32,2022-02-03,,,,EL,,X,,,,2022-02-03,,,CFR,Costs and Freight,,,,,7.0,,,,,,,,,,,,,,,,,,,,,,F2,,,,,E10001,,,,,,,,,,,,,,,,,,,,,,,,,,,,,,TEST V1,,,,,,2022-02-03,,,,,,,,,,,,,,,,,,,,,,,,,,GW4AW00F7joXcnx8V4U5Am,,IDHDR,PST,PST,,,I,,VL31N,,,,,,,,,,,,,,,,,,,,,,,,,,,,,,,,,,,,,,,,,,,,,,,,,,,,,,,,,,,,,,,,I,False,2022-02-03 10:06:55.980334+00:00
250,180000033,MOUNIKAPALI,07:54:02,2022-02-03,,,,EL,,X,,,,2022-02-10,,,CFR,Costs and Freight,,,,,7.0,,,,,,,,,,,,,,,,,,,,,,F2,,,,,E10001,,,,,,,,,,,,,,,,,,,,,,,,,,,,,,TEST V1,,,,,,2022-02-02,,,,,,,,,,,,,,,,,,,,,,,,,,GW4AW00F7joXcCvprdz5Am,,IDHDR,PST,PST,,,I,,VL31N,,,,,,,,,,,,,,,,,,,,,,,,,,,,,,,,,,,,,,,,,,,,,,,,,,,,,,,,,,,,,,,,I,False,2022-02-03 07:54:07.513050+00:00
250,180000034,MOUNIKAPALI,08:03:35,2022-02-03,,,,EL,,X,,,,2022-02-10,,,CFR,Costs and Freight,,,,,7.0,,,,,,,,,,,,,,,,,,,,,,F2,,,,,E10001,,,,,,,,,,,,,,,,,,,,,,,,,,,,,,TEST V1,,,,,,2022-02-03,,,,,,,,,,,,,,,,,,,,,,,,,,GW4AW00F7joXcFaVJ9Y5Am,,IDHDR,PST,PST,,,I,,VL31N,,,,,,,,,,,,,,,,,,,,,,,,,,,,,,,,,,,,,,,,,,,,,,,,,,,,,,,,,,,,,,,,I,False,2022-02-03 08:03:39.299328+00:00
250,180000041,VISHAKHA,10:39:51,2022-02-03,,,,EL,,X,,,,2022-02-10,,,CFR,Costs and Freight,,,,,7.0,,,,,,,,,,,,,,,,,,,,,,F2,,,,,E10001,,,,,,,,,,,,,,,,,,,,,,,,,,,,,,TEST V1,,,,,,2022-02-03,,,,,,,,,,,,,,,,,,,,,,,,,,GW4AW00F7joXcxEdSMg5Am,,IDHDR,PST,PST,,,I,,VL31N,,,,,,,,,,,,,,,,,,,,,,,,,,,,,,,,,,,,,,,,,,,,,,,,,,,,,,,,,,,,,,,,I,False,2022-02-03 10:39:55.000573+00:00
250,180000030,VISHAKHA,07:41:15,2022-02-03,,,,EL,,X,,,,2022-02-10,,,CFR,Costs and Freight,,,,,7.0,,,,,,,,,,,5.0,,KG,,,,,,10.0,,,F2,,,,,E10001,,,,,,,,,,,,,,,,,,,,,,,,,,,,,,TEST V1,,,,,,2022-02-10,,,,,,,,,,,,,,,,,,,,,,,,,,GW4AW00F7joXc9LWkoV5Am,,IDHDR,PST,PST,,,I,,VL31N,,,,,,,,,,,,,,,,,,,,,,,,,,,,,,,,,,,,,,,,,,,,,,,,,,,,,,,,,,,,,,,,I,False,2022-02-03 07:41:19.816436+00:00
250,180000042,VISHAKHA,13:07:28,2022-02-03,,,,EL,,X,,,,2022-02-08,,,CFR,Costs and Freight,,,,,7.0,,,,,,,,,,,,,,,,,,,,,,F2,,,,,E10001,,,,,,,,,,,,,,,,,,,,,,,,,,,,,,TEST V1,,,,,,2022-02-03,,,,,,,,,,,,,,,,,,,,,,,,,,GW4AW00F7joXdaUP03kbAm,,IDHDR,PST,PST,,,I,,VL31N,,,,,,,,,,,,,,,,,,,,,,,,,,,,,,,,,,,,,,,,,,,,,,,,,,,,,,,,,,,,,,,,I,False,2022-02-03 13:07:30.580133+00:00
250,180000043,VISHAKHA,13:07:28,2022-02-03,,,,EL,,X,,,,2022-02-09,,,CFR,Costs and Freight,,,,,7.0,,,,,,,,,,,,,,,,,,,,,,F2,,,,,E10001,,,,,,,,,,,,,,,,,,,,,,,,,,,,,,TEST V1,,,,,,2022-02-03,,,,,,,,,,,,,,,,,,,,,,,,,,GW4AW00F7joXdaUP03n5Am,,IDHDR,PST,PST,,,I,,VL31N,,,,,,,,,,,,,,,,,,,,,,,,,,,,,,,,,,,,,,,,,,,,,,,,,,,,,,,,,,,,,,,,I,False,2022-02-03 13:07:30.580133+00:00
250,180000743,VISHAKHA,07:52:27,2022-02-04,,,,EL,,X,,,,2022-02-04,,,CFR,Costs and Freight,,,,,7.0,,,,,,,,,,,,,,,,,,,,,,F2,,,,,E10001,,,,,,,,,,,,,,,,,,,,,,,,,,,,,,TEST V1,,,,,,2022-02-03,,,,,,,,,,,,,,,,,,,,,,,,,,GW4AW00F7joXiUojaNg5Am,,IDHDR,PST,PST,,,I,,VL31N,,,,,,,,,,,,,,,,,,,,,,,,,,,,,,,,,,,,,,,,,,,,,,,,,,,,,,,,,,,,,,,,I,False,2022-02-04 07:52:27.693833+00:00
250,180000754,VISHAKHA,07:52:29,2022-02-04,,,,EL,,X,,,,2022-02-11,,,CFR,Costs and Freight,,,,,7.0,,,,,,,,,,,,,,,,,,,,,,F2,,,,,E10001,,,,,,,,,,,,,,,,,,,,,,,,,,,,,,TEST V1,,,,,,2022-02-03,,,,,,,,,,,,,,,,,,,,,,,,,,GW4AW00F7joXiUpJg8y5Am,,IDHDR,PST,PST,,,I,,VL31N,,,,,,,,,,,,,,,,,,,,,,,,,,,,,,,,,,,,,,,,,,,,,,,,,,,,,,,,,,,,,,,,I,False,2022-02-04 07:52:29.558681+00:00
250,180000756,VISHAKHA,07:52:29,2022-02-04,,,,EL,,X,,,,2022-02-14,,,CFR,Costs and Freight,,,,,7.0,,,,,,,,,,,,,,,,,,,,,,F2,,,,,E10001,,,,,,,,,,,,,,,,,,,,,,,,,,,,,,TEST V1,,,,,,2022-02-03,,,,,,,,,,,,,,,,,,,,,,,,,,GW4AW00F7joXiUpJg91bAm,,IDHDR,PST,PST,,,I,,VL31N,,,,,,,,,,,,,,,,,,,,,,,,,,,,,,,,,,,,,,,,,,,,,,,,,,,,,,,,,,,,,,,,I,False,2022-02-04 07:52:29.829941+00:00
250,180000757,VISHAKHA,07:52:29,2022-02-04,,,,EL,,X,,,,2022-02-14,,,CFR,Costs and Freight,,,,,7.0,,,,,,,,,,,,,,,,,,,,,,F2,,,,,E10001,,,,,,,,,,,,,,,,,,,,,,,,,,,,,,TEST V1,,,,,,2022-02-03,,,,,,,,,,,,,,,,,,,,,,,,,,GW4AW00F7joXiUpJg945Am,,IDHDR,PST,PST,,,I,,VL31N,,,,,,,,,,,,,,,,,,,,,,,,,,,,,,,,,,,,,,,,,,,,,,,,,,,,,,,,,,,,,,,,I,False,2022-02-04 07:52:30.158301+00:00
250,180000758,VISHAKHA,07:52:29,2022-02-04,,,,EL,,X,,,,2022-02-14,,,CFR,Costs and Freight,,,,,7.0,,,,,,,,,,,,,,,,,,,,,,F2,,,,,E10001,,,,,,,,,,,,,,,,,,,,,,,,,,,,,,TEST V1,,,,,,2022-02-03,,,,,,,,,,,,,,,,,,,,,,,,,,GW4AW00F7joXiUpJg96bAm,,IDHDR,PST,PST,,,I,,VL31N,,,,,,,,,,,,,,,,,,,,,,,,,,,,,,,,,,,,,,,,,,,,,,,,,,,,,,,,,,,,,,,,I,False,2022-02-04 07:52:30.158301+00:00
250,180000759,VISHAKHA,07:52:30,2022-02-04,,,,EL,,X,,,,2022-02-14,,,CFR,Costs and Freight,,,,,7.0,,,,,,,,,,,,,,,,,,,,,,F2,,,,,E10001,,,,,,,,,,,,,,,,,,,,,,,,,,,,,,TEST V1,,,,,,2022-02-03,,,,,,,,,,,,,,,,,,,,,,,,,,GW4AW00F7joXiUpJg995Am,,IDHDR,PST,PST,,,I,,VL31N,,,,,,,,,,,,,,,,,,,,,,,,,,,,,,,,,,,,,,,,,,,,,,,,,,,,,,,,,,,,,,,,I,False,2022-02-04 07:52:30.158301+00:00
250,180000760,VISHAKHA,07:52:30,2022-02-04,,,,EL,,X,,,,2022-02-14,,,CFR,Costs and Freight,,,,,7.0,,,,,,,,,,,,,,,,,,,,,,F2,,,,,E10001,,,,,,,,,,,,,,,,,,,,,,,,,,,,,,TEST V1,,,,,,2022-02-03,,,,,,,,,,,,,,,,,,,,,,,,,,GW4AW00F7joXiUpJg9BbAm,,IDHDR,PST,PST,,,I,,VL31N,,,,,,,,,,,,,,,,,,,,,,,,,,,,,,,,,,,,,,,,,,,,,,,,,,,,,,,,,,,,,,,,I,False,2022-02-04 07:52:30.425030+00:00
250,180000761,VISHAKHA,07:52:30,2022-02-04,,,,EL,,X,,,,2022-02-14,,,CFR,Costs and Freight,,,,,7.0,,,,,,,,,,,,,,,,,,,,,,F2,,,,,E10001,,,,,,,,,,,,,,,,,,,,,,,,,,,,,,TEST V1,,,,,,2022-02-03,,,,,,,,,,,,,,,,,,,,,,,,,,GW4AW00F7joXiUpJg9E5Am,,IDHDR,PST,PST,,,I,,VL31N,,,,,,,,,,,,,,,,,,,,,,,,,,,,,,,,,,,,,,,,,,,,,,,,,,,,,,,,,,,,,,,,I,False,2022-02-04 07:52:30.425030+00:00
250,180000762,VISHAKHA,07:52:30,2022-02-04,,,,EL,,X,,,,2022-02-14,,,CFR,Costs and Freight,,,,,7.0,,,,,,,,,,,,,,,,,,,,,,F2,,,,,E10001,,,,,,,,,,,,,,,,,,,,,,,,,,,,,,TEST V1,,,,,,2022-02-03,,,,,,,,,,,,,,,,,,,,,,,,,,GW4AW00F7joXiUpJg9GbAm,,IDHDR,PST,PST,,,I,,VL31N,,,,,,,,,,,,,,,,,,,,,,,,,,,,,,,,,,,,,,,,,,,,,,,,,,,,,,,,,,,,,,,,I,False,2022-02-04 07:52:30.723674+00:00
250,180000763,VISHAKHA,07:52:30,2022-02-04,,,,EL,,X,,,,2022-02-14,,,CFR,Costs and Freight,,,,,7.0,,,,,,,,,,,,,,,,,,,,,,F2,,,,,E10001,,,,,,,,,,,,,,,,,,,,,,,,,,,,,,TEST V1,,,,,,2022-02-03,,,,,,,,,,,,,,,,,,,,,,,,,,GW4AW00F7joXiUpJg9J5Am,,IDHDR,PST,PST,,,I,,VL31N,,,,,,,,,,,,,,,,,,,,,,,,,,,,,,,,,,,,,,,,,,,,,,,,,,,,,,,,,,,,,,,,I,False,2022-02-04 07:52:30.723674+00:00
250,180000764,VISHAKHA,07:52:30,2022-02-04,,,,EL,,X,,,,2022-02-14,,,CFR,Costs and Freight,,,,,7.0,,,,,,,,,,,,,,,,,,,,,,F2,,,,,E10001,,,,,,,,,,,,,,,,,,,,,,,,,,,,,,TEST V1,,,,,,2022-02-03,,,,,,,,,,,,,,,,,,,,,,,,,,GW4AW00F7joXiUpJg9LbAm,,IDHDR,PST,PST,,,I,,VL31N,,,,,,,,,,,,,,,,,,,,,,,,,,,,,,,,,,,,,,,,,,,,,,,,,,,,,,,,,,,,,,,,I,False,2022-02-04 07:52:31.019030+00:00
250,180000765,VISHAKHA,07:52:30,2022-02-04,,,,EL,,X,,,,2022-02-14,,,CFR,Costs and Freight,,,,,7.0,,,,,,,,,,,,,,,,,,,,,,F2,,,,,E10001,,,,,,,,,,,,,,,,,,,,,,,,,,,,,,TEST V1,,,,,,2022-02-03,,,,,,,,,,,,,,,,,,,,,,,,,,GW4AW00F7joXiUpJg9O5Am,,IDHDR,PST,PST,,,I,,VL31N,,,,,,,,,,,,,,,,,,,,,,,,,,,,,,,,,,,,,,,,,,,,,,,,,,,,,,,,,,,,,,,,I,False,2022-02-04 07:52:31.019030+00:00
250,180000766,VISHAKHA,07:52:31,2022-02-04,,,,EL,,X,,,,2022-02-14,,,CFR,Costs and Freight,,,,,7.0,,,,,,,,,,,,,,,,,,,,,,F2,,,,,E10001,,,,,,,,,,,,,,,,,,,,,,,,,,,,,,TEST V1,,,,,,2022-02-03,,,,,,,,,,,,,,,,,,,,,,,,,,GW4AW00F7joXiUpw3e0bAm,,IDHDR,PST,PST,,,I,,VL31N,,,,,,,,,,,,,,,,,,,,,,,,,,,,,,,,,,,,,,,,,,,,,,,,,,,,,,,,,,,,,,,,I,False,2022-02-04 07:52:31.271846+00:00
250,180000836,VISHAKHA,07:52:41,2022-02-04,,,,EL,,X,,,,2022-02-21,,,CFR,Costs and Freight,,,,,7.0,,,,,,,,,,,,,,,,,,,,,,F2,,,,,E10001,,,,,,,,,,,,,,,,,,,,,,,,,,,,,,TEST V1,,,,,,2022-02-03,,,,,,,,,,,,,,,,,,,,,,,,,,GW4AW00F7joXiUsuaj55Am,,IDHDR,PST,PST,,,I,,VL31N,,,,,,,,,,,,,,,,,,,,,,,,,,,,,,,,,,,,,,,,,,,,,,,,,,,,,,,,,,,,,,,,I,False,2022-02-04 07:52:41.703439+00:00
250,180000015,MOUNIKAPALI,12:54:26,2022-01-25,,,,EL,,X,,,,2022-01-31,,,CFR,Costs and Freight,,,,,7.0,,,,,,,,,,,,,,,,,,,,,,F2,,,,,E10001,,,,,,,,,,,,,,,,,,,,,,,,,,,,,,VENDOR_SUB,,,,,,2022-01-25,,,,,,,,,,,,,,,,,,,,,,,,,,GW4AW00F7joVkxsdfVl5Am,,IDHDR,PST,PST,,,I,,VL31N,,,,,,,,,,,,,,,,,,,,,,,,,,,,,,,,,,,,,,,,,,,,,,,,,,,,,,,,,,,,,,,,L,False,2022-01-31 20:42:12.093112+00:00
250,180000745,VISHAKHA,07:52:27,2022-02-04,,,,EL,,X,,,,2022-02-04,,,CFR,Costs and Freight,,,,,7.0,,,,,,,,,,,,,,,,,,,,,,F2,,,,,E10001,,,,,,,,,,,,,,,,,,,,,,,,,,,,,,VENDOR_SUB,,,,,,2022-02-03,,,,,,,,,,,,,,,,,,,,,,,,,,GW4AW00F7joXiUojaNl5Am,,IDHDR,PST,PST,,,I,,VL31N,,,,,,,,,,,,,,,,,,,,,,,,,,,,,,,,,,,,,,,,,,,,,,,,,,,,,,,,,,,,,,,,I,False,2022-02-04 07:52:27.980481+00:00
250,180000753,VISHAKHA,07:52:29,2022-02-04,,,,EL,,X,,,,2022-02-10,,,CFR,Costs and Freight,,,,,7.0,,,,,,,,,,,,,,,,,,,,,,F2,,,,,E10001,,,,,,,,,,,,,,,,,,,,,,,,,,,,,,VENDOR_SUB,,,,,,2022-02-03,,,,,,,,,,,,,,,,,,,,,,,,,,GW4AW00F7joXiUpJg8vbAm,,IDHDR,PST,PST,,,I,,VL31N,,,,,,,,,,,,,,,,,,,,,,,,,,,,,,,,,,,,,,,,,,,,,,,,,,,,,,,,,,,,,,,,I,False,2022-02-04 07:52:29.241816+00:00
250,180000940,VISHAKHA,07:52:57,2022-02-04,,,,EL,,X,,,,2022-03-16,,,CFR,Costs and Freight,,,,,7.0,,,,,,,,,,,,,,,,,,,,,,F2,,,,,E10001,,,,,,,,,,,,,,,,,,,,,,,,,,,,,,VENDOR_SUB,,,,,,2022-02-03,,,,,,,,,,,,,,,,,,,,,,,,,,GW4AW00F7joXiUxgLiC5Am,,IDHDR,PST,PST,,,I,,VL31N,,,,,,,,,,,,,,,,,,,,,,,,,,,,,,,,,,,,,,,,,,,,,,,,,,,,,,,,,,,,,,,,I,False,2022-02-04 07:52:57.350752+00:00
250,180000941,VISHAKHA,07:52:57,2022-02-04,,,,EL,,X,,,,2022-03-16,,,CFR,Costs and Freight,,,,,7.0,,,,,,,,,,,,,,,,,,,,,,F2,,,,,E10001,,,,,,,,,,,,,,,,,,,,,,,,,,,,,,VENDOR_SUB,,,,,,2022-02-03,,,,,,,,,,,,,,,,,,,,,,,,,,GW4AW00F7joXiUxgLiEbAm,,IDHDR,PST,PST,,,I,,VL31N,,,,,,,,,,,,,,,,,,,,,,,,,,,,,,,,,,,,,,,,,,,,,,,,,,,,,,,,,,,,,,,,I,False,2022-02-04 07:52:57.350752+00:00
250,180000944,GAIKWADPAWAR,06:06:34,2022-02-07,,,,EL,,X,,,,2022-02-11,,,CFR,Cost and Freight,X,,,,7.0,,,,,,,,,,,,100.0,KG,,,,,,10.0,,,F2,,,,,E10001,,,,,,,,,,46.0,,,,,,,,,,,,,,,,,,,,0000509185,,,,,,2022-02-06,,,,,,,,,,,,,,,,,,,,,,,,,,GW4AW00F7joX{uD21cP5Am,,IDHDR,PST,PST,,,I,,VL31N,,,,,,,,,,,,,,,,,,,,,,,,,,,,,,,,,,,,,,,,,,,,,,,,,,,,,,,,,,,,,,,,I,False,2022-02-07 06:07:16.391067+00:00
250,180000946,GAIKWADPAWAR,06:26:03,2022-02-07,,,,EL,,X,,,,2022-02-11,,,CFR,Cost and Freight,,,,,7.0,,,,,,,,,,,,100.0,KG,,,,,,10.0,,,F2,,,,,E10001,,,,,,,,,,,,,,,,,,,,,,,,,,,,,,0000564321,,,,,,2022-02-06,,,,,,,,,,,,,,,,,,,,,,,,,,GW4AW00F7joX{zfhEdp5Am,,IDHDR,PST,PST,,,I,,VL31N,,,,,,,,,,,,,,,,,,,,,,,,,,,,,,,,,,,,,,,,,,,,,,,,,,,,,,,,,,,,,,,,I,False,2022-02-07 06:26:12.664446+00:00
250,180000947,GAIKWADPAWAR,06:34:34,2022-02-07,,,,EL,,X,,,,2022-02-11,,,CFR,Cost and Freight,,,,,7.0,,,,,,,,,,,,100.0,KG,,,,,,10.0,,,F2,,,,,E10001,,,,,,,,,,,,,,,,,,,,,,,,,,,,,,0000564321,,,,,,2022-02-06,,,,,,,,,,,,,,,,,,,,,,,,,,GW4AW00F7joX}01vshq5Am,,IDHDR,PST,PST,,,I,,VL31N,,,,,,,,,,,,,,,,,,,,,,,,,,,,,,,,,,,,,,,,,,,,,,,,,,,,,,,,,,,,,,,,I,False,2022-02-07 06:34:39.413460+00:00
250,180000943,MOUNIKAPALI,05:57:37,2022-02-07,,,,EL,,X,,,,2022-02-16,,,FOB,Free On Onboard,,,,,7.0,,,,,,,,,,,,100.0,KG,,,,,,10.0,,,F2,,,,,E10001,,,,,,,,,,,,,,,,,,,,,,,,,,,,,,0000609635,,,,,,2022-02-06,,,,,,,,,,,,,,,,,,,,,,,,,,GW4AW00F7joX{ri}8fm5Am,,IDHDR,PST,PST,,,I,,VL31N,,,,,,,,,,,,,,,,,,,,,,,,,,,,,,,,,,,,,,,,,,,,,,,,,,,,,,,,,,,,,,,,I,False,2022-02-07 05:57:44.817729+00:00
250,180000950,GRAMANJINEYU,09:50:49,2022-02-22,,,,EL,,X,,,,2019-01-15,,,CFR,Cost and Freight,,,,,7.0,,,,,,,,,,,,130.0,KG,,,,,,10.0,,,F2,,,,,E10001,,,,,,,,,,,,,,,,,,,,,,,,,,,,,,0000916521,,,,,,2022-02-22,,,,,,,,,,,,,,,,,,,,,,,,,,GW4AW00F7joa{9q}pV3bAm,,IDHDR,PST,PST,,,I,,VL31N,,,,,,,,,,,,,,,,,,,,,,,,,,,,,,,,,,,,,,,,,,,,,,,,,,,,,,,,,,,,,,,,I,False,2022-02-22 09:50:50.950170+00:00
250,180000951,SUMITSAXENA,12:32:47,2022-02-22,,,,EL,,X,,,,2022-02-08,,,CFR,Costs and Freight,,,,,7.0,,,,,,,,,,,,,,,,,,,,,,F2,,,,,E10001,,,,,,,,,,,,,,,,,,,,,,,,,,,,,,TEST V1,,,,,,2022-02-22,,,,,,,,,,,,,,,,,,,,,,,,,,GW4AW00F7joa{t5F3yybAm,,IDHDR,PST,PST,,,I,,VL31N,,,,,,,,,,,,,,,,,,,,,,,,,,,,,,,,,,,,,,,,,,,,,,,,,,,,,,,,,,,,,,,,I,False,2022-02-22 12:32:48.053679+00:00
250,180000955,KKALLAMADI,04:20:22,2022-02-23,,,,EL,,X,,,,2019-01-20,,,CFR,Cost and Freight,,,,,7.0,,,,,,,,,,,,900.0,KG,,,,,,10.0,,,F2,,,,,E10001,,,,,,,,,,,,,,,,,,,,,,,,,,,,,,0000916521,,,,,,2022-02-22,,,,,,,,,,,,,,,,,,,,,,,,,,GW4AW00F7jobY}rOIAZbAm,,IDHDR,PST,PST,,,I,,VL31N,,,,,,,,,,,,,,,,,,,,,,,,,,,,,,,,,,,,,,,,,,,,,,,,,,,,,,,,,,,,,,,,I,False,2022-02-23 04:20:22.966921+00:00
250,180000957,KKALLAMADI,06:46:55,2022-02-23,,,,EL,,X,,,,2019-01-20,,,CFR,Cost and Freight,,,,,7.0,,,,,,,,,,,,170.0,KG,,,,,,10.0,,,F2,,,,,E10001,,,,,,,,,,,,,,,,,,,,,,,,,,,,,,0000916521,,,,,,2022-02-22,,,,,,,,,,,,,,,,,,,,,,,,,,GW4AW00F7jobZeo4mRLbAm,,IDHDR,PST,PST,,,I,,VL31N,,,,,,,,,,,,,,,,,,,,,,,,,,,,,,,,,,,,,,,,,,,,,,,,,,,,,,,,,,,,,,,,I,False,2022-02-23 06:46:57.100819+00:00
250,180000959,GRAMANJINEYU,06:51:15,2022-02-24,,,,EL,,X,,,,2022-02-28,,,,,,,,,7.0,,,,,,,,,,,,1430.0,KG,,,,,,10.0,,,F2,,,,,E10001,,,,,,,,,,,,,,,,,,,,,,,,,,,,,,0000916521,,,,,,2022-02-23,,,,,,,,,,,,,,,,,,,,,,,,,,GW4AW00F7jobfyKiRbGbAm,,IDHDR,PST,PST,,,I,,VL31N,,,,,,,,,,,,,,,,,,,,,,,,,,,,,,,,,,,,,,,,,,,,,,,,,,,,,,,,,,,,,,,,I,False,2022-02-24 06:51:17.343625+00:00
250,180000961,GAIKWADPAWAR,10:16:56,2022-02-25,,,,EL,,X,,,,2022-02-25,,,CFR,Costs and Freight,,,,,7.0,,,,,,,,,,,,,,,,,,,,,,F2,,,,,E10001,,,,,,,,,,,,,,,,,,,,,,,,,,,,,,TEST V1,,,,,,2022-02-25,,,,,,,,,,,,,,,,,,,,,,,,,,GW4AW00F7jobn87{6E95Am,,IDHDR,PST,PST,,,I,,VL31N,,,,,,,,,,,,,,,,,,,,,,,,,,,,,,,,,,,,,,,,,,,,,,,,,,,,,,,,,,,,,,,,I,False,2022-02-25 10:17:15.689736+00:00
250,180000962,GAIKWADPAWAR,11:07:33,2022-02-25,,,,EL,,X,,,,2022-02-25,,,CFR,Costs and Freight,,,,,7.0,,,,,,,,,,,,,,,,,,,,,,F2,,,,,E10001,,,,,,,,,,,,,,,,,,,,,,,,,,,,,,TEST V1,,,,,,2022-02-25,,,,,,,,,,,,,,,,,,,,,,,,,,GW4AW00F7jobnMGbKF25Am,,IDHDR,PST,PST,,,I,,VL31N,,,,,,,,,,,,,,,,,,,,,,,,,,,,,,,,,,,,,,,,,,,,,,,,,,,,,,,,,,,,,,,,I,False,2022-02-25 11:08:03.830971+00:00
250,180000963,GAIKWADPAWAR,11:45:35,2022-02-25,,,,EL,,X,,,,2022-02-26,,,CFR,Costs and Freight,,,,,7.0,,,,,,,,,,,,,,,,,,,,,,F2,,,,,E10001,,,,,,,,,,,,,,,,,,,,,,,,,,,,,,TEST V1,,,,,,2022-02-25,,,,,,,,,,,,,,,,,,,,,,,,,,GW4AW00F7jobnWusV}ebAm,,IDHDR,PST,PST,,,I,,VL31N,,,,,,,,,,,,,,,,,,,,,,,,,,,,,,,,,,,,,,,,,,,,,,,,,,,,,,,,,,,,,,,,I,False,2022-02-25 11:46:12.307330+00:00
250,180000964,MOUNIKAPALI,06:19:39,2022-03-02,,,,EL,,X,,,,2022-03-01,,,CFR,Costs and Freight,,,,,7.0,,,,,,,,,,,,,,,,,,,,,,F2,,,,,E10001,,,,,,,,,,,,,,,,,,,,,,,,,,,,,,TEST V1,,,,,,2022-03-01,,,,,,,,,,,,,,,,,,,,,,,,,,GW4AW00F7joclXUwYrS5Am,,IDHDR,PST,PST,,,I,,VL31N,,,,,,,,,,,,,,,,,,,,,,,,,,,,,,,,,,,,,,,,,,,,,,,,,,,,,,,,,,,,,,,,I,False,2022-03-02 06:19:44.071958+00:00
250,180000965,MOUNIKAPALI,06:27:00,2022-03-02,,,,EL,,X,,,,2022-02-28,,,FOB,Free On Onboard,,,,,7.0,,,,,,,,,,,,10.0,KG,,,,,,10.0,,,F2,,,,,E10001,,,,,,,,,,,,,,,,,,,,,,,,,,,,,,0000163605,,,,,,2022-03-01,,,,,,,,,,,,,,,,,,,,,,,,,,GW4AW00F7joclZYKAaA5Am,,IDHDR,PST,PST,,,I,,VL31N,,,,,,,,,,,,,,,,,,,,,,,,,,,,,,,,,,,,,,,,,,,,,,,,,,,,,,,,,,,,,,,,I,False,2022-03-02 06:27:09.131806+00:00
250,180000966,MOUNIKAPALI,06:27:31,2022-03-02,,,,EL,,X,,,,2022-02-28,,,FOB,Free On Onboard,,,,,7.0,,,,,,,,,,,,10.0,KG,,,,,,10.0,,,F2,,,,,E10001,,,,,,,,,,,,,,,,,,,,,,,,,,,,,,0000163605,,,,,,2022-02-28,,,,,,,,,,,,,,,,,,,,,,,,,,GW4AW00F7joclZh4VFn5Am,,IDHDR,PST,PST,,,I,,VL31N,,,,,,,,,,,,,,,,,,,,,,,,,,,,,,,,,,,,,,,,,,,,,,,,,,,,,,,,,,,,,,,,I,False,2022-03-02 06:27:40.042793+00:00
250,180002975,MOUNIKAPALI,08:28:29,2022-03-10,,,,EL,,X,,,,2019-01-08,,,CFR,Cost and Freight,,,,,7.0,,,,,,,,,,,,75.0,KG,,,,,,10.0,,,F2,,,,,E10001,,,,,,,,,,,,,,,,,,,,,,,,,,,,,,0000916521,,,,,,2022-03-10,,,,,,,,,,,,,,,,,,,,,,,,,,GW4AW00F7joeYO86FuY5Am,,IDHDR,PST,PST,,,I,,VL31N,,,,,,,,,,,,,,,,,,,,,,,,,,,,,,,,,,,,,,,,,,,,,,,,,,,,,,,,,,,,,,,,I,False,2022-03-10 08:28:30.577427+00:00
250,180002976,MOUNIKAPALI,08:28:29,2022-03-10,,,,EL,,X,,,,2019-01-08,,,CFR,Cost and Freight,,,,,7.0,,,,,,,,,,,,75.0,KG,,,,,,10.0,,,F2,,,,,E10001,,,,,,,,,,,,,,,,,,,,,,,,,,,,,,0000916521,,,,,,2022-03-10,,,,,,,,,,,,,,,,,,,,,,,,,,GW4AW00F7joeYO86FuabAm,,IDHDR,PST,PST,,,I,,VL31N,,,,,,,,,,,,,,,,,,,,,,,,,,,,,,,,,,,,,,,,,,,,,,,,,,,,,,,,,,,,,,,,I,False,2022-03-10 08:28:30.577427+00:00
250,180002977,MOUNIKAPALI,08:28:30,2022-03-10,,,,EL,,X,,,,2019-01-08,,,CFR,Cost and Freight,,,,,7.0,,,,,,,,,,,,75.0,KG,,,,,,10.0,,,F2,,,,,E10001,,,,,,,,,,,,,,,,,,,,,,,,,,,,,,0000916521,,,,,,2022-03-10,,,,,,,,,,,,,,,,,,,,,,,,,,GW4AW00F7joeYO86Fud5Am,,IDHDR,PST,PST,,,I,,VL31N,,,,,,,,,,,,,,,,,,,,,,,,,,,,,,,,,,,,,,,,,,,,,,,,,,,,,,,,,,,,,,,,I,False,2022-03-10 08:28:30.577427+00:00
250,180002991,MOUNIKAPALI,08:28:31,2022-03-10,,,,EL,,X,,,,2019-01-08,,,CFR,Cost and Freight,,,,,7.0,,,,,,,,,,,,75.0,KG,,,,,,10.0,,,F2,,,,,E10001,,,,,,,,,,,,,,,,,,,,,,,,,,,,,,0000916521,,,,,,2022-03-10,,,,,,,,,,,,,,,,,,,,,,,,,,GW4AW00F7joeYO8gqu{5Am,,IDHDR,PST,PST,,,I,,VL31N,,,,,,,,,,,,,,,,,,,,,,,,,,,,,,,,,,,,,,,,,,,,,,,,,,,,,,,,,,,,,,,,I,False,2022-03-10 08:28:31.708608+00:00
250,180003001,MOUNIKAPALI,08:28:32,2022-03-10,,,,EL,,X,,,,2019-01-08,,,CFR,Cost and Freight,,,,,7.0,,,,,,,,,,,,75.0,KG,,,,,,10.0,,,F2,,,,,E10001,,,,,,,,,,,,,,,,,,,,,,,,,,,,,,0000916521,,,,,,2022-03-10,,,,,,,,,,,,,,,,,,,,,,,,,,GW4AW00F7joeYO8gqvN5Am,,IDHDR,PST,PST,,,I,,VL31N,,,,,,,,,,,,,,,,,,,,,,,,,,,,,,,,,,,,,,,,,,,,,,,,,,,,,,,,,,,,,,,,I,False,2022-03-10 08:28:33.048037+00:00
250,180003002,MOUNIKAPALI,08:28:32,2022-03-10,,,,EL,,X,,,,2019-01-08,,,CFR,Cost and Freight,,,,,7.0,,,,,,,,,,,,75.0,KG,,,,,,10.0,,,F2,,,,,E10001,,,,,,,,,,,,,,,,,,,,,,,,,,,,,,0000916521,,,,,,2022-03-10,,,,,,,,,,,,,,,,,,,,,,,,,,GW4AW00F7joeYO8gqvPbAm,,IDHDR,PST,PST,,,I,,VL31N,,,,,,,,,,,,,,,,,,,,,,,,,,,,,,,,,,,,,,,,,,,,,,,,,,,,,,,,,,,,,,,,I,False,2022-03-10 08:28:33.048037+00:00
250,180003009,MOUNIKAPALI,08:28:33,2022-03-10,,,,EL,,X,,,,2019-01-08,,,CFR,Cost and Freight,,,,,7.0,,,,,,,,,,,,75.0,KG,,,,,,10.0,,,F2,,,,,E10001,,,,,,,,,,,,,,,,,,,,,,,,,,,,,,0000916521,,,,,,2022-03-10,,,,,,,,,,,,,,,,,,,,,,,,,,GW4AW00F7joeYO9GaWobAm,,IDHDR,PST,PST,,,I,,VL31N,,,,,,,,,,,,,,,,,,,,,,,,,,,,,,,,,,,,,,,,,,,,,,,,,,,,,,,,,,,,,,,,I,False,2022-03-10 08:28:33.786487+00:00
250,180003020,MOUNIKAPALI,08:28:34,2022-03-10,,,,EL,,X,,,,2019-01-08,,,CFR,Cost and Freight,,,,,7.0,,,,,,,,,,,,75.0,KG,,,,,,10.0,,,F2,,,,,E10001,,,,,,,,,,,,,,,,,,,,,,,,,,,,,,0000916521,,,,,,2022-03-10,,,,,,,,,,,,,,,,,,,,,,,,,,GW4AW00F7joeYO9GaXE5Am,,IDHDR,PST,PST,,,I,,VL31N,,,,,,,,,,,,,,,,,,,,,,,,,,,,,,,,,,,,,,,,,,,,,,,,,,,,,,,,,,,,,,,,I,False,2022-03-10 08:28:35.088971+00:00
250,180003021,MOUNIKAPALI,08:28:34,2022-03-10,,,,EL,,X,,,,2019-01-08,,,CFR,Cost and Freight,,,,,7.0,,,,,,,,,,,,75.0,KG,,,,,,10.0,,,F2,,,,,E10001,,,,,,,,,,,,,,,,,,,,,,,,,,,,,,0000916521,,,,,,2022-03-10,,,,,,,,,,,,,,,,,,,,,,,,,,GW4AW00F7joeYO9GaXGbAm,,IDHDR,PST,PST,,,I,,VL31N,,,,,,,,,,,,,,,,,,,,,,,,,,,,,,,,,,,,,,,,,,,,,,,,,,,,,,,,,,,,,,,,I,False,2022-03-10 08:28:35.088971+00:00
250,180003022,MOUNIKAPALI,08:28:34,2022-03-10,,,,EL,,X,,,,2019-01-08,,,CFR,Cost and Freight,,,,,7.0,,,,,,,,,,,,75.0,KG,,,,,,10.0,,,F2,,,,,E10001,,,,,,,,,,,,,,,,,,,,,,,,,,,,,,0000916521,,,,,,2022-03-10,,,,,,,,,,,,,,,,,,,,,,,,,,GW4AW00F7joeYO9GaXJ5Am,,IDHDR,PST,PST,,,I,,VL31N,,,,,,,,,,,,,,,,,,,,,,,,,,,,,,,,,,,,,,,,,,,,,,,,,,,,,,,,,,,,,,,,I,False,2022-03-10 08:28:35.088971+00:00
250,180003029,MOUNIKAPALI,08:28:35,2022-03-10,,,,EL,,X,,,,2019-01-08,,,CFR,Cost and Freight,,,,,7.0,,,,,,,,,,,,75.0,KG,,,,,,10.0,,,F2,,,,,E10001,,,,,,,,,,,,,,,,,,,,,,,,,,,,,,0000916521,,,,,,2022-03-10,,,,,,,,,,,,,,,,,,,,,,,,,,GW4AW00F7joeYO9sj8nbAm,,IDHDR,PST,PST,,,I,,VL31N,,,,,,,,,,,,,,,,,,,,,,,,,,,,,,,,,,,,,,,,,,,,,,,,,,,,,,,,,,,,,,,,I,False,2022-03-10 08:28:36.031488+00:00
250,180003031,MOUNIKAPALI,08:28:35,2022-03-10,,,,EL,,X,,,,2019-01-08,,,CFR,Cost and Freight,,,,,7.0,,,,,,,,,,,,75.0,KG,,,,,,10.0,,,F2,,,,,E10001,,,,,,,,,,,,,,,,,,,,,,,,,,,,,,0000916521,,,,,,2022-03-10,,,,,,,,,,,,,,,,,,,,,,,,,,GW4AW00F7joeYO9sj8sbAm,,IDHDR,PST,PST,,,I,,VL31N,,,,,,,,,,,,,,,,,,,,,,,,,,,,,,,,,,,,,,,,,,,,,,,,,,,,,,,,,,,,,,,,I,False,2022-03-10 08:28:36.031488+00:00
250,180003042,MOUNIKAPALI,08:28:37,2022-03-10,,,,EL,,X,,,,2019-01-08,,,CFR,Cost and Freight,,,,,7.0,,,,,,,,,,,,75.0,KG,,,,,,10.0,,,F2,,,,,E10001,,,,,,,,,,,,,,,,,,,,,,,,,,,,,,0000916521,,,,,,2022-03-10,,,,,,,,,,,,,,,,,,,,,,,,,,GW4AW00F7joeYOAT2h6bAm,,IDHDR,PST,PST,,,I,,VL31N,,,,,,,,,,,,,,,,,,,,,,,,,,,,,,,,,,,,,,,,,,,,,,,,,,,,,,,,,,,,,,,,I,False,2022-03-10 08:28:37.269205+00:00
250,180003043,MOUNIKAPALI,08:28:37,2022-03-10,,,,EL,,X,,,,2019-01-08,,,CFR,Cost and Freight,,,,,7.0,,,,,,,,,,,,75.0,KG,,,,,,10.0,,,F2,,,,,E10001,,,,,,,,,,,,,,,,,,,,,,,,,,,,,,0000916521,,,,,,2022-03-10,,,,,,,,,,,,,,,,,,,,,,,,,,GW4AW00F7joeYOAT2h95Am,,IDHDR,PST,PST,,,I,,VL31N,,,,,,,,,,,,,,,,,,,,,,,,,,,,,,,,,,,,,,,,,,,,,,,,,,,,,,,,,,,,,,,,I,False,2022-03-10 08:28:37.269205+00:00
250,180003044,MOUNIKAPALI,08:28:37,2022-03-10,,,,EL,,X,,,,2019-01-08,,,CFR,Cost and Freight,,,,,7.0,,,,,,,,,,,,75.0,KG,,,,,,10.0,,,F2,,,,,E10001,,,,,,,,,,,,,,,,,,,,,,,,,,,,,,0000916521,,,,,,2022-03-10,,,,,,,,,,,,,,,,,,,,,,,,,,GW4AW00F7joeYOAT2hBbAm,,IDHDR,PST,PST,,,I,,VL31N,,,,,,,,,,,,,,,,,,,,,,,,,,,,,,,,,,,,,,,,,,,,,,,,,,,,,,,,,,,,,,,,I,False,2022-03-10 08:28:37.591351+00:00
250,180003051,MOUNIKAPALI,08:28:37,2022-03-10,,,,EL,,X,,,,2019-01-08,,,CFR,Cost and Freight,,,,,7.0,,,,,,,,,,,,75.0,KG,,,,,,10.0,,,F2,,,,,E10001,,,,,,,,,,,,,,,,,,,,,,,,,,,,,,0000916521,,,,,,2022-03-10,,,,,,,,,,,,,,,,,,,,,,,,,,GW4AW00F7joeYOAT2hT5Am,,IDHDR,PST,PST,,,I,,VL31N,,,,,,,,,,,,,,,,,,,,,,,,,,,,,,,,,,,,,,,,,,,,,,,,,,,,,,,,,,,,,,,,I,False,2022-03-10 08:28:38.212081+00:00
250,180003060,MOUNIKAPALI,08:28:38,2022-03-10,,,,EL,,X,,,,2019-01-08,,,CFR,Cost and Freight,,,,,7.0,,,,,,,,,,,,75.0,KG,,,,,,10.0,,,F2,,,,,E10001,,,,,,,,,,,,,,,,,,,,,,,,,,,,,,0000916521,,,,,,2022-03-10,,,,,,,,,,,,,,,,,,,,,,,,,,GW4AW00F7joeYOAT2hpbAm,,IDHDR,PST,PST,,,I,,VL31N,,,,,,,,,,,,,,,,,,,,,,,,,,,,,,,,,,,,,,,,,,,,,,,,,,,,,,,,,,,,,,,,I,False,2022-03-10 08:28:39.219820+00:00
250,180003061,MOUNIKAPALI,08:28:39,2022-03-10,,,,EL,,X,,,,2019-01-08,,,CFR,Cost and Freight,,,,,7.0,,,,,,,,,,,,75.0,KG,,,,,,10.0,,,F2,,,,,E10001,,,,,,,,,,,,,,,,,,,,,,,,,,,,,,0000916521,,,,,,2022-03-10,,,,,,,,,,,,,,,,,,,,,,,,,,GW4AW00F7joeYOB2pxPbAm,,IDHDR,PST,PST,,,I,,VL31N,,,,,,,,,,,,,,,,,,,,,,,,,,,,,,,,,,,,,,,,,,,,,,,,,,,,,,,,,,,,,,,,I,False,2022-03-10 08:28:39.219820+00:00
250,180003062,MOUNIKAPALI,08:28:39,2022-03-10,,,,EL,,X,,,,2019-01-08,,,CFR,Cost and Freight,,,,,7.0,,,,,,,,,,,,75.0,KG,,,,,,10.0,,,F2,,,,,E10001,,,,,,,,,,,,,,,,,,,,,,,,,,,,,,0000916521,,,,,,2022-03-10,,,,,,,,,,,,,,,,,,,,,,,,,,GW4AW00F7joeYOB2pxS5Am,,IDHDR,PST,PST,,,I,,VL31N,,,,,,,,,,,,,,,,,,,,,,,,,,,,,,,,,,,,,,,,,,,,,,,,,,,,,,,,,,,,,,,,I,False,2022-03-10 08:28:39.219820+00:00
250,180003069,MOUNIKAPALI,08:28:39,2022-03-10,,,,EL,,X,,,,2019-01-08,,,CFR,Cost and Freight,,,,,7.0,,,,,,,,,,,,75.0,KG,,,,,,10.0,,,F2,,,,,E10001,,,,,,,,,,,,,,,,,,,,,,,,,,,,,,0000916521,,,,,,2022-03-10,,,,,,,,,,,,,,,,,,,,,,,,,,GW4AW00F7joeYOB2pxjbAm,,IDHDR,PST,PST,,,I,,VL31N,,,,,,,,,,,,,,,,,,,,,,,,,,,,,,,,,,,,,,,,,,,,,,,,,,,,,,,,,,,,,,,,I,False,2022-03-10 08:28:40.210632+00:00
250,180003080,MOUNIKAPALI,08:28:41,2022-03-10,,,,EL,,X,,,,2019-01-08,,,CFR,Cost and Freight,,,,,7.0,,,,,,,,,,,,75.0,KG,,,,,,10.0,,,F2,,,,,E10001,,,,,,,,,,,,,,,,,,,,,,,,,,,,,,0000916521,,,,,,2022-03-10,,,,,,,,,,,,,,,,,,,,,,,,,,GW4AW00F7joeYOBeo9PbAm,,IDHDR,PST,PST,,,I,,VL31N,,,,,,,,,,,,,,,,,,,,,,,,,,,,,,,,,,,,,,,,,,,,,,,,,,,,,,,,,,,,,,,,I,False,2022-03-10 08:28:41.187363+00:00
250,180003081,MOUNIKAPALI,08:28:41,2022-03-10,,,,EL,,X,,,,2019-01-08,,,CFR,Cost and Freight,,,,,7.0,,,,,,,,,,,,75.0,KG,,,,,,10.0,,,F2,,,,,E10001,,,,,,,,,,,,,,,,,,,,,,,,,,,,,,0000916521,,,,,,2022-03-10,,,,,,,,,,,,,,,,,,,,,,,,,,GW4AW00F7joeYOBeo9S5Am,,IDHDR,PST,PST,,,I,,VL31N,,,,,,,,,,,,,,,,,,,,,,,,,,,,,,,,,,,,,,,,,,,,,,,,,,,,,,,,,,,,,,,,I,False,2022-03-10 08:28:41.505389+00:00
250,180003082,MOUNIKAPALI,08:28:41,2022-03-10,,,,EL,,X,,,,2019-01-08,,,CFR,Cost and Freight,,,,,7.0,,,,,,,,,,,,75.0,KG,,,,,,10.0,,,F2,,,,,E10001,,,,,,,,,,,,,,,,,,,,,,,,,,,,,,0000916521,,,,,,2022-03-10,,,,,,,,,,,,,,,,,,,,,,,,,,GW4AW00F7joeYOBeo9UbAm,,IDHDR,PST,PST,,,I,,VL31N,,,,,,,,,,,,,,,,,,,,,,,,,,,,,,,,,,,,,,,,,,,,,,,,,,,,,,,,,,,,,,,,I,False,2022-03-10 08:28:41.505389+00:00
250,180003096,MOUNIKAPALI,08:28:42,2022-03-10,,,,EL,,X,,,,2019-01-08,,,CFR,Cost and Freight,,,,,7.0,,,,,,,,,,,,75.0,KG,,,,,,10.0,,,F2,,,,,E10001,,,,,,,,,,,,,,,,,,,,,,,,,,,,,,0000916521,,,,,,2022-03-10,,,,,,,,,,,,,,,,,,,,,,,,,,GW4AW00F7joeYOBeoA1bAm,,IDHDR,PST,PST,,,I,,VL31N,,,,,,,,,,,,,,,,,,,,,,,,,,,,,,,,,,,,,,,,,,,,,,,,,,,,,,,,,,,,,,,,I,False,2022-03-10 08:28:43.185664+00:00
250,180003097,MOUNIKAPALI,08:28:42,2022-03-10,,,,EL,,X,,,,2019-01-08,,,CFR,Cost and Freight,,,,,7.0,,,,,,,,,,,,75.0,KG,,,,,,10.0,,,F2,,,,,E10001,,,,,,,,,,,,,,,,,,,,,,,,,,,,,,0000916521,,,,,,2022-03-10,,,,,,,,,,,,,,,,,,,,,,,,,,GW4AW00F7joeYOBeoA45Am,,IDHDR,PST,PST,,,I,,VL31N,,,,,,,,,,,,,,,,,,,,,,,,,,,,,,,,,,,,,,,,,,,,,,,,,,,,,,,,,,,,,,,,I,False,2022-03-10 08:28:43.185664+00:00
250,180003098,MOUNIKAPALI,08:28:43,2022-03-10,,,,EL,,X,,,,2019-01-08,,,CFR,Cost and Freight,,,,,7.0,,,,,,,,,,,,75.0,KG,,,,,,10.0,,,F2,,,,,E10001,,,,,,,,,,,,,,,,,,,,,,,,,,,,,,0000916521,,,,,,2022-03-10,,,,,,,,,,,,,,,,,,,,,,,,,,GW4AW00F7joeYOCF8OjbAm,,IDHDR,PST,PST,,,I,,VL31N,,,,,,,,,,,,,,,,,,,,,,,,,,,,,,,,,,,,,,,,,,,,,,,,,,,,,,,,,,,,,,,,I,False,2022-03-10 08:28:43.185664+00:00
250,180003105,MOUNIKAPALI,08:28:43,2022-03-10,,,,EL,,X,,,,2019-01-08,,,CFR,Cost and Freight,,,,,7.0,,,,,,,,,,,,75.0,KG,,,,,,10.0,,,F2,,,,,E10001,,,,,,,,,,,,,,,,,,,,,,,,,,,,,,0000916521,,,,,,2022-03-10,,,,,,,,,,,,,,,,,,,,,,,,,,GW4AW00F7joeYOCF8O}5Am,,IDHDR,PST,PST,,,I,,VL31N,,,,,,,,,,,,,,,,,,,,,,,,,,,,,,,,,,,,,,,,,,,,,,,,,,,,,,,,,,,,,,,,I,False,2022-03-10 08:28:44.085305+00:00
250,180003116,MOUNIKAPALI,08:28:44,2022-03-10,,,,EL,,X,,,,2019-01-08,,,CFR,Cost and Freight,,,,,7.0,,,,,,,,,,,,75.0,KG,,,,,,10.0,,,F2,,,,,E10001,,,,,,,,,,,,,,,,,,,,,,,,,,,,,,0000916521,,,,,,2022-03-10,,,,,,,,,,,,,,,,,,,,,,,,,,GW4AW00F7joeYOCF8PQbAm,,IDHDR,PST,PST,,,I,,VL31N,,,,,,,,,,,,,,,,,,,,,,,,,,,,,,,,,,,,,,,,,,,,,,,,,,,,,,,,,,,,,,,,I,False,2022-03-10 08:28:45.063406+00:00
250,180003117,MOUNIKAPALI,08:28:45,2022-03-10,,,,EL,,X,,,,2019-01-08,,,CFR,Cost and Freight,,,,,7.0,,,,,,,,,,,,75.0,KG,,,,,,10.0,,,F2,,,,,E10001,,,,,,,,,,,,,,,,,,,,,,,,,,,,,,0000916521,,,,,,2022-03-10,,,,,,,,,,,,,,,,,,,,,,,,,,GW4AW00F7joeYOCrI60bAm,,IDHDR,PST,PST,,,I,,VL31N,,,,,,,,,,,,,,,,,,,,,,,,,,,,,,,,,,,,,,,,,,,,,,,,,,,,,,,,,,,,,,,,I,False,2022-03-10 08:28:45.400235+00:00
250,180003123,MOUNIKAPALI,08:28:45,2022-03-10,,,,EL,,X,,,,2019-01-08,,,CFR,Cost and Freight,,,,,7.0,,,,,,,,,,,,75.0,KG,,,,,,10.0,,,F2,,,,,E10001,,,,,,,,,,,,,,,,,,,,,,,,,,,,,,0000916521,,,,,,2022-03-10,,,,,,,,,,,,,,,,,,,,,,,,,,GW4AW00F7joeYOCrI6FbAm,,IDHDR,PST,PST,,,I,,VL31N,,,,,,,,,,,,,,,,,,,,,,,,,,,,,,,,,,,,,,,,,,,,,,,,,,,,,,,,,,,,,,,,I,False,2022-03-10 08:28:46.035202+00:00
250,180003134,MOUNIKAPALI,08:28:46,2022-03-10,,,,EL,,X,,,,2019-01-08,,,CFR,Cost and Freight,,,,,7.0,,,,,,,,,,,,75.0,KG,,,,,,10.0,,,F2,,,,,E10001,,,,,,,,,,,,,,,,,,,,,,,,,,,,,,0000916521,,,,,,2022-03-10,,,,,,,,,,,,,,,,,,,,,,,,,,GW4AW00F7joeYOCrI6h5Am,,IDHDR,PST,PST,,,I,,VL31N,,,,,,,,,,,,,,,,,,,,,,,,,,,,,,,,,,,,,,,,,,,,,,,,,,,,,,,,,,,,,,,,I,False,2022-03-10 08:28:47.276217+00:00
250,180003135,MOUNIKAPALI,08:28:46,2022-03-10,,,,EL,,X,,,,2019-01-08,,,CFR,Cost and Freight,,,,,7.0,,,,,,,,,,,,75.0,KG,,,,,,10.0,,,F2,,,,,E10001,,,,,,,,,,,,,,,,,,,,,,,,,,,,,,0000916521,,,,,,2022-03-10,,,,,,,,,,,,,,,,,,,,,,,,,,GW4AW00F7joeYOCrI6jbAm,,IDHDR,PST,PST,,,I,,VL31N,,,,,,,,,,,,,,,,,,,,,,,,,,,,,,,,,,,,,,,,,,,,,,,,,,,,,,,,,,,,,,,,I,False,2022-03-10 08:28:47.276217+00:00
250,180003136,MOUNIKAPALI,08:28:47,2022-03-10,,,,EL,,X,,,,2019-01-08,,,CFR,Cost and Freight,,,,,7.0,,,,,,,,,,,,75.0,KG,,,,,,10.0,,,F2,,,,,E10001,,,,,,,,,,,,,,,,,,,,,,,,,,,,,,0000916521,,,,,,2022-03-10,,,,,,,,,,,,,,,,,,,,,,,,,,GW4AW00F7joeYODRaRWbAm,,IDHDR,PST,PST,,,I,,VL31N,,,,,,,,,,,,,,,,,,,,,,,,,,,,,,,,,,,,,,,,,,,,,,,,,,,,,,,,,,,,,,,,I,False,2022-03-10 08:28:47.276217+00:00
250,180003143,MOUNIKAPALI,08:28:47,2022-03-10,,,,EL,,X,,,,2019-01-08,,,CFR,Cost and Freight,,,,,7.0,,,,,,,,,,,,75.0,KG,,,,,,10.0,,,F2,,,,,E10001,,,,,,,,,,,,,,,,,,,,,,,,,,,,,,0000916521,,,,,,2022-03-10,,,,,,,,,,,,,,,,,,,,,,,,,,GW4AW00F7joeYODRaRo5Am,,IDHDR,PST,PST,,,I,,VL31N,,,,,,,,,,,,,,,,,,,,,,,,,,,,,,,,,,,,,,,,,,,,,,,,,,,,,,,,,,,,,,,,I,False,2022-03-10 08:28:48.002514+00:00
250,180003147,MOUNIKAPALI,08:28:48,2022-03-10,,,,EL,,X,,,,2019-01-08,,,CFR,Cost and Freight,,,,,7.0,,,,,,,,,,,,75.0,KG,,,,,,10.0,,,F2,,,,,E10001,,,,,,,,,,,,,,,,,,,,,,,,,,,,,,0000916521,,,,,,2022-03-10,,,,,,,,,,,,,,,,,,,,,,,,,,GW4AW00F7joeYODRaRy5Am,,IDHDR,PST,PST,,,I,,VL31N,,,,,,,,,,,,,,,,,,,,,,,,,,,,,,,,,,,,,,,,,,,,,,,,,,,,,,,,,,,,,,,,I,False,2022-03-10 08:28:48.337505+00:00
250,180003156,MOUNIKAPALI,08:28:49,2022-03-10,,,,EL,,X,,,,2019-01-08,,,CFR,Cost and Freight,,,,,7.0,,,,,,,,,,,,75.0,KG,,,,,,10.0,,,F2,,,,,E10001,,,,,,,,,,,,,,,,,,,,,,,,,,,,,,0000916521,,,,,,2022-03-10,,,,,,,,,,,,,,,,,,,,,,,,,,GW4AW00F7joeYOE20Wd5Am,,IDHDR,PST,PST,,,I,,VL31N,,,,,,,,,,,,,,,,,,,,,,,,,,,,,,,,,,,,,,,,,,,,,,,,,,,,,,,,,,,,,,,,I,False,2022-03-10 08:28:49.266965+00:00
250,180003157,MOUNIKAPALI,08:28:49,2022-03-10,,,,EL,,X,,,,2019-01-08,,,CFR,Cost and Freight,,,,,7.0,,,,,,,,,,,,75.0,KG,,,,,,10.0,,,F2,,,,,E10001,,,,,,,,,,,,,,,,,,,,,,,,,,,,,,0000916521,,,,,,2022-03-10,,,,,,,,,,,,,,,,,,,,,,,,,,GW4AW00F7joeYOE20WfbAm,,IDHDR,PST,PST,,,I,,VL31N,,,,,,,,,,,,,,,,,,,,,,,,,,,,,,,,,,,,,,,,,,,,,,,,,,,,,,,,,,,,,,,,I,False,2022-03-10 08:28:49.591254+00:00
250,180003158,MOUNIKAPALI,08:28:49,2022-03-10,,,,EL,,X,,,,2019-01-08,,,CFR,Cost and Freight,,,,,7.0,,,,,,,,,,,,75.0,KG,,,,,,10.0,,,F2,,,,,E10001,,,,,,,,,,,,,,,,,,,,,,,,,,,,,,0000916521,,,,,,2022-03-10,,,,,,,,,,,,,,,,,,,,,,,,,,GW4AW00F7joeYOE20Wi5Am,,IDHDR,PST,PST,,,I,,VL31N,,,,,,,,,,,,,,,,,,,,,,,,,,,,,,,,,,,,,,,,,,,,,,,,,,,,,,,,,,,,,,,,I,False,2022-03-10 08:28:49.591254+00:00
250,180003165,MOUNIKAPALI,08:28:50,2022-03-10,,,,EL,,X,,,,2019-01-08,,,CFR,Cost and Freight,,,,,7.0,,,,,,,,,,,,75.0,KG,,,,,,10.0,,,F2,,,,,E10001,,,,,,,,,,,,,,,,,,,,,,,,,,,,,,0000916521,,,,,,2022-03-10,,,,,,,,,,,,,,,,,,,,,,,,,,GW4AW00F7joeYOE20WzbAm,,IDHDR,PST,PST,,,I,,VL31N,,,,,,,,,,,,,,,,,,,,,,,,,,,,,,,,,,,,,,,,,,,,,,,,,,,,,,,,,,,,,,,,I,False,2022-03-10 08:28:50.535938+00:00
250,180003176,MOUNIKAPALI,08:28:51,2022-03-10,,,,EL,,X,,,,2019-01-08,,,CFR,Cost and Freight,,,,,7.0,,,,,,,,,,,,75.0,KG,,,,,,10.0,,,F2,,,,,E10001,,,,,,,,,,,,,,,,,,,,,,,,,,,,,,0000916521,,,,,,2022-03-10,,,,,,,,,,,,,,,,,,,,,,,,,,GW4AW00F7joeYOEdk2K5Am,,IDHDR,PST,PST,,,I,,VL31N,,,,,,,,,,,,,,,,,,,,,,,,,,,,,,,,,,,,,,,,,,,,,,,,,,,,,,,,,,,,,,,,I,False,2022-03-10 08:28:51.536747+00:00
250,180003183,MOUNIKAPALI,08:28:52,2022-03-10,,,,EL,,X,,,,2019-01-08,,,CFR,Cost and Freight,,,,,7.0,,,,,,,,,,,,75.0,KG,,,,,,10.0,,,F2,,,,,E10001,,,,,,,,,,,,,,,,,,,,,,,,,,,,,,0000916521,,,,,,2022-03-10,,,,,,,,,,,,,,,,,,,,,,,,,,GW4AW00F7joeYOEdk2bbAm,,IDHDR,PST,PST,,,I,,VL31N,,,,,,,,,,,,,,,,,,,,,,,,,,,,,,,,,,,,,,,,,,,,,,,,,,,,,,,,,,,,,,,,I,False,2022-03-10 08:28:52.493694+00:00
250,180003194,MOUNIKAPALI,08:28:53,2022-03-10,,,,EL,,X,,,,2019-01-08,,,CFR,Cost and Freight,,,,,7.0,,,,,,,,,,,,75.0,KG,,,,,,10.0,,,F2,,,,,E10001,,,,,,,,,,,,,,,,,,,,,,,,,,,,,,0000916521,,,,,,2022-03-10,,,,,,,,,,,,,,,,,,,,,,,,,,GW4AW00F7joeYOFDuY4bAm,,IDHDR,PST,PST,,,I,,VL31N,,,,,,,,,,,,,,,,,,,,,,,,,,,,,,,,,,,,,,,,,,,,,,,,,,,,,,,,,,,,,,,,I,False,2022-03-10 08:28:53.526646+00:00
250,180003195,MOUNIKAPALI,08:28:53,2022-03-10,,,,EL,,X,,,,2019-01-08,,,CFR,Cost and Freight,,,,,7.0,,,,,,,,,,,,75.0,KG,,,,,,10.0,,,F2,,,,,E10001,,,,,,,,,,,,,,,,,,,,,,,,,,,,,,0000916521,,,,,,2022-03-10,,,,,,,,,,,,,,,,,,,,,,,,,,GW4AW00F7joeYOFDuY75Am,,IDHDR,PST,PST,,,I,,VL31N,,,,,,,,,,,,,,,,,,,,,,,,,,,,,,,,,,,,,,,,,,,,,,,,,,,,,,,,,,,,,,,,I,False,2022-03-10 08:28:53.879402+00:00
250,180003196,MOUNIKAPALI,08:28:53,2022-03-10,,,,EL,,X,,,,2019-01-08,,,CFR,Cost and Freight,,,,,7.0,,,,,,,,,,,,75.0,KG,,,,,,10.0,,,F2,,,,,E10001,,,,,,,,,,,,,,,,,,,,,,,,,,,,,,0000916521,,,,,,2022-03-10,,,,,,,,,,,,,,,,,,,,,,,,,,GW4AW00F7joeYOFDuY9bAm,,IDHDR,PST,PST,,,I,,VL31N,,,,,,,,,,,,,,,,,,,,,,,,,,,,,,,,,,,,,,,,,,,,,,,,,,,,,,,,,,,,,,,,I,False,2022-03-10 08:28:53.879402+00:00
250,180003203,MOUNIKAPALI,08:28:54,2022-03-10,,,,EL,,X,,,,2019-01-08,,,CFR,Cost and Freight,,,,,7.0,,,,,,,,,,,,75.0,KG,,,,,,10.0,,,F2,,,,,E10001,,,,,,,,,,,,,,,,,,,,,,,,,,,,,,0000916521,,,,,,2022-03-10,,,,,,,,,,,,,,,,,,,,,,,,,,GW4AW00F7joeYOFDuYR5Am,,IDHDR,PST,PST,,,I,,VL31N,,,,,,,,,,,,,,,,,,,,,,,,,,,,,,,,,,,,,,,,,,,,,,,,,,,,,,,,,,,,,,,,I,False,2022-03-10 08:28:54.481501+00:00
250,180003212,MOUNIKAPALI,08:28:55,2022-03-10,,,,EL,,X,,,,2019-01-08,,,CFR,Cost and Freight,,,,,7.0,,,,,,,,,,,,75.0,KG,,,,,,10.0,,,F2,,,,,E10001,,,,,,,,,,,,,,,,,,,,,,,,,,,,,,0000916521,,,,,,2022-03-10,,,,,,,,,,,,,,,,,,,,,,,,,,GW4AW00F7joeYOFpqr25Am,,IDHDR,PST,PST,,,I,,VL31N,,,,,,,,,,,,,,,,,,,,,,,,,,,,,,,,,,,,,,,,,,,,,,,,,,,,,,,,,,,,,,,,I,False,2022-03-10 08:28:55.435653+00:00
250,180003223,MOUNIKAPALI,08:28:56,2022-03-10,,,,EL,,X,,,,2019-01-08,,,CFR,Cost and Freight,,,,,7.0,,,,,,,,,,,,75.0,KG,,,,,,10.0,,,F2,,,,,E10001,,,,,,,,,,,,,,,,,,,,,,,,,,,,,,0000916521,,,,,,2022-03-10,,,,,,,,,,,,,,,,,,,,,,,,,,GW4AW00F7joeYOFpqrTbAm,,IDHDR,PST,PST,,,I,,VL31N,,,,,,,,,,,,,,,,,,,,,,,,,,,,,,,,,,,,,,,,,,,,,,,,,,,,,,,,,,,,,,,,I,False,2022-03-10 08:28:56.639522+00:00
250,180003224,MOUNIKAPALI,08:28:56,2022-03-10,,,,EL,,X,,,,2019-01-08,,,CFR,Cost and Freight,,,,,7.0,,,,,,,,,,,,75.0,KG,,,,,,10.0,,,F2,,,,,E10001,,,,,,,,,,,,,,,,,,,,,,,,,,,,,,0000916521,,,,,,2022-03-10,,,,,,,,,,,,,,,,,,,,,,,,,,GW4AW00F7joeYOFpqrW5Am,,IDHDR,PST,PST,,,I,,VL31N,,,,,,,,,,,,,,,,,,,,,,,,,,,,,,,,,,,,,,,,,,,,,,,,,,,,,,,,,,,,,,,,I,False,2022-03-10 08:28:56.639522+00:00
250,180003225,MOUNIKAPALI,08:28:56,2022-03-10,,,,EL,,X,,,,2019-01-08,,,CFR,Cost and Freight,,,,,7.0,,,,,,,,,,,,75.0,KG,,,,,,10.0,,,F2,,,,,E10001,,,,,,,,,,,,,,,,,,,,,,,,,,,,,,0000916521,,,,,,2022-03-10,,,,,,,,,,,,,,,,,,,,,,,,,,GW4AW00F7joeYOFpqrYbAm,,IDHDR,PST,PST,,,I,,VL31N,,,,,,,,,,,,,,,,,,,,,,,,,,,,,,,,,,,,,,,,,,,,,,,,,,,,,,,,,,,,,,,,I,False,2022-03-10 08:28:56.639522+00:00
250,180003232,MOUNIKAPALI,08:28:57,2022-03-10,,,,EL,,X,,,,2019-01-08,,,CFR,Cost and Freight,,,,,7.0,,,,,,,,,,,,75.0,KG,,,,,,10.0,,,F2,,,,,E10001,,,,,,,,,,,,,,,,,,,,,,,,,,,,,,0000916521,,,,,,2022-03-10,,,,,,,,,,,,,,,,,,,,,,,,,,GW4AW00F7joeYOGQC9X5Am,,IDHDR,PST,PST,,,I,,VL31N,,,,,,,,,,,,,,,,,,,,,,,,,,,,,,,,,,,,,,,,,,,,,,,,,,,,,,,,,,,,,,,,I,False,2022-03-10 08:28:57.539289+00:00
250,180003241,MOUNIKAPALI,08:28:58,2022-03-10,,,,EL,,X,,,,2019-01-08,,,CFR,Cost and Freight,,,,,7.0,,,,,,,,,,,,75.0,KG,,,,,,10.0,,,F2,,,,,E10001,,,,,,,,,,,,,,,,,,,,,,,,,,,,,,0000916521,,,,,,2022-03-10,,,,,,,,,,,,,,,,,,,,,,,,,,GW4AW00F7joeYOGQC9tbAm,,IDHDR,PST,PST,,,I,,VL31N,,,,,,,,,,,,,,,,,,,,,,,,,,,,,,,,,,,,,,,,,,,,,,,,,,,,,,,,,,,,,,,,I,False,2022-03-10 08:28:58.539866+00:00
250,180003242,MOUNIKAPALI,08:28:58,2022-03-10,,,,EL,,X,,,,2019-01-08,,,CFR,Cost and Freight,,,,,7.0,,,,,,,,,,,,75.0,KG,,,,,,10.0,,,F2,,,,,E10001,,,,,,,,,,,,,,,,,,,,,,,,,,,,,,0000916521,,,,,,2022-03-10,,,,,,,,,,,,,,,,,,,,,,,,,,GW4AW00F7joeYOGQC9w5Am,,IDHDR,PST,PST,,,I,,VL31N,,,,,,,,,,,,,,,,,,,,,,,,,,,,,,,,,,,,,,,,,,,,,,,,,,,,,,,,,,,,,,,,I,False,2022-03-10 08:28:58.539866+00:00
250,180003243,MOUNIKAPALI,08:28:58,2022-03-10,,,,EL,,X,,,,2019-01-08,,,CFR,Cost and Freight,,,,,7.0,,,,,,,,,,,,75.0,KG,,,,,,10.0,,,F2,,,,,E10001,,,,,,,,,,,,,,,,,,,,,,,,,,,,,,0000916521,,,,,,2022-03-10,,,,,,,,,,,,,,,,,,,,,,,,,,GW4AW00F7joeYOGQC9ybAm,,IDHDR,PST,PST,,,I,,VL31N,,,,,,,,,,,,,,,,,,,,,,,,,,,,,,,,,,,,,,,,,,,,,,,,,,,,,,,,,,,,,,,,I,False,2022-03-10 08:28:58.539866+00:00
250,180003250,MOUNIKAPALI,08:28:59,2022-03-10,,,,EL,,X,,,,2019-01-08,,,CFR,Cost and Freight,,,,,7.0,,,,,,,,,,,,75.0,KG,,,,,,10.0,,,F2,,,,,E10001,,,,,,,,,,,,,,,,,,,,,,,,,,,,,,0000916521,,,,,,2022-03-10,,,,,,,,,,,,,,,,,,,,,,,,,,GW4AW00F7joeYOH08usbAm,,IDHDR,PST,PST,,,I,,VL31N,,,,,,,,,,,,,,,,,,,,,,,,,,,,,,,,,,,,,,,,,,,,,,,,,,,,,,,,,,,,,,,,I,False,2022-03-10 08:28:59.450908+00:00
250,180003261,MOUNIKAPALI,08:29:00,2022-03-10,,,,EL,,X,,,,2019-01-08,,,CFR,Cost and Freight,,,,,7.0,,,,,,,,,,,,75.0,KG,,,,,,10.0,,,F2,,,,,E10001,,,,,,,,,,,,,,,,,,,,,,,,,,,,,,0000916521,,,,,,2022-03-10,,,,,,,,,,,,,,,,,,,,,,,,,,GW4AW00F7joeYOH08vI5Am,,IDHDR,PST,PST,,,I,,VL31N,,,,,,,,,,,,,,,,,,,,,,,,,,,,,,,,,,,,,,,,,,,,,,,,,,,,,,,,,,,,,,,,I,False,2022-03-10 08:29:00.381665+00:00
250,180003262,MOUNIKAPALI,08:29:00,2022-03-10,,,,EL,,X,,,,2019-01-08,,,CFR,Cost and Freight,,,,,7.0,,,,,,,,,,,,75.0,KG,,,,,,10.0,,,F2,,,,,E10001,,,,,,,,,,,,,,,,,,,,,,,,,,,,,,0000916521,,,,,,2022-03-10,,,,,,,,,,,,,,,,,,,,,,,,,,GW4AW00F7joeYOH08vKbAm,,IDHDR,PST,PST,,,I,,VL31N,,,,,,,,,,,,,,,,,,,,,,,,,,,,,,,,,,,,,,,,,,,,,,,,,,,,,,,,,,,,,,,,I,False,2022-03-10 08:29:00.677469+00:00
250,180003263,MOUNIKAPALI,08:29:00,2022-03-10,,,,EL,,X,,,,2019-01-08,,,CFR,Cost and Freight,,,,,7.0,,,,,,,,,,,,75.0,KG,,,,,,10.0,,,F2,,,,,E10001,,,,,,,,,,,,,,,,,,,,,,,,,,,,,,0000916521,,,,,,2022-03-10,,,,,,,,,,,,,,,,,,,,,,,,,,GW4AW00F7joeYOH08vN5Am,,IDHDR,PST,PST,,,I,,VL31N,,,,,,,,,,,,,,,,,,,,,,,,,,,,,,,,,,,,,,,,,,,,,,,,,,,,,,,,,,,,,,,,I,False,2022-03-10 08:29:00.677469+00:00
250,180003265,MOUNIKAPALI,08:29:00,2022-03-10,,,,EL,,X,,,,2019-01-08,,,CFR,Cost and Freight,,,,,7.0,,,,,,,,,,,,75.0,KG,,,,,,10.0,,,F2,,,,,E10001,,,,,,,,,,,,,,,,,,,,,,,,,,,,,,0000916521,,,,,,2022-03-10,,,,,,,,,,,,,,,,,,,,,,,,,,GW4AW00F7joeYOH08vS5Am,,IDHDR,PST,PST,,,I,,VL31N,,,,,,,,,,,,,,,,,,,,,,,,,,,,,,,,,,,,,,,,,,,,,,,,,,,,,,,,,,,,,,,,I,False,2022-03-10 08:29:00.990983+00:00
250,180003272,MOUNIKAPALI,08:29:01,2022-03-10,,,,EL,,X,,,,2019-01-08,,,CFR,Cost and Freight,,,,,7.0,,,,,,,,,,,,75.0,KG,,,,,,10.0,,,F2,,,,,E10001,,,,,,,,,,,,,,,,,,,,,,,,,,,,,,0000916521,,,,,,2022-03-10,,,,,,,,,,,,,,,,,,,,,,,,,,GW4AW00F7joeYOHcDT85Am,,IDHDR,PST,PST,,,I,,VL31N,,,,,,,,,,,,,,,,,,,,,,,,,,,,,,,,,,,,,,,,,,,,,,,,,,,,,,,,,,,,,,,,I,False,2022-03-10 08:29:01.589964+00:00
250,180003283,MOUNIKAPALI,08:29:02,2022-03-10,,,,EL,,X,,,,2019-01-08,,,CFR,Cost and Freight,,,,,7.0,,,,,,,,,,,,75.0,KG,,,,,,10.0,,,F2,,,,,E10001,,,,,,,,,,,,,,,,,,,,,,,,,,,,,,0000916521,,,,,,2022-03-10,,,,,,,,,,,,,,,,,,,,,,,,,,GW4AW00F7joeYOHcDTZbAm,,IDHDR,PST,PST,,,I,,VL31N,,,,,,,,,,,,,,,,,,,,,,,,,,,,,,,,,,,,,,,,,,,,,,,,,,,,,,,,,,,,,,,,I,False,2022-03-10 08:29:02.854606+00:00
250,180003284,MOUNIKAPALI,08:29:02,2022-03-10,,,,EL,,X,,,,2019-01-08,,,CFR,Cost and Freight,,,,,7.0,,,,,,,,,,,,75.0,KG,,,,,,10.0,,,F2,,,,,E10001,,,,,,,,,,,,,,,,,,,,,,,,,,,,,,0000916521,,,,,,2022-03-10,,,,,,,,,,,,,,,,,,,,,,,,,,GW4AW00F7joeYOHcDTc5Am,,IDHDR,PST,PST,,,I,,VL31N,,,,,,,,,,,,,,,,,,,,,,,,,,,,,,,,,,,,,,,,,,,,,,,,,,,,,,,,,,,,,,,,I,False,2022-03-10 08:29:02.854606+00:00
250,180003285,MOUNIKAPALI,08:29:02,2022-03-10,,,,EL,,X,,,,2019-01-08,,,CFR,Cost and Freight,,,,,7.0,,,,,,,,,,,,75.0,KG,,,,,,10.0,,,F2,,,,,E10001,,,,,,,,,,,,,,,,,,,,,,,,,,,,,,0000916521,,,,,,2022-03-10,,,,,,,,,,,,,,,,,,,,,,,,,,GW4AW00F7joeYOHcDTebAm,,IDHDR,PST,PST,,,I,,VL31N,,,,,,,,,,,,,,,,,,,,,,,,,,,,,,,,,,,,,,,,,,,,,,,,,,,,,,,,,,,,,,,,I,False,2022-03-10 08:29:02.854606+00:00
250,180003292,MOUNIKAPALI,08:29:03,2022-03-10,,,,EL,,X,,,,2019-01-08,,,CFR,Cost and Freight,,,,,7.0,,,,,,,,,,,,75.0,KG,,,,,,10.0,,,F2,,,,,E10001,,,,,,,,,,,,,,,,,,,,,,,,,,,,,,0000916521,,,,,,2022-03-10,,,,,,,,,,,,,,,,,,,,,,,,,,GW4AW00F7joeYOICTqibAm,,IDHDR,PST,PST,,,I,,VL31N,,,,,,,,,,,,,,,,,,,,,,,,,,,,,,,,,,,,,,,,,,,,,,,,,,,,,,,,,,,,,,,,I,False,2022-03-10 08:29:03.793948+00:00
250,180003301,MOUNIKAPALI,08:29:04,2022-03-10,,,,EL,,X,,,,2019-01-08,,,CFR,Cost and Freight,,,,,7.0,,,,,,,,,,,,75.0,KG,,,,,,10.0,,,F2,,,,,E10001,,,,,,,,,,,,,,,,,,,,,,,,,,,,,,0000916521,,,,,,2022-03-10,,,,,,,,,,,,,,,,,,,,,,,,,,GW4AW00F7joeYOICTr35Am,,IDHDR,PST,PST,,,I,,VL31N,,,,,,,,,,,,,,,,,,,,,,,,,,,,,,,,,,,,,,,,,,,,,,,,,,,,,,,,,,,,,,,,I,False,2022-03-10 08:29:04.527274+00:00
250,180003302,MOUNIKAPALI,08:29:04,2022-03-10,,,,EL,,X,,,,2019-01-08,,,CFR,Cost and Freight,,,,,7.0,,,,,,,,,,,,75.0,KG,,,,,,10.0,,,F2,,,,,E10001,,,,,,,,,,,,,,,,,,,,,,,,,,,,,,0000916521,,,,,,2022-03-10,,,,,,,,,,,,,,,,,,,,,,,,,,GW4AW00F7joeYOICTr5bAm,,IDHDR,PST,PST,,,I,,VL31N,,,,,,,,,,,,,,,,,,,,,,,,,,,,,,,,,,,,,,,,,,,,,,,,,,,,,,,,,,,,,,,,I,False,2022-03-10 08:29:04.853535+00:00
250,180003303,MOUNIKAPALI,08:29:04,2022-03-10,,,,EL,,X,,,,2019-01-08,,,CFR,Cost and Freight,,,,,7.0,,,,,,,,,,,,75.0,KG,,,,,,10.0,,,F2,,,,,E10001,,,,,,,,,,,,,,,,,,,,,,,,,,,,,,0000916521,,,,,,2022-03-10,,,,,,,,,,,,,,,,,,,,,,,,,,GW4AW00F7joeYOICTr85Am,,IDHDR,PST,PST,,,I,,VL31N,,,,,,,,,,,,,,,,,,,,,,,,,,,,,,,,,,,,,,,,,,,,,,,,,,,,,,,,,,,,,,,,I,False,2022-03-10 08:29:04.853535+00:00
250,180003310,MOUNIKAPALI,08:29:05,2022-03-10,,,,EL,,X,,,,2019-01-08,,,CFR,Cost and Freight,,,,,7.0,,,,,,,,,,,,75.0,KG,,,,,,10.0,,,F2,,,,,E10001,,,,,,,,,,,,,,,,,,,,,,,,,,,,,,0000916521,,,,,,2022-03-10,,,,,,,,,,,,,,,,,,,,,,,,,,GW4AW00F7joeYOIofKj5Am,,IDHDR,PST,PST,,,I,,VL31N,,,,,,,,,,,,,,,,,,,,,,,,,,,,,,,,,,,,,,,,,,,,,,,,,,,,,,,,,,,,,,,,I,False,2022-03-10 08:29:05.451449+00:00
250,180003321,MOUNIKAPALI,08:29:06,2022-03-10,,,,EL,,X,,,,2019-01-08,,,CFR,Cost and Freight,,,,,7.0,,,,,,,,,,,,75.0,KG,,,,,,10.0,,,F2,,,,,E10001,,,,,,,,,,,,,,,,,,,,,,,,,,,,,,0000916521,,,,,,2022-03-10,,,,,,,,,,,,,,,,,,,,,,,,,,GW4AW00F7joeYOIofL8bAm,,IDHDR,PST,PST,,,I,,VL31N,,,,,,,,,,,,,,,,,,,,,,,,,,,,,,,,,,,,,,,,,,,,,,,,,,,,,,,,,,,,,,,,I,False,2022-03-10 08:29:06.699143+00:00
250,180003322,MOUNIKAPALI,08:29:06,2022-03-10,,,,EL,,X,,,,2019-01-08,,,CFR,Cost and Freight,,,,,7.0,,,,,,,,,,,,75.0,KG,,,,,,10.0,,,F2,,,,,E10001,,,,,,,,,,,,,,,,,,,,,,,,,,,,,,0000916521,,,,,,2022-03-10,,,,,,,,,,,,,,,,,,,,,,,,,,GW4AW00F7joeYOIofLB5Am,,IDHDR,PST,PST,,,I,,VL31N,,,,,,,,,,,,,,,,,,,,,,,,,,,,,,,,,,,,,,,,,,,,,,,,,,,,,,,,,,,,,,,,I,False,2022-03-10 08:29:06.699143+00:00
250,180003326,MOUNIKAPALI,08:29:06,2022-03-10,,,,EL,,X,,,,2019-01-08,,,CFR,Cost and Freight,,,,,7.0,,,,,,,,,,,,75.0,KG,,,,,,10.0,,,F2,,,,,E10001,,,,,,,,,,,,,,,,,,,,,,,,,,,,,,0000916521,,,,,,2022-03-10,,,,,,,,,,,,,,,,,,,,,,,,,,GW4AW00F7joeYOIofLL5Am,,IDHDR,PST,PST,,,I,,VL31N,,,,,,,,,,,,,,,,,,,,,,,,,,,,,,,,,,,,,,,,,,,,,,,,,,,,,,,,,,,,,,,,I,False,2022-03-10 08:29:07.296107+00:00
250,180003337,MOUNIKAPALI,08:29:08,2022-03-10,,,,EL,,X,,,,2019-01-08,,,CFR,Cost and Freight,,,,,7.0,,,,,,,,,,,,75.0,KG,,,,,,10.0,,,F2,,,,,E10001,,,,,,,,,,,,,,,,,,,,,,,,,,,,,,0000916521,,,,,,2022-03-10,,,,,,,,,,,,,,,,,,,,,,,,,,GW4AW00F7joeYOJOru5bAm,,IDHDR,PST,PST,,,I,,VL31N,,,,,,,,,,,,,,,,,,,,,,,,,,,,,,,,,,,,,,,,,,,,,,,,,,,,,,,,,,,,,,,,I,False,2022-03-10 08:29:08.195167+00:00
250,180003338,MOUNIKAPALI,08:29:08,2022-03-10,,,,EL,,X,,,,2019-01-08,,,CFR,Cost and Freight,,,,,7.0,,,,,,,,,,,,75.0,KG,,,,,,10.0,,,F2,,,,,E10001,,,,,,,,,,,,,,,,,,,,,,,,,,,,,,0000916521,,,,,,2022-03-10,,,,,,,,,,,,,,,,,,,,,,,,,,GW4AW00F7joeYOJOru85Am,,IDHDR,PST,PST,,,I,,VL31N,,,,,,,,,,,,,,,,,,,,,,,,,,,,,,,,,,,,,,,,,,,,,,,,,,,,,,,,,,,,,,,,I,False,2022-03-10 08:29:08.481969+00:00
250,180003339,MOUNIKAPALI,08:29:08,2022-03-10,,,,EL,,X,,,,2019-01-08,,,CFR,Cost and Freight,,,,,7.0,,,,,,,,,,,,75.0,KG,,,,,,10.0,,,F2,,,,,E10001,,,,,,,,,,,,,,,,,,,,,,,,,,,,,,0000916521,,,,,,2022-03-10,,,,,,,,,,,,,,,,,,,,,,,,,,GW4AW00F7joeYOJOruAbAm,,IDHDR,PST,PST,,,I,,VL31N,,,,,,,,,,,,,,,,,,,,,,,,,,,,,,,,,,,,,,,,,,,,,,,,,,,,,,,,,,,,,,,,I,False,2022-03-10 08:29:08.481969+00:00
250,180003346,MOUNIKAPALI,08:29:08,2022-03-10,,,,EL,,X,,,,2019-01-08,,,CFR,Cost and Freight,,,,,7.0,,,,,,,,,,,,75.0,KG,,,,,,10.0,,,F2,,,,,E10001,,,,,,,,,,,,,,,,,,,,,,,,,,,,,,0000916521,,,,,,2022-03-10,,,,,,,,,,,,,,,,,,,,,,,,,,GW4AW00F7joeYOJ{xka5Am,,IDHDR,PST,PST,,,I,,VL31N,,,,,,,,,,,,,,,,,,,,,,,,,,,,,,,,,,,,,,,,,,,,,,,,,,,,,,,,,,,,,,,,I,False,2022-03-10 08:29:09.130211+00:00
250,180003355,MOUNIKAPALI,08:29:09,2022-03-10,,,,EL,,X,,,,2019-01-08,,,CFR,Cost and Freight,,,,,7.0,,,,,,,,,,,,75.0,KG,,,,,,10.0,,,F2,,,,,E10001,,,,,,,,,,,,,,,,,,,,,,,,,,,,,,0000916521,,,,,,2022-03-10,,,,,,,,,,,,,,,,,,,,,,,,,,GW4AW00F7joeYOJ{xkwbAm,,IDHDR,PST,PST,,,I,,VL31N,,,,,,,,,,,,,,,,,,,,,,,,,,,,,,,,,,,,,,,,,,,,,,,,,,,,,,,,,,,,,,,,I,False,2022-03-10 08:29:10.026301+00:00
250,180003356,MOUNIKAPALI,08:29:10,2022-03-10,,,,EL,,X,,,,2019-01-08,,,CFR,Cost and Freight,,,,,7.0,,,,,,,,,,,,75.0,KG,,,,,,10.0,,,F2,,,,,E10001,,,,,,,,,,,,,,,,,,,,,,,,,,,,,,0000916521,,,,,,2022-03-10,,,,,,,,,,,,,,,,,,,,,,,,,,GW4AW00F7joeYOJ{xkz5Am,,IDHDR,PST,PST,,,I,,VL31N,,,,,,,,,,,,,,,,,,,,,,,,,,,,,,,,,,,,,,,,,,,,,,,,,,,,,,,,,,,,,,,,I,False,2022-03-10 08:29:10.306582+00:00
250,180003357,MOUNIKAPALI,08:29:10,2022-03-10,,,,EL,,X,,,,2019-01-08,,,CFR,Cost and Freight,,,,,7.0,,,,,,,,,,,,75.0,KG,,,,,,10.0,,,F2,,,,,E10001,,,,,,,,,,,,,,,,,,,,,,,,,,,,,,0000916521,,,,,,2022-03-10,,,,,,,,,,,,,,,,,,,,,,,,,,GW4AW00F7joeYOJ{xk}bAm,,IDHDR,PST,PST,,,I,,VL31N,,,,,,,,,,,,,,,,,,,,,,,,,,,,,,,,,,,,,,,,,,,,,,,,,,,,,,,,,,,,,,,,I,False,2022-03-10 08:29:10.306582+00:00
250,180003364,MOUNIKAPALI,08:29:10,2022-03-10,,,,EL,,X,,,,2019-01-08,,,CFR,Cost and Freight,,,,,7.0,,,,,,,,,,,,75.0,KG,,,,,,10.0,,,F2,,,,,E10001,,,,,,,,,,,,,,,,,,,,,,,,,,,,,,0000916521,,,,,,2022-03-10,,,,,,,,,,,,,,,,,,,,,,,,,,GW4AW00F7joeYOJ{xlH5Am,,IDHDR,PST,PST,,,I,,VL31N,,,,,,,,,,,,,,,,,,,,,,,,,,,,,,,,,,,,,,,,,,,,,,,,,,,,,,,,,,,,,,,,I,False,2022-03-10 08:29:11.234669+00:00
250,180003375,MOUNIKAPALI,08:29:12,2022-03-10,,,,EL,,X,,,,2019-01-08,,,CFR,Cost and Freight,,,,,7.0,,,,,,,,,,,,75.0,KG,,,,,,10.0,,,F2,,,,,E10001,,,,,,,,,,,,,,,,,,,,,,,,,,,,,,0000916521,,,,,,2022-03-10,,,,,,,,,,,,,,,,,,,,,,,,,,GW4AW00F7joeYOKbDjY5Am,,IDHDR,PST,PST,,,I,,VL31N,,,,,,,,,,,,,,,,,,,,,,,,,,,,,,,,,,,,,,,,,,,,,,,,,,,,,,,,,,,,,,,,I,False,2022-03-10 08:29:12.197544+00:00
250,180003376,MOUNIKAPALI,08:29:12,2022-03-10,,,,EL,,X,,,,2019-01-08,,,CFR,Cost and Freight,,,,,7.0,,,,,,,,,,,,75.0,KG,,,,,,10.0,,,F2,,,,,E10001,,,,,,,,,,,,,,,,,,,,,,,,,,,,,,0000916521,,,,,,2022-03-10,,,,,,,,,,,,,,,,,,,,,,,,,,GW4AW00F7joeYOKbDjabAm,,IDHDR,PST,PST,,,I,,VL31N,,,,,,,,,,,,,,,,,,,,,,,,,,,,,,,,,,,,,,,,,,,,,,,,,,,,,,,,,,,,,,,,I,False,2022-03-10 08:29:12.197544+00:00
250,180003377,MOUNIKAPALI,08:29:12,2022-03-10,,,,EL,,X,,,,2019-01-08,,,CFR,Cost and Freight,,,,,7.0,,,,,,,,,,,,75.0,KG,,,,,,10.0,,,F2,,,,,E10001,,,,,,,,,,,,,,,,,,,,,,,,,,,,,,0000916521,,,,,,2022-03-10,,,,,,,,,,,,,,,,,,,,,,,,,,GW4AW00F7joeYOKbDjd5Am,,IDHDR,PST,PST,,,I,,VL31N,,,,,,,,,,,,,,,,,,,,,,,,,,,,,,,,,,,,,,,,,,,,,,,,,,,,,,,,,,,,,,,,I,False,2022-03-10 08:29:12.468231+00:00
250,180003386,MOUNIKAPALI,08:29:13,2022-03-10,,,,EL,,X,,,,2019-01-08,,,CFR,Cost and Freight,,,,,7.0,,,,,,,,,,,,75.0,KG,,,,,,10.0,,,F2,,,,,E10001,,,,,,,,,,,,,,,,,,,,,,,,,,,,,,0000916521,,,,,,2022-03-10,,,,,,,,,,,,,,,,,,,,,,,,,,GW4AW00F7joeYOLBOxE5Am,,IDHDR,PST,PST,,,I,,VL31N,,,,,,,,,,,,,,,,,,,,,,,,,,,,,,,,,,,,,,,,,,,,,,,,,,,,,,,,,,,,,,,,I,False,2022-03-10 08:29:13.354361+00:00
250,180003397,MOUNIKAPALI,08:29:14,2022-03-10,,,,EL,,X,,,,2019-01-08,,,CFR,Cost and Freight,,,,,7.0,,,,,,,,,,,,75.0,KG,,,,,,10.0,,,F2,,,,,E10001,,,,,,,,,,,,,,,,,,,,,,,,,,,,,,0000916521,,,,,,2022-03-10,,,,,,,,,,,,,,,,,,,,,,,,,,GW4AW00F7joeYOLBOxfbAm,,IDHDR,PST,PST,,,I,,VL31N,,,,,,,,,,,,,,,,,,,,,,,,,,,,,,,,,,,,,,,,,,,,,,,,,,,,,,,,,,,,,,,,I,False,2022-03-10 08:29:14.617869+00:00
250,180003398,MOUNIKAPALI,08:29:14,2022-03-10,,,,EL,,X,,,,2019-01-08,,,CFR,Cost and Freight,,,,,7.0,,,,,,,,,,,,75.0,KG,,,,,,10.0,,,F2,,,,,E10001,,,,,,,,,,,,,,,,,,,,,,,,,,,,,,0000916521,,,,,,2022-03-10,,,,,,,,,,,,,,,,,,,,,,,,,,GW4AW00F7joeYOLBOxi5Am,,IDHDR,PST,PST,,,I,,VL31N,,,,,,,,,,,,,,,,,,,,,,,,,,,,,,,,,,,,,,,,,,,,,,,,,,,,,,,,,,,,,,,,I,False,2022-03-10 08:29:14.617869+00:00
250,180003399,MOUNIKAPALI,08:29:14,2022-03-10,,,,EL,,X,,,,2019-01-08,,,CFR,Cost and Freight,,,,,7.0,,,,,,,,,,,,75.0,KG,,,,,,10.0,,,F2,,,,,E10001,,,,,,,,,,,,,,,,,,,,,,,,,,,,,,0000916521,,,,,,2022-03-10,,,,,,,,,,,,,,,,,,,,,,,,,,GW4AW00F7joeYOLBOxkbAm,,IDHDR,PST,PST,,,I,,VL31N,,,,,,,,,,,,,,,,,,,,,,,,,,,,,,,,,,,,,,,,,,,,,,,,,,,,,,,,,,,,,,,,I,False,2022-03-10 08:29:14.617869+00:00
250,180003406,MOUNIKAPALI,08:29:15,2022-03-10,,,,EL,,X,,,,2019-01-08,,,CFR,Cost and Freight,,,,,7.0,,,,,,,,,,,,75.0,KG,,,,,,10.0,,,F2,,,,,E10001,,,,,,,,,,,,,,,,,,,,,,,,,,,,,,0000916521,,,,,,2022-03-10,,,,,,,,,,,,,,,,,,,,,,,,,,GW4AW00F7joeYOLnUO85Am,,IDHDR,PST,PST,,,I,,VL31N,,,,,,,,,,,,,,,,,,,,,,,,,,,,,,,,,,,,,,,,,,,,,,,,,,,,,,,,,,,,,,,,I,False,2022-03-10 08:29:15.602167+00:00
250,180003415,MOUNIKAPALI,08:29:16,2022-03-10,,,,EL,,X,,,,2019-01-08,,,CFR,Cost and Freight,,,,,7.0,,,,,,,,,,,,75.0,KG,,,,,,10.0,,,F2,,,,,E10001,,,,,,,,,,,,,,,,,,,,,,,,,,,,,,0000916521,,,,,,2022-03-10,,,,,,,,,,,,,,,,,,,,,,,,,,GW4AW00F7joeYOLnUOUbAm,,IDHDR,PST,PST,,,I,,VL31N,,,,,,,,,,,,,,,,,,,,,,,,,,,,,,,,,,,,,,,,,,,,,,,,,,,,,,,,,,,,,,,,I,False,2022-03-10 08:29:16.266792+00:00
250,180003416,MOUNIKAPALI,08:29:16,2022-03-10,,,,EL,,X,,,,2019-01-08,,,CFR,Cost and Freight,,,,,7.0,,,,,,,,,,,,75.0,KG,,,,,,10.0,,,F2,,,,,E10001,,,,,,,,,,,,,,,,,,,,,,,,,,,,,,0000916521,,,,,,2022-03-10,,,,,,,,,,,,,,,,,,,,,,,,,,GW4AW00F7joeYOLnUOX5Am,,IDHDR,PST,PST,,,I,,VL31N,,,,,,,,,,,,,,,,,,,,,,,,,,,,,,,,,,,,,,,,,,,,,,,,,,,,,,,,,,,,,,,,I,False,2022-03-10 08:29:16.644133+00:00
250,180003417,MOUNIKAPALI,08:29:16,2022-03-10,,,,EL,,X,,,,2019-01-08,,,CFR,Cost and Freight,,,,,7.0,,,,,,,,,,,,75.0,KG,,,,,,10.0,,,F2,,,,,E10001,,,,,,,,,,,,,,,,,,,,,,,,,,,,,,0000916521,,,,,,2022-03-10,,,,,,,,,,,,,,,,,,,,,,,,,,GW4AW00F7joeYOLnUOZbAm,,IDHDR,PST,PST,,,I,,VL31N,,,,,,,,,,,,,,,,,,,,,,,,,,,,,,,,,,,,,,,,,,,,,,,,,,,,,,,,,,,,,,,,I,False,2022-03-10 08:29:16.644133+00:00
250,180003424,MOUNIKAPALI,08:29:17,2022-03-10,,,,EL,,X,,,,2019-01-08,,,CFR,Cost and Freight,,,,,7.0,,,,,,,,,,,,75.0,KG,,,,,,10.0,,,F2,,,,,E10001,,,,,,,,,,,,,,,,,,,,,,,,,,,,,,0000916521,,,,,,2022-03-10,,,,,,,,,,,,,,,,,,,,,,,,,,GW4AW00F7joeYOMNkr0bAm,,IDHDR,PST,PST,,,I,,VL31N,,,,,,,,,,,,,,,,,,,,,,,,,,,,,,,,,,,,,,,,,,,,,,,,,,,,,,,,,,,,,,,,I,False,2022-03-10 08:29:17.217898+00:00
250,180003435,MOUNIKAPALI,08:29:18,2022-03-10,,,,EL,,X,,,,2019-01-08,,,CFR,Cost and Freight,,,,,7.0,,,,,,,,,,,,75.0,KG,,,,,,10.0,,,F2,,,,,E10001,,,,,,,,,,,,,,,,,,,,,,,,,,,,,,0000916521,,,,,,2022-03-10,,,,,,,,,,,,,,,,,,,,,,,,,,GW4AW00F7joeYOMNkrS5Am,,IDHDR,PST,PST,,,I,,VL31N,,,,,,,,,,,,,,,,,,,,,,,,,,,,,,,,,,,,,,,,,,,,,,,,,,,,,,,,,,,,,,,,I,False,2022-03-10 08:29:18.442036+00:00
250,180003436,MOUNIKAPALI,08:29:18,2022-03-10,,,,EL,,X,,,,2019-01-08,,,CFR,Cost and Freight,,,,,7.0,,,,,,,,,,,,75.0,KG,,,,,,10.0,,,F2,,,,,E10001,,,,,,,,,,,,,,,,,,,,,,,,,,,,,,0000916521,,,,,,2022-03-10,,,,,,,,,,,,,,,,,,,,,,,,,,GW4AW00F7joeYOMNkrUbAm,,IDHDR,PST,PST,,,I,,VL31N,,,,,,,,,,,,,,,,,,,,,,,,,,,,,,,,,,,,,,,,,,,,,,,,,,,,,,,,,,,,,,,,I,False,2022-03-10 08:29:18.759013+00:00
250,180003437,MOUNIKAPALI,08:29:18,2022-03-10,,,,EL,,X,,,,2019-01-08,,,CFR,Cost and Freight,,,,,7.0,,,,,,,,,,,,75.0,KG,,,,,,10.0,,,F2,,,,,E10001,,,,,,,,,,,,,,,,,,,,,,,,,,,,,,0000916521,,,,,,2022-03-10,,,,,,,,,,,,,,,,,,,,,,,,,,GW4AW00F7joeYOMNkrX5Am,,IDHDR,PST,PST,,,I,,VL31N,,,,,,,,,,,,,,,,,,,,,,,,,,,,,,,,,,,,,,,,,,,,,,,,,,,,,,,,,,,,,,,,I,False,2022-03-10 08:29:18.759013+00:00
250,180003442,MOUNIKAPALI,08:29:19,2022-03-10,,,,EL,,X,,,,2019-01-08,,,CFR,Cost and Freight,,,,,7.0,,,,,,,,,,,,75.0,KG,,,,,,10.0,,,F2,,,,,E10001,,,,,,,,,,,,,,,,,,,,,,,,,,,,,,0000916521,,,,,,2022-03-10,,,,,,,,,,,,,,,,,,,,,,,,,,GW4AW00F7joeYOM{GBQbAm,,IDHDR,PST,PST,,,I,,VL31N,,,,,,,,,,,,,,,,,,,,,,,,,,,,,,,,,,,,,,,,,,,,,,,,,,,,,,,,,,,,,,,,I,False,2022-03-10 08:29:19.357836+00:00
250,180003453,MOUNIKAPALI,08:29:20,2022-03-10,,,,EL,,X,,,,2019-01-08,,,CFR,Cost and Freight,,,,,7.0,,,,,,,,,,,,75.0,KG,,,,,,10.0,,,F2,,,,,E10001,,,,,,,,,,,,,,,,,,,,,,,,,,,,,,0000916521,,,,,,2022-03-10,,,,,,,,,,,,,,,,,,,,,,,,,,GW4AW00F7joeYOM{GBs5Am,,IDHDR,PST,PST,,,I,,VL31N,,,,,,,,,,,,,,,,,,,,,,,,,,,,,,,,,,,,,,,,,,,,,,,,,,,,,,,,,,,,,,,,I,False,2022-03-10 08:29:20.599249+00:00
250,180003454,MOUNIKAPALI,08:29:20,2022-03-10,,,,EL,,X,,,,2019-01-08,,,CFR,Cost and Freight,,,,,7.0,,,,,,,,,,,,75.0,KG,,,,,,10.0,,,F2,,,,,E10001,,,,,,,,,,,,,,,,,,,,,,,,,,,,,,0000916521,,,,,,2022-03-10,,,,,,,,,,,,,,,,,,,,,,,,,,GW4AW00F7joeYOM{GBubAm,,IDHDR,PST,PST,,,I,,VL31N,,,,,,,,,,,,,,,,,,,,,,,,,,,,,,,,,,,,,,,,,,,,,,,,,,,,,,,,,,,,,,,,I,False,2022-03-10 08:29:20.599249+00:00
250,180003460,MOUNIKAPALI,08:29:20,2022-03-10,,,,EL,,X,,,,2019-01-08,,,CFR,Cost and Freight,,,,,7.0,,,,,,,,,,,,75.0,KG,,,,,,10.0,,,F2,,,,,E10001,,,,,,,,,,,,,,,,,,,,,,,,,,,,,,0000916521,,,,,,2022-03-10,,,,,,,,,,,,,,,,,,,,,,,,,,GW4AW00F7joeYOM{GC7bAm,,IDHDR,PST,PST,,,I,,VL31N,,,,,,,,,,,,,,,,,,,,,,,,,,,,,,,,,,,,,,,,,,,,,,,,,,,,,,,,,,,,,,,,I,False,2022-03-10 08:29:21.187010+00:00
250,180003461,MOUNIKAPALI,08:29:21,2022-03-10,,,,EL,,X,,,,2019-01-08,,,CFR,Cost and Freight,,,,,7.0,,,,,,,,,,,,75.0,KG,,,,,,10.0,,,F2,,,,,E10001,,,,,,,,,,,,,,,,,,,,,,,,,,,,,,0000916521,,,,,,2022-03-10,,,,,,,,,,,,,,,,,,,,,,,,,,GW4AW00F7joeYONa4idbAm,,IDHDR,PST,PST,,,I,,VL31N,,,,,,,,,,,,,,,,,,,,,,,,,,,,,,,,,,,,,,,,,,,,,,,,,,,,,,,,,,,,,,,,I,False,2022-03-10 08:29:21.187010+00:00
250,180003462,MOUNIKAPALI,08:29:21,2022-03-10,,,,EL,,X,,,,2019-01-08,,,CFR,Cost and Freight,,,,,7.0,,,,,,,,,,,,75.0,KG,,,,,,10.0,,,F2,,,,,E10001,,,,,,,,,,,,,,,,,,,,,,,,,,,,,,0000916521,,,,,,2022-03-10,,,,,,,,,,,,,,,,,,,,,,,,,,GW4AW00F7joeYONa4ig5Am,,IDHDR,PST,PST,,,I,,VL31N,,,,,,,,,,,,,,,,,,,,,,,,,,,,,,,,,,,,,,,,,,,,,,,,,,,,,,,,,,,,,,,,I,False,2022-03-10 08:29:21.572219+00:00
250,180003469,MOUNIKAPALI,08:29:21,2022-03-10,,,,EL,,X,,,,2019-01-08,,,CFR,Cost and Freight,,,,,7.0,,,,,,,,,,,,75.0,KG,,,,,,10.0,,,F2,,,,,E10001,,,,,,,,,,,,,,,,,,,,,,,,,,,,,,0000916521,,,,,,2022-03-10,,,,,,,,,,,,,,,,,,,,,,,,,,GW4AW00F7joeYONa4ixbAm,,IDHDR,PST,PST,,,I,,VL31N,,,,,,,,,,,,,,,,,,,,,,,,,,,,,,,,,,,,,,,,,,,,,,,,,,,,,,,,,,,,,,,,I,False,2022-03-10 08:29:22.201098+00:00
250,180003478,MOUNIKAPALI,08:29:23,2022-03-10,,,,EL,,X,,,,2019-01-08,,,CFR,Cost and Freight,,,,,7.0,,,,,,,,,,,,75.0,KG,,,,,,10.0,,,F2,,,,,E10001,,,,,,,,,,,,,,,,,,,,,,,,,,,,,,0000916521,,,,,,2022-03-10,,,,,,,,,,,,,,,,,,,,,,,,,,GW4AW00F7joeYOOA6yU5Am,,IDHDR,PST,PST,,,I,,VL31N,,,,,,,,,,,,,,,,,,,,,,,,,,,,,,,,,,,,,,,,,,,,,,,,,,,,,,,,,,,,,,,,I,False,2022-03-10 08:29:23.427859+00:00
250,180003479,MOUNIKAPALI,08:29:23,2022-03-10,,,,EL,,X,,,,2019-01-08,,,CFR,Cost and Freight,,,,,7.0,,,,,,,,,,,,75.0,KG,,,,,,10.0,,,F2,,,,,E10001,,,,,,,,,,,,,,,,,,,,,,,,,,,,,,0000916521,,,,,,2022-03-10,,,,,,,,,,,,,,,,,,,,,,,,,,GW4AW00F7joeYOOA6yWbAm,,IDHDR,PST,PST,,,I,,VL31N,,,,,,,,,,,,,,,,,,,,,,,,,,,,,,,,,,,,,,,,,,,,,,,,,,,,,,,,,,,,,,,,I,False,2022-03-10 08:29:23.427859+00:00
250,180003480,MOUNIKAPALI,08:29:23,2022-03-10,,,,EL,,X,,,,2019-01-08,,,CFR,Cost and Freight,,,,,7.0,,,,,,,,,,,,75.0,KG,,,,,,10.0,,,F2,,,,,E10001,,,,,,,,,,,,,,,,,,,,,,,,,,,,,,0000916521,,,,,,2022-03-10,,,,,,,,,,,,,,,,,,,,,,,,,,GW4AW00F7joeYOOA6yZ5Am,,IDHDR,PST,PST,,,I,,VL31N,,,,,,,,,,,,,,,,,,,,,,,,,,,,,,,,,,,,,,,,,,,,,,,,,,,,,,,,,,,,,,,,I,False,2022-03-10 08:29:23.707846+00:00
250,180003487,MOUNIKAPALI,08:29:24,2022-03-10,,,,EL,,X,,,,2019-01-08,,,CFR,Cost and Freight,,,,,7.0,,,,,,,,,,,,75.0,KG,,,,,,10.0,,,F2,,,,,E10001,,,,,,,,,,,,,,,,,,,,,,,,,,,,,,0000916521,,,,,,2022-03-10,,,,,,,,,,,,,,,,,,,,,,,,,,GW4AW00F7joeYOOA6yqbAm,,IDHDR,PST,PST,,,I,,VL31N,,,,,,,,,,,,,,,,,,,,,,,,,,,,,,,,,,,,,,,,,,,,,,,,,,,,,,,,,,,,,,,,I,False,2022-03-10 08:29:24.286853+00:00
250,180003498,MOUNIKAPALI,08:29:25,2022-03-10,,,,EL,,X,,,,2019-01-08,,,CFR,Cost and Freight,,,,,7.0,,,,,,,,,,,,75.0,KG,,,,,,10.0,,,F2,,,,,E10001,,,,,,,,,,,,,,,,,,,,,,,,,,,,,,0000916521,,,,,,2022-03-10,,,,,,,,,,,,,,,,,,,,,,,,,,GW4AW00F7joeYOOmbDfbAm,,IDHDR,PST,PST,,,I,,VL31N,,,,,,,,,,,,,,,,,,,,,,,,,,,,,,,,,,,,,,,,,,,,,,,,,,,,,,,,,,,,,,,,I,False,2022-03-10 08:29:25.456688+00:00
250,180003500,MOUNIKAPALI,08:29:25,2022-03-10,,,,EL,,X,,,,2019-01-08,,,CFR,Cost and Freight,,,,,7.0,,,,,,,,,,,,75.0,KG,,,,,,10.0,,,F2,,,,,E10001,,,,,,,,,,,,,,,,,,,,,,,,,,,,,,0000916521,,,,,,2022-03-10,,,,,,,,,,,,,,,,,,,,,,,,,,GW4AW00F7joeYOOmbDkbAm,,IDHDR,PST,PST,,,I,,VL31N,,,,,,,,,,,,,,,,,,,,,,,,,,,,,,,,,,,,,,,,,,,,,,,,,,,,,,,,,,,,,,,,I,False,2022-03-10 08:29:25.758558+00:00
250,180003501,MOUNIKAPALI,08:29:25,2022-03-10,,,,EL,,X,,,,2019-01-08,,,CFR,Cost and Freight,,,,,7.0,,,,,,,,,,,,75.0,KG,,,,,,10.0,,,F2,,,,,E10001,,,,,,,,,,,,,,,,,,,,,,,,,,,,,,0000916521,,,,,,2022-03-10,,,,,,,,,,,,,,,,,,,,,,,,,,GW4AW00F7joeYOOmbDn5Am,,IDHDR,PST,PST,,,I,,VL31N,,,,,,,,,,,,,,,,,,,,,,,,,,,,,,,,,,,,,,,,,,,,,,,,,,,,,,,,,,,,,,,,I,False,2022-03-10 08:29:25.758558+00:00
250,180003502,MOUNIKAPALI,08:29:25,2022-03-10,,,,EL,,X,,,,2019-01-08,,,CFR,Cost and Freight,,,,,7.0,,,,,,,,,,,,75.0,KG,,,,,,10.0,,,F2,,,,,E10001,,,,,,,,,,,,,,,,,,,,,,,,,,,,,,0000916521,,,,,,2022-03-10,,,,,,,,,,,,,,,,,,,,,,,,,,GW4AW00F7joeYOOmbDpbAm,,IDHDR,PST,PST,,,I,,VL31N,,,,,,,,,,,,,,,,,,,,,,,,,,,,,,,,,,,,,,,,,,,,,,,,,,,,,,,,,,,,,,,,I,False,2022-03-10 08:29:26.054358+00:00
250,180003509,MOUNIKAPALI,08:29:26,2022-03-10,,,,EL,,X,,,,2019-01-08,,,CFR,Cost and Freight,,,,,7.0,,,,,,,,,,,,75.0,KG,,,,,,10.0,,,F2,,,,,E10001,,,,,,,,,,,,,,,,,,,,,,,,,,,,,,0000916521,,,,,,2022-03-10,,,,,,,,,,,,,,,,,,,,,,,,,,GW4AW00F7joeYOOmbE55Am,,IDHDR,PST,PST,,,I,,VL31N,,,,,,,,,,,,,,,,,,,,,,,,,,,,,,,,,,,,,,,,,,,,,,,,,,,,,,,,,,,,,,,,I,False,2022-03-10 08:29:26.612343+00:00
