mandt,vbeln,erdat,erzet,ernam,angdt,bnddt,audat,vbtyp,trvog,auart,augru,gwldt,submi,lifsk,faksk,netwr,waerk,vkorg,vtweg,spart,vkgrp,vkbur,gsber,gskst,guebg,gueen,knumv,vdatu,vprgr,autlf,vbkla,vbklt,kalsm,vsbed,fkara,awahr,ktext,bstnk,bsark,bstdk,bstzd,ihrez,bname,telf1,mahza,mahdt,kunnr,kostl,stafo,stwae,aedat,kvgr1,kvgr2,kvgr3,kvgr4,kvgr5,knuma,kokrs,ps_psp_pnr,kurst,kkber,knkli,grupp,sbgrp,ctlpc,cmwae,cmfre,cmnup,cmngv,amtbl,hityp_pr,abrvw,abdis,vgbel,objnr,bukrs_vf,taxk1,taxk2,taxk3,taxk4,taxk5,taxk6,taxk7,taxk8,taxk9,xblnr,zuonr,vgtyp,kalsm_ch,agrzr,aufnr,qmnum,vbeln_grp,scheme_grp,abruf_part,abhod,abhov,abhob,rplnr,vzeit,stceg_l,landtx,xegdr,enqueue_grp,dat_fzau,fmbdat,vsnmr_v,handle,proli,cont_dg,crm_guid,upd_tmstmp,msr_id,tm_ctrl_key,handoverloc,dataaging,glo_log_ref1_hd,psm_budat,fsh_kvgr6,fsh_kvgr7,fsh_kvgr8,fsh_kvgr9,fsh_kvgr10,fsh_rereg,fsh_cq_check,fsh_vrsn_status,fsh_transaction,fsh_vas_cg,fsh_candate,fsh_ss,fsh_os_stg_change,swenr,smenr,phase,mtlaur,stage,hb_cont_reason,hb_expdate,hb_resdate,mill_appl_id,tas,betc,mod_allow,cancel_allow,pay_method,bpn,rep_freq,logsysb,kalcd,multi,sppaym,wtysc_clm_hdr,operation_flag,is_deleted,recordstamp
250,60000000,2022-01-19,10:10:42,MALVIYAH,,,2022-01-19,H,0,RE,101.0,,,,,97.0,USD,US10,10,02,,,,,,,20,2022-01-19,1,,,,ZUS001,1,RE,100,,,,,,,,,,,0000000002,,,USD,2022-01-19,,,,,,,CYMB,,,,,,,,,,,,,A,,,90000006.0,,USA1,1.0,1.0,1.0,,,,,,,PO1,90000006.0,M,,,,,,,,,,,,,,US,,,,2022-01-19,,GW4AW00F7joUeW7fJ2K5Am,,,,,,,,,,,,,,,,,,,,,,,,,,,,,,,,,,,,,,,,,,,,,L,False,2022-03-26 02:40:14.167739+00:00
250,60000003,2022-02-07,05:40:21,MALVIYAH,,,2022-02-06,H,0,RE,102.0,,,,,97.0,USD,US10,10,03,,,,,,,86,2022-02-07,1,,,,ZUS001,1,RE,100,,,,,,,,,,,0000000002,,,USD,2022-02-07,,,,,,,CYMB,,,,,,,,,,,,,A,,,90000041.0,,USA1,1.0,1.0,1.0,,,,,,,PO,90000041.0,M,,,,,,,,,,,,,,US,,,,2022-02-07,,GW4AW00F7joX{muUjSI5Am,,,,,,,,,,,,,,,,,,,,,,,,,,,,,,,,,,,,,,,,,,,,,L,False,2022-03-26 02:40:14.167739+00:00
250,60000005,2022-02-23,18:16:50,SIBASISM,,,2022-02-23,H,0,RE,101.0,,,,,19.4,USD,US10,10,02,,US21,,,,,103,2022-02-23,1,,,,ZUS001,1,RE,100,,,,,,,,,,,0000000002,,,USD,,,,,,,,CYMB,,,,,,,,,,,,,A,,,90000051.0,,USA1,1.0,1.0,1.0,,,,,,,PO10,90000051.0,M,,,,,,,,,,,,,,US,,,,2022-02-23,,GW4AW00F7jobcfYVBvY5Am,,,,,,,,,,,,,,,,,,,,,,,,,,,,,,,,,,,,,,,,,,,,,L,False,2022-03-26 02:40:14.167739+00:00
250,60000001,2022-01-20,12:13:35,SUMITSAXENA,,,2022-01-20,H,0,RE,102.0,,,,,985.0,EUR,EU10,10,02,,,,,,,27,2022-01-20,1,,,,ZEU001,3,RE,100,,,,,,,,,,,0000000003,,,EUR,2022-01-20,,,,,,,CYMB,,,,,,,,,,,,,A,,,90000008.0,,EU01,0.0,,,,,,,,,PO,90000008.0,M,,,,,,,,,,,,,,NL,,,,2022-01-20,,GW4AW00F7joUlKo6y{l5Am,,,,,,,,,,,,,,,,,,,,,,,,,,,,,,,,,,,,,,,,,,,,,L,False,2022-03-26 02:40:14.167739+00:00
250,60000004,2022-02-07,06:14:13,MALVIYAH,,,2022-02-06,H,0,RE,101.0,,,,,98.5,EUR,EU10,10,03,,,,,,,90,2022-02-07,1,,,,ZEU001,3,RE,100,,,,,,,,,,,0000000003,,,EUR,2022-02-07,,,,,,,CYMB,,,,,,,,,,,,,A,,,90000043.0,,EU01,0.0,,,,,,,,,P,90000043.0,M,,,,,,,,,,,,,,NL,,,,2022-02-07,,GW4AW00F7joX{wM35415Am,,,,,,,,,,,,,,,,,,,,,,,,,,,,,,,,,,,,,,,,,,,,,L,False,2022-03-26 02:40:14.167739+00:00
250,7,2022-01-14,16:43:40,MALVIYAH,,,2022-01-14,C,0,TA,,,,,,8.01,EUR,EU10,10,02,,,,,,,7,2022-01-14,1,,,,ZEU001,1,F2,100,,PO1,,2022-01-14,,,,,,,0000000001,,,EUR,,,,,,,,CYMB,,,,,,,,,,,,,A,,,,,EU01,,,,,,,,,,,,,,,,,,,,,,,,,,,,,,2022-01-14,,GW4AW00F7joTgoG20JTbAm,,,,,,,,,,,,,,,,,,,,,,,,,,,,,,,,,,,,,,,,,,,,,L,False,2022-03-26 02:40:14.167739+00:00
250,6,2022-01-14,14:35:23,MALVIYAH,,,2022-01-14,C,0,TA,,,,,,9.7,USD,US10,10,02,,,,,,,6,2022-01-14,1,,,,ZUS001,1,F2,100,,PO1,,2022-01-14,,,,,,,0000000002,,,USD,2022-01-17,,,,,,,CYMB,,,,,,,,,,,,,A,,,,,USA1,,,,,,,,,,,,,,,,,,,,,,,,,,,,,,2022-01-14,,GW4AW00F7joTgEQZUrK5Am,,,,,,,,,,,,,,,,,,,,,,,,,,,,,,,,,,,,,,,,,,,,,L,False,2022-03-26 02:40:14.167739+00:00
250,8,2022-01-18,10:29:47,MALVIYAH,,,2022-01-18,C,0,TA,,,,,,9.7,USD,US10,10,02,,,,,,,9,2022-01-18,1,,,,ZUS001,1,F2,100,,PO1,,2022-01-18,,,,,,,0000000002,,,USD,,,,,,,,CYMB,,,,,,,,,,,,,A,,,,,USA1,,,,,,,,,,,,,,,,,,,,,,,,,,,,,,2022-01-18,,GW4AW00F7joUYJ7YQ9J5Am,,,,,,,,,,,,,,,,,,,,,,,,,,,,,,,,,,,,,,,,,,,,,L,False,2022-03-26 02:40:14.167739+00:00
250,9,2022-01-18,12:53:22,MALVIYAH,,,2022-01-18,C,0,TA,,,,,,9.7,USD,US10,10,02,,,,,,,11,2022-01-18,1,,,,ZUS001,1,F2,100,,PO1,,2022-01-18,,,,,,,0000000002,,,USD,,,,,,,,CYMB,,,,,,,,,,,,,A,,,,,USA1,,,,,,,,,,,,,,,,,,,,,,,,,,,,,,2022-01-18,,GW4AW00F7joUYxF2AFp5Am,,,,,,,,,,,,,,,,,,,,,,,,,,,,,,,,,,,,,,,,,,,,,L,False,2022-03-26 02:40:14.167739+00:00
250,10,2022-01-18,13:19:59,MALVIYAH,,,2022-01-18,C,0,TA,,,,,,9.7,USD,US10,10,02,,,,,,,15,2022-01-18,1,,,,ZUS001,1,F2,100,,PO1,,2022-01-18,,,,,,,0000000002,,,USD,,,,,,,,CYMB,,,,,,,,,,,,,A,,,,,USA1,,,,,,,,,,,,,,,,,,,,,,,,,,,,,,2022-01-18,,GW4AW00F7joUZ2ghkG7bAm,,,,,,,,,,,,,,,,,,,,,,,,,,,,,,,,,,,,,,,,,,,,,L,False,2022-03-26 02:40:14.167739+00:00
250,11,2022-01-18,14:10:27,MALVIYAH,,,2022-01-18,C,0,TA,,,,,,48.5,USD,US10,10,02,,,,,,,17,2022-01-18,1,,,,ZUS001,1,F2,100,,PO1,,2022-01-18,,,,,,,0000000002,,,USD,,,,,,,,CYMB,,,,,,,,,,,,,A,,,,,USA1,,,,,,,,,,,,,,,,,,,,,,,,,,,,,,2022-01-18,,GW4AW00F7joUZGnRyhV5Am,,,,,,,,,,,,,,,,,,,,,,,,,,,,,,,,,,,,,,,,,,,,,L,False,2022-03-26 02:40:14.167739+00:00
250,12,2022-01-19,09:52:34,MALVIYAH,,,2022-01-19,C,0,TA,,,,,,97.0,USD,US10,10,02,,,,,,,18,2022-01-19,1,,,,ZUS001,1,F2,100,,PO1,,2022-01-19,,,,,,,0000000002,,,USD,,,,,,,,CYMB,,,,,,,,,,,,,A,,,,,USA1,,,,,,,,,,,,,,,,,,,,,,,,,,,,,,2022-01-19,,GW4AW00F7joUeR2zZXrbAm,,,,,,,,,,,,,,,,,,,,,,,,,,,,,,,,,,,,,,,,,,,,,L,False,2022-03-26 02:40:14.167739+00:00
250,13,2022-01-19,14:11:31,SUMITSAXENA,,,2022-01-19,C,0,TA,,,,,,97.0,USD,US10,10,03,,,,,,,22,2022-01-19,1,,,,ZUS001,1,F2,100,,PO,,2022-01-19,,,,,,,0000000002,,,USD,,,,,,,,CYMB,,,,,,,,,,,,,A,,,,,USA1,,,,,,,,,,,,,,,,,,,,,,,,,,,,,,2022-01-19,,GW4AW00F7joUfZPpPHL5Am,,,,,,,,,,,,,,,,,,,,,,,,,,,,,,,,,,,,,,,,,,,,,L,False,2022-03-26 02:40:14.167739+00:00
250,14,2022-01-19,16:49:06,MALVIYAH,,,2022-01-19,C,0,TA,,,,,,97.0,USD,US10,10,02,,,,,,,23,2022-01-19,1,,,,ZUS001,1,F2,100,,PO,,2022-01-19,,,,,,,0000000002,,,USD,,,,,,,,CYMB,,,,,,,,,,,,,A,,,,,USA1,,,,,,,,,,,,,,,,,,,,,,,,,,,,,,2022-01-19,,GW4AW00F7joUgFRarMU5Am,,,,,,,,,,,,,,,,,,,,,,,,,,,,,,,,,,,,,,,,,,,,,L,False,2022-03-26 02:40:14.167739+00:00
250,17,2022-01-21,09:43:22,MALVIYAH,,,2020-01-01,C,0,TA,,,,,,48.5,USD,US10,10,02,,,,,,,29,2022-01-04,1,,,,ZUS001,1,F2,100,,PO,,2022-01-04,,,,,,,0000000002,,,USD,2022-01-21,,,,,,,CYMB,,,,,,,,,,,,,A,,,,,USA1,,,,,,,,,,,,,,,,,,,,,,,,,,,,,,2022-01-21,,GW4AW00F7joUqz9Oukc5Am,,,,,,,,,,,,,,,,,,,,,,,,,,,,,,,,,,,,,,,,,,,,,L,False,2022-03-26 02:40:14.167739+00:00
250,23,2022-01-24,18:44:53,DEMANDI,,,2022-01-24,C,0,TA,,,,,,9.7,USD,US10,10,03,,,,,,,50,2022-02-10,1,,,,ZUS001,1,F2,100,,EDS_1,,,,,,,,,0000000002,,,USD,2022-01-24,,,,,,,CYMB,,,,,,,,,,,,,A,,,,,USA1,,,,,,,,,,,,,,,,,,,,,,,,,,,,,,2022-02-09,,GW4AW00F7joVgBRbdO}5Am,,,,,,,,,,,,,,,,,,,,,,,,,,,,,,,,,,,,,,,,,,,,,L,False,2022-03-26 02:40:14.167739+00:00
250,24,2022-02-07,05:29:37,MALVIYAH,,,2022-02-06,C,0,TA,,,,,,97.0,USD,US10,10,03,,,,,,,84,2022-02-07,1,,,,ZUS001,1,F2,100,,PO,,2022-02-06,,,,,,,0000000002,,,USD,,,,,,,,CYMB,,,,,,,,,,,,,A,,,,,USA1,,,,,,,,,,,,,,,,,,,,,,,,,,,,,,2022-02-07,,GW4AW00F7joX{juNnXM5Am,,,,,,,,,,,,,,,,,,,,,,,,,,,,,,,,,,,,,,,,,,,,,L,False,2022-03-26 02:40:14.167739+00:00
250,26,2022-02-07,08:19:37,MALVIYAH,,,2022-02-07,C,0,TA,,,,,,97.0,USD,US10,10,03,,,,,,,92,2022-02-07,1,,,,ZUS001,1,F2,100,,PO1,,,,,,,,,0000000002,,,USD,,,,,,,,CYMB,,,,,,,,,,,,,A,,,,,USA1,,,,,,,,,,,,,,,,,,,,,,,,,,,,,,2022-02-07,,GW4AW00F7joX}TO9RZ25Am,,,,,,,,,,,,,,,,,,,,,,,,,,,,,,,,,,,,,,,,,,,,,L,False,2022-03-26 02:40:14.167739+00:00
250,29,2022-02-23,18:13:06,SIBASISM,,,2022-02-23,C,0,TA,,,,,,48.5,USD,US10,10,02,,US21,,,,,101,2022-02-23,1,,,,ZUS001,1,F2,100,,PO10,,,,,,,,,0000000002,,,USD,,,,,,,,CYMB,,,,,,,,,,,,,A,,,,,USA1,,,,,,,,,,,,,,,,,,,,,,,,,,,,,,2022-02-23,,GW4AW00F7jobceW0FFj5Am,,,,,,,,,,,,,,,,,,,,,,,,,,,,,,,,,,,,,,,,,,,,,L,False,2022-03-26 02:40:14.167739+00:00
250,30,2022-02-24,07:53:41,MALVIYAH,,,2022-02-23,C,0,TA,,,,,,97.0,USD,US10,10,03,,,,,,,105,2022-02-23,1,,,,ZUS001,1,F2,100,,PO,,2022-01-02,,,,,,,0000000002,,,USD,,,,,,,,CYMB,,,,,,,,,,,,,A,,,,,USA1,,,,,,,,,,,,,,,,,,,,,,,,,,,,,,2022-02-24,,GW4AW00F7jobgDmgnOK5Am,,,,,,,,,,,,,,,,,,,,,,,,,,,,,,,,,,,,,,,,,,,,,L,False,2022-03-26 02:40:14.167739+00:00
250,31,2022-02-25,14:06:58,PKADARI,,,2022-02-24,C,0,TA,,,,,,9.7,USD,US10,10,02,,US21,,,,,106,2022-02-27,1,,,,ZUS001,1,F2,100,,PO,,2022-02-25,,,,,,,0000000002,,,USD,,,,,,,,CYMB,,,,,,,,,,,,,A,,,,,USA1,,,,,,,,,,,,,,,,,,,,,,,,,,,,,,2022-02-25,,GW4AW00F7jobo8O}9Bk5Am,,,,,,,,,,,,,,,,,,,,,,,,,,,,,,,,,,,,,,,,,,,,,L,False,2022-03-26 02:40:14.167739+00:00
250,32,2022-02-28,08:25:35,VISHAKHA,,,2022-02-24,C,0,TA,,,,,,9.7,USD,US10,10,02,,US21,,,,,107,2022-02-27,1,,,,ZUS001,1,F2,100,,PO,,2022-02-25,,,,,,,0000000002,,,USD,,,,,,,,CYMB,,,,,,,,,,,,,A,,,,,USA1,,,,,,,,,,,,,,,,,,,,,,,,,,,,,,2022-02-28,,GW4AW00F7jocZW0ApUL5Am,,,,,,,,,,,,,,,,,,,,,,,,,,,,,,,,,,,,,,,,,,,,,L,False,2022-03-26 02:40:14.167739+00:00
250,33,2022-02-28,08:26:46,VISHAKHA,,,2022-02-24,C,0,TA,,,,,,9.7,USD,US10,10,02,,US21,,,,,108,2022-02-27,1,,,,ZUS001,1,F2,100,,PO,,2022-02-25,,,,,,,0000000002,,,USD,,,,,,,,CYMB,,,,,,,,,,,,,A,,,,,USA1,,,,,,,,,,,,,,,,,,,,,,,,,,,,,,2022-02-28,,GW4AW00F7jocZWLX{f35Am,,,,,,,,,,,,,,,,,,,,,,,,,,,,,,,,,,,,,,,,,,,,,L,False,2022-03-26 02:40:14.167739+00:00
250,34,2022-02-28,11:50:48,PKADARI,,,2022-02-24,C,0,TA,,,,,,9.7,USD,US10,10,02,,US21,,,,,109,2022-02-27,1,,,,ZUS001,1,F2,100,,PO,,2022-02-25,,,,,,,0000000002,,,USD,,,,,,,,CYMB,,,,,,,,,,,,,A,,,,,USA1,,,,,,,,,,,,,,,,,,,,,,,,,,,,,,2022-02-28,,GW4AW00F7jocaPLy2b35Am,,,,,,,,,,,,,,,,,,,,,,,,,,,,,,,,,,,,,,,,,,,,,L,False,2022-03-26 02:40:14.167739+00:00
250,35,2022-02-28,12:06:27,MALVIYAH,,,2022-02-24,C,0,TA,,,,,,10.0,USD,US10,10,02,,US21,,,,,110,2021-01-01,1,,,,ZUS001,1,F2,100,,PO,,2022-02-25,,,,,,,0000000002,,,USD,,,,,,,,CYMB,,,,,,,,,,,,,A,,,,,USA1,,,,,,,,,,,,,,,,,,,,,,,,,,,,,,2022-02-28,,GW4AW00F7jocaTjKdX6bAm,,,,,,,,,,,,,,,,,,,,,,,,,,,,,,,,,,,,,,,,,,,,,L,False,2022-03-26 02:40:14.167739+00:00
250,36,2022-02-28,12:14:46,PKADARI,,,2022-02-24,C,0,TA,,,,,,9.7,USD,US10,10,02,,US21,,,,,111,2022-02-27,1,,,,ZUS001,1,F2,100,,PO,,2022-02-25,,,,,,,0000000002,,,USD,,,,,,,,CYMB,,,,,,,,,,,,,A,,,,,USA1,,,,,,,,,,,,,,,,,,,,,,,,,,,,,,2022-02-28,,GW4AW00F7jocaW2Uvdz5Am,,,,,,,,,,,,,,,,,,,,,,,,,,,,,,,,,,,,,,,,,,,,,L,False,2022-03-26 02:40:14.167739+00:00
250,37,2022-02-28,12:21:17,MALVIYAH,,,2022-02-24,C,0,TA,,,,,,10.0,USD,US10,10,02,,US21,,,,,112,2021-01-01,1,,,,ZUS001,1,F2,100,,PO,,2022-02-25,,,,,,,0000000002,,,USD,,,,,,,,CYMB,,,,,,,,,,,,,A,,,,,USA1,,,,,,,,,,,,,,,,,,,,,,,,,,,,,,2022-02-28,,GW4AW00F7jocaXsurLl5Am,,,,,,,,,,,,,,,,,,,,,,,,,,,,,,,,,,,,,,,,,,,,,L,False,2022-03-26 02:40:14.167739+00:00
250,38,2022-02-28,12:21:17,MALVIYAH,,,2022-02-24,C,0,TA,,,,,,2.0,USD,US10,10,02,,US21,,,,,113,2021-01-01,1,,,,ZUS001,1,F2,100,,PO,,2022-02-25,,,,,,,0000000002,,,USD,,,,,,,,CYMB,,,,,,,,,,,,,A,,,,,USA1,,,,,,,,,,,,,,,,,,,,,,,,,,,,,,2022-02-28,,GW4AW00F7jocaXsurLsbAm,,,,,,,,,,,,,,,,,,,,,,,,,,,,,,,,,,,,,,,,,,,,,L,False,2022-03-26 02:40:14.167739+00:00
250,39,2022-03-01,04:58:42,MALVIYAH,,,2022-02-25,C,0,TA,,,,,,1.95,USD,US10,10,02,,US21,,,,,114,2022-02-25,1,,,,ZUS001,1,F2,100,,PO,,2022-02-25,,,,,,,0000000002,,,USD,2022-03-01,,,,,,,CYMB,,,,,,,,,,,,,A,,,,,USA1,,,,,,,,,,,,,,,,,,,,,,,,,,,,,,2022-03-01,,GW4AW00F7joceuY4yOj5Am,,,,,,,,,,,,,,,,,,,,,,,,,,,,,,,,,,,,,,,,,,,,,L,False,2022-03-26 02:40:14.167739+00:00
250,40,2022-03-01,06:46:36,MALVIYAH,,,2022-02-28,C,0,TA,,,,,,7.76,USD,US10,10,03,,,,,,,115,2022-01-25,1,,,,ZUS001,1,F2,100,,PO,,2022-01-01,,,,,,,0000000002,,,USD,,,,,,,,CYMB,,,,,,,,,,,,,A,,,,,USA1,,,,,,,,,,,,,,,,,,,,,,,,,,,,,,2022-01-24,,GW4AW00F7jocfMhTY{h5Am,,,,,,,,,,,,,,,,,,,,,,,,,,,,,,,,,,,,,,,,,,,,,L,False,2022-03-26 02:40:14.167739+00:00
250,41,2022-03-01,06:53:40,MALVIYAH,,,2022-02-28,C,0,TA,,,,,,7.76,USD,US10,10,03,,,,,,,117,2019-02-28,1,,,,ZUS001,1,F2,100,,P,,2019-02-28,,,,,,,0000000002,,,USD,,,,,,,,CYMB,,,,,,,,,,,,,A,,,,,USA1,,,,,,,,,,,,,,,,,,,,,,,,,,,,,,2019-02-27,,GW4AW00F7jocfOfltIo5Am,,,,,,,,,,,,,,,,,,,,,,,,,,,,,,,,,,,,,,,,,,,,,L,False,2022-03-26 02:40:14.167739+00:00
250,42,2022-03-01,07:12:52,MALVIYAH,,,2022-02-28,C,0,TA,,,,,,77.6,USD,US10,10,03,,,,,,,118,2022-02-28,1,,,,ZUS001,1,F2,100,,PO,,2022-01-01,,,,,,,0000000002,,,USD,,,,,,,,CYMB,,,,,,,,,,,,,A,,,,,USA1,,,,,,,,,,,,,,,,,,,,,,,,,,,,,,2022-02-25,,GW4AW00F7jocfU16PIK5Am,,,,,,,,,,,,,,,,,,,,,,,,,,,,,,,,,,,,,,,,,,,,,L,False,2022-03-26 02:40:14.167739+00:00
250,43,2022-03-01,12:34:37,PKADARI,,,2022-02-24,C,0,TA,,,,,,9.7,USD,US10,10,02,,US21,,,,,122,2022-02-27,1,,,,ZUS001,1,F2,100,,PO,,2022-02-25,,,,,,,0000000002,,,USD,,,,,,,,CYMB,,,,,,,,,,,,,A,,,,,USA1,,,,,,,,,,,,,,,,,,,,,,,,,,,,,,2022-02-25,,GW4AW00F7jocgtwhSgl5Am,,,,,,,,,,,,,,,,,,,,,,,,,,,,,,,,,,,,,,,,,,,,,L,False,2022-03-26 02:40:14.167739+00:00
250,44,2022-03-03,06:30:23,MALVIYAH,,,2022-03-02,C,0,TA,,,,,,7.76,USD,US10,10,03,,,,,,,123,2022-03-02,1,,,,ZUS001,1,F2,100,,PO,,2022-01-02,,,,,,,0000000002,,,USD,,,,,,,,CYMB,,,,,,,,,,,,,A,,,,,USA1,,,,,,,,,,,,,,,,,,,,,,,,,,,,,,2022-03-01,,GW4AW00F7jocrsq3Syg5Am,,,,,,,,,,,,,,,,,,,,,,,,,,,,,,,,,,,,,,,,,,,,,L,False,2022-03-26 02:40:14.167739+00:00
250,50,2022-03-07,04:24:54,MALVIYAH,,,2022-03-06,C,0,TA,,,,,,1.94,USD,US10,10,03,,,,,,,129,2022-03-07,1,,,,ZUS001,1,F2,100,,PO,,2022-03-03,,,,,,,0000000002,,,USD,,,,,,,,CYMB,,,,,,,,,,,,,A,,,,,USA1,,,,,,,,,,,,,,,,,,,,,,,,,,,,,,2022-03-04,,GW4AW00F7jodkT53fHc5Am,,,,,,,,,,,,,,,,,,,,,,,,,,,,,,,,,,,,,,,,,,,,,L,False,2022-03-26 02:40:14.167739+00:00
250,51,2022-03-07,07:20:38,MALVIYAH,,,2020-02-10,C,0,TA,,,,,,20.0,USD,US10,10,02,,US21,,,,,130,2020-04-10,1,,,,ZUS001,1,F2,100,,PO,,2020-02-10,,,,,,,0000000002,,,USD,2022-03-07,,,,,,,CYMB,,,,,,,,,,,,,A,,,,,USA1,,,,,,,,,,,,,,,,,,,,,,,,,,,,,,2020-02-07,,GW4AW00F7jodlEBUyLA5Am,,,,,,,,,,,,,,,,,,,,,,,,,,,,,,,,,,,,,,,,,,,,,L,False,2022-03-26 02:40:14.167739+00:00
250,52,2022-03-07,07:20:39,MALVIYAH,,,2020-02-10,C,0,TA,,,,,,3.9,USD,US10,10,02,,US21,,,,,131,2022-03-07,1,,,,ZUS001,1,F2,100,,PO,,2020-02-10,,,,,,,0000000002,,,USD,2022-03-07,,,,,,,CYMB,,,,,,,,,,,,,A,,,,,USA1,,,,,,,,,,,,,,,,,,,,,,,,,,,,,,2020-02-07,,GW4AW00F7jodlEBUyLHbAm,,,,,,,,,,,,,,,,,,,,,,,,,,,,,,,,,,,,,,,,,,,,,L,False,2022-03-26 02:40:14.167739+00:00
250,53,2022-03-07,07:20:39,MALVIYAH,,,2020-02-10,C,0,TA,,,,,,4.0,USD,US10,10,02,,US21,,,,,132,2020-04-10,1,,,,ZUS001,1,F2,100,,PO,,2020-02-10,,,,,,,0000000002,,,USD,2022-03-07,,,,,,,CYMB,,,,,,,,,,,,,A,,,,,USA1,,,,,,,,,,,,,,,,,,,,,,,,,,,,,,2020-02-07,,GW4AW00F7jodlEBUyLMbAm,,,,,,,,,,,,,,,,,,,,,,,,,,,,,,,,,,,,,,,,,,,,,L,False,2022-03-26 02:40:14.167739+00:00
250,54,2022-03-07,08:26:55,MALVIYAH,,,2022-03-07,C,0,TA,,,,,,100.0,USD,US10,10,02,,US21,,,,,133,2020-04-07,1,,,,ZUS001,1,F2,100,,PO,,2022-03-03,,,,,,,0000000002,,,USD,2022-03-07,,,,,,,CYMB,,,,,,,,,,,,,A,,,,,USA1,,,,,,,,,,,,,,,,,,,,,,,,,,,,,,2020-02-06,,GW4AW00F7jodlWibkJ75Am,,,,,,,,,,,,,,,,,,,,,,,,,,,,,,,,,,,,,,,,,,,,,L,False,2022-03-26 02:40:14.167739+00:00
250,55,2022-03-07,09:41:04,MALVIYAH,,,2022-03-07,C,0,TA,,,,,,4.0,USD,US10,10,03,,,,,,,134,2020-04-07,1,,,,ZUS001,1,F2,100,,PO,,2022-03-03,,,,,,,0000000002,,,USD,,,,,,,,CYMB,,,,,,,,,,,,,A,,,,,USA1,,,,,,,,,,,,,,,,,,,,,,,,,,,,,,2020-04-06,,GW4AW00F7jodlrQS5lf5Am,,,,,,,,,,,,,,,,,,,,,,,,,,,,,,,,,,,,,,,,,,,,,L,False,2022-03-26 02:40:14.167739+00:00
250,56,2022-03-07,10:18:07,MALVIYAH,,,2020-02-10,C,0,TA,,,,,,20.0,USD,US10,10,02,,US21,,,,,135,2020-02-10,1,,,,ZUS001,1,F2,100,,PO,,2020-02-10,,,,,,,0000000002,,,USD,,,,,,,,CYMB,,,,,,,,,,,,,A,,,,,USA1,,,,,,,,,,,,,,,,,,,,,,,,,,,,,,2020-02-07,,GW4AW00F7jodl}n73}q5Am,,,,,,,,,,,,,,,,,,,,,,,,,,,,,,,,,,,,,,,,,,,,,L,False,2022-03-26 02:40:14.167739+00:00
250,57,2022-03-07,10:18:08,MALVIYAH,,,2020-02-10,C,0,TA,,,,,,4.0,USD,US10,10,02,,US21,,,,,136,2020-02-10,1,,,,ZUS001,1,F2,100,,PO,,2020-02-10,,,,,,,0000000002,,,USD,,,,,,,,CYMB,,,,,,,,,,,,,A,,,,,USA1,,,,,,,,,,,,,,,,,,,,,,,,,,,,,,2020-02-07,,GW4AW00F7jodl}n73}xbAm,,,,,,,,,,,,,,,,,,,,,,,,,,,,,,,,,,,,,,,,,,,,,L,False,2022-03-26 02:40:14.167739+00:00
250,58,2022-03-07,10:18:08,MALVIYAH,,,2020-02-10,C,0,TA,,,,,,4.0,USD,US10,10,02,,US21,,,,,137,2020-02-10,1,,,,ZUS001,1,F2,100,,PO,,2020-02-10,,,,,,,0000000002,,,USD,,,,,,,,CYMB,,,,,,,,,,,,,A,,,,,USA1,,,,,,,,,,,,,,,,,,,,,,,,,,,,,,2020-02-07,,GW4AW00F7jodl}n7400bAm,,,,,,,,,,,,,,,,,,,,,,,,,,,,,,,,,,,,,,,,,,,,,L,False,2022-03-26 02:40:14.167739+00:00
250,15,2022-01-20,09:12:22,SUMITSAXENA,,,2022-01-20,C,0,TA,,,,,,985.0,EUR,EU10,10,02,,,,,,,24,2022-01-20,1,,,,ZEU001,3,F2,100,,PO,,2022-01-19,,,,,,,0000000003,,,EUR,,,,,,,,CYMB,,,,,,,,,,,,,A,,,,,EU01,,,,,,,,,,,,,,,,,,,,,,,,,,,,,,2022-01-20,,GW4AW00F7joUkY9i5rZ5Am,,,,,,,,,,,,,,,,,,,,,,,,,,,,,,,,,,,,,,,,,,,,,L,False,2022-03-26 02:40:14.167739+00:00
250,16,2022-01-20,10:53:57,SUMITSAXENA,,,2022-01-20,C,0,TA,,,,,,985.0,EUR,EU10,10,02,,,,,,,25,2022-01-20,1,,,,ZEU001,3,F2,100,,PO,,2022-01-19,,,,,,,0000000003,,,EUR,,,,,,,,CYMB,,,,,,,,,,,,,A,,,,,EU01,,,,,,,,,,,,,,,,,,,,,,,,,,,,,,2022-01-20,,GW4AW00F7joUk{XxI8kbAm,,,,,,,,,,,,,,,,,,,,,,,,,,,,,,,,,,,,,,,,,,,,,L,False,2022-03-26 02:40:14.167739+00:00
250,25,2022-02-07,05:59:18,MALVIYAH,,,2022-02-06,C,0,TA,,,,,,98.5,EUR,EU10,10,03,,,,,,,88,2022-02-07,1,,,,ZEU001,3,F2,100,,P,,2022-02-06,,,,,,,0000000003,,,EUR,,,,,,,,CYMB,,,,,,,,,,,,,A,,,,,EU01,,,,,,,,,,,,,,,,,,,,,,,,,,,,,,2022-02-07,,GW4AW00F7joX{sAqi6ObAm,,,,,,,,,,,,,,,,,,,,,,,,,,,,,,,,,,,,,,,,,,,,,L,False,2022-03-26 02:40:14.167739+00:00
250,27,2022-02-08,11:53:20,KKALLAMADI,,,2022-02-08,C,0,TA,,,,,,40.0,USD,US10,20,03,,,,,,,96,2022-02-08,1,,,,ZUS001,1,F2,100,,Test,,2022-02-08,,,,,,,0000000004,,,USD,2022-02-08,,,,,,,CYMB,,,,,,,,,,,,,A,,,,,USA1,,,,,,,,,,,,,,,,,,,,,,,,,,,,,,2022-02-08,,GW4AW00F7joYchR7Kmx5Am,,,,,,,,,,,,,,,,,,,,,,,,,,,,,,,,,,,,,,,,,,,,,L,False,2022-03-26 02:40:14.167739+00:00
250,28,2022-02-08,16:01:57,KKALLAMADI,,,2022-02-08,C,0,TA,,,,,,60.0,USD,US10,20,03,,,,,,,98,2022-02-08,1,,,,ZUS001,1,F2,100,,Test,,2022-02-08,,,,,,,0000000004,,,USD,,,,,,,,CYMB,,,,,,,,,,,,,A,,,,,USA1,,,,,,,,,,,,,,,,,,,,,,,,,,,,,,2022-02-08,,GW4AW00F7joYdmuerep5Am,,,,,,,,,,,,,,,,,,,,,,,,,,,,,,,,,,,,,,,,,,,,,L,False,2022-03-26 02:40:14.167739+00:00
800,14431,2012-06-05,19:00:12,C5157856,,,2012-06-05,C,0,ODOT,,,,,,,CNY,2800,10,00,,,,,,,82284,2012-06-15,1,,,,RVAA01,1,F2,100,,ftl/ltl/MD,,,,,,,,,CA301,,,CNY,,,,,,,,2800,0.0,,,,,,,,,,,,A,,,,,2800,,,,,,,,,,,,,,0.0,,,,,A,,,,,,,,,,,2012-06-15,,051MXG3j7j6hvVofR1wc{m,,,,,,1.0,,,,,,,,,,,,,,,,,,,,,,,,,,,,,,,,,,,,,,,L,False,2021-08-18 02:15:17.034428+00:00
800,14445,2012-06-07,20:20:13,C5157856,,,2012-06-07,C,0,ODOT,,,,,,,CNY,2800,10,00,,,,,,,82304,2012-06-16,1,,,,RVAA01,1,F2,100,,CPU-APJ,,,,,,,,,CA301,,,CNY,,,,,,,,2800,0.0,,,,,,,,,,,,A,,,,,2800,,,,,,,,,,,,,,0.0,,,,,A,,,,,,,,,,,2012-06-15,,051MXG3j7j6icQrgGkEc{m,,,,,,1.0,,,,,,,,,,,,,,,,,,,,,,,,,,,,,,,,,,,,,,,L,False,2021-08-18 02:15:17.034428+00:00
800,14432,2012-06-05,19:02:19,C5157856,,,2012-06-05,C,0,ODOT,,,,,,,CNY,2800,10,00,,,,,,,82285,2012-06-16,1,,,,RVAA01,1,F2,100,,ftl/ltl/MD,,,,,,,,,CA302,,,CNY,,,,,,,,2800,0.0,,,,,,,,,,,,A,,,,,2800,,,,,,,,,,,,,,0.0,,,,,A,,,,,,,,,,,2012-06-15,,051MXG3j7j6hvWQCttE6{m,,,,,,1.0,,,,,,,,,,,,,,,,,,,,,,,,,,,,,,,,,,,,,,,L,False,2021-08-18 02:15:17.034428+00:00
800,14444,2012-06-07,20:09:38,C5157856,,,2012-06-07,C,0,DOUR,,,,,,,CNY,2800,10,00,,,,,,,82302,2012-06-14,1,,,,RVAA01,1,F2,100,,RUSH-APJ,,,,,,,,,CA302,,,CNY,,,,,,,,2800,0.0,,,,,,,,,,,,A,,,,,2800,,,,,,,,,,,,,,0.0,,,,,A,,,,,,,,,,,2012-06-14,,051MXG3j7j6icNudoYFc{m,,,,,,1.0,,,,,,,,,,,,,,,,,,,,,,,,,,,,,,,,,,,,,,,L,False,2021-08-18 02:15:17.034428+00:00
800,14433,2012-06-05,19:03:36,C5157856,,,2012-06-05,C,0,ODOT,,,,,,,CNY,2800,10,00,,,,,,,82286,2012-06-14,1,,,,RVAA01,1,F2,100,,ftl/ltl/MD,,,,,,,,,CA303,,,CNY,,,,,,,,2800,0.0,,,,,,,,,,,,A,,,,,2800,,,,,,,,,,,,,,0.0,,,,,A,,,,,,,,,,,2012-06-14,,051MXG3j7j6hvWnBLhA6{m,,,,,,1.0,,,,,,,,,,,,,,,,,,,,,,,,,,,,,,,,,,,,,,,L,False,2021-08-18 02:15:17.034428+00:00
800,14439,2012-06-05,20:35:14,C5157856,,,2012-06-05,C,0,ODOT,,,,,,,CNY,2800,10,00,,,,,,,82292,2012-06-12,1,,,,RVAA01,1,F2,100,,HUB-APJ,,,,,,,,,CA303,,,CNY,,,,,,,,2800,0.0,,,,,,,,,,,,A,,,,,2800,,,,,,,,,,,,,,0.0,,,,,A,,,,,,,,,,,2012-06-12,,051MXG3j7j6hvwNyqWl6{m,,,,,,1.0,,,,,,,,,,,,,,,,,,,,,,,,,,,,,,,,,,,,,,,L,False,2021-08-18 02:15:17.034428+00:00
800,14210,2011-12-15,06:17:53,I070249,,,2011-12-15,C,0,TA,,,,,,1000.0,CNY,2800,10,00,,,,,,,81512,2011-12-22,1,,,,RVAA01,1,F2,100,,,,,,,,,,,CA304,,,CNY,,,,,,,,2800,0.0,,,,,,,,,,,,A,,,,,2800,,,,,,,,,,,,,,0.0,,,,,A,,,,,,,,,,,2011-12-20,,01Z{UNA27k69suGDvBwbjG,,,,,,,,,,,,,,,,,,,,,,,,,,,,,,,,,,,,,,,,,,,,,L,False,2021-08-18 02:15:03.820583+00:00
800,14211,2011-12-15,06:39:15,I070249,,,2011-12-15,C,0,TA,,,,,,1000.0,CNY,2800,10,00,,,,,,,81514,2011-12-22,1,,,,RVAA01,1,F2,100,,,,,,,,,,,CA304,,,CNY,,,,,,,,2800,0.0,,,,,,,,,,,,A,,,,,2800,,,,,,,,,,,,,,0.0,,,,,A,,,,,,,,,,,2011-12-20,,01Z{UNA27k69s{FpCPA5jG,,,,,,,,,,,,,,,,,,,,,,,,,,,,,,,,,,,,,,,,,,,,,L,False,2021-08-18 02:15:03.820583+00:00
800,14434,2012-06-05,19:05:08,C5157856,,,2012-06-05,C,0,ODOT,,,,,,,CNY,2800,10,00,,,,,,,82287,2012-06-16,1,,,,RVAA01,1,F2,100,,ftl/ltl/MD,,,,,,,,,CA304,,,CNY,,,,,,,,2800,0.0,,,,,,,,,,,,A,,,,,2800,,,,,,,,,,,,,,0.0,,,,,A,,,,,,,,,,,2012-06-15,,051MXG3j7j6hvXBgB}H6{m,,,,,,1.0,,,,,,,,,,,,,,,,,,,,,,,,,,,,,,,,,,,,,,,L,False,2021-08-18 02:15:17.034428+00:00
800,14435,2012-06-05,19:05:59,C5157856,,,2012-06-05,C,0,ODOT,,,,,,,CNY,2800,10,00,,,,,,,82288,2012-06-15,1,,,,RVAA01,1,F2,100,,ftl/ltl/MD-2,,,,,,,,,CA304,,,CNY,,,,,,,,2800,0.0,,,,,,,,,,,,A,,,,,2800,,,,,,,,,,,,,,0.0,,,,,A,,,,,,,,,,,2012-06-15,,051MXG3j7j6hvXSG4786{m,,,,,,1.0,,,,,,,,,,,,,,,,,,,,,,,,,,,,,,,,,,,,,,,L,False,2021-08-18 02:15:17.034428+00:00
800,14436,2012-06-05,19:06:48,C5157856,,,2012-06-05,C,0,ODOT,,,,,,,CNY,2800,10,00,,,,,,,82289,2012-06-15,1,,,,RVAA01,1,F2,100,,ftl/ltl/MD,,,,,,,,,CA305,,,CNY,,,,,,,,2800,0.0,,,,,,,,,,,,A,,,,,2800,,,,,,,,,,,,,,0.0,,,,,A,,,,,,,,,,,2012-06-15,,051MXG3j7j6hvXgmcpxc{m,,,,,,1.0,,,,,,,,,,,,,,,,,,,,,,,,,,,,,,,,,,,,,,,L,False,2021-08-18 02:15:17.034428+00:00
800,14440,2012-06-05,20:36:07,C5157856,,,2012-06-05,C,0,ODOT,,,,,,,CNY,2800,10,00,,,,,,,82293,2012-06-12,1,,,,RVAA01,1,F2,100,,HUB-APJ,,,,,,,,,CA305,,,CNY,,,,,,,,2800,0.0,,,,,,,,,,,,A,,,,,2800,,,,,,,,,,,,,,0.0,,,,,A,,,,,,,,,,,2012-06-12,,051MXG3j7j6hvwdPjAv6{m,,,,,,1.0,,,,,,,,,,,,,,,,,,,,,,,,,,,,,,,,,,,,,,,L,False,2021-08-18 02:15:17.034428+00:00
800,14437,2012-06-05,19:08:00,C5157856,,,2012-06-05,C,0,ODOT,,,,,,,CNY,2800,10,00,,,,,,,82290,2012-06-19,1,,,,RVAA01,1,F2,100,,ftl/ltl/MD,,,,,,,,,CA306,,,CNY,,,,,,,,2800,0.0,,,,,,,,,,,,A,,,,,2800,,,,,,,,,,,,,,0.0,,,,,A,,,,,,,,,,,2012-06-19,,051MXG3j7j6hvY05PDo6{m,,,,,,1.0,,,,,,,,,,,,,,,,,,,,,,,,,,,,,,,,,,,,,,,L,False,2021-08-18 02:15:17.034428+00:00
800,14441,2012-06-05,20:37:01,C5157856,,,2012-06-05,C,0,ODOT,,,,,,,CNY,2800,10,00,,,,,,,82294,2012-06-12,1,,,,RVAA01,1,F2,100,,HUB-APJ,,,,,,,,,CA306,,,CNY,,,,,,,,2800,0.0,,,,,,,,,,,,A,,,,,2800,,,,,,,,,,,,,,0.0,,,,,A,,,,,,,,,,,2012-06-12,,051MXG3j7j6hvwu310Q6{m,,,,,,1.0,,,,,,,,,,,,,,,,,,,,,,,,,,,,,,,,,,,,,,,L,False,2021-08-18 02:15:17.034428+00:00
800,14438,2012-06-05,19:09:26,C5157856,,,2012-06-05,C,0,ODOT,,,,,,,CNY,2800,10,00,,,,,,,82291,2012-06-18,1,,,,RVAA01,1,F2,100,,ftl/ltl/MD,,,,,,,,,CA307,,,CNY,,,,,,,,2800,0.0,,,,,,,,,,,,A,,,,,2800,,,,,,,,,,,,,,0.0,,,,,A,,,,,,,,,,,2012-06-18,,051MXG3j7j6hvYPwPF46{m,,,,,,1.0,,,,,,,,,,,,,,,,,,,,,,,,,,,,,,,,,,,,,,,L,False,2021-08-18 02:15:17.034428+00:00
800,14446,2012-06-08,00:04:38,C5157856,,,2012-06-08,C,0,OTTL,,,,,,,CNY,2800,10,00,,,,,,,82307,2012-06-15,1,,,,RVAA01,1,F2,100,,OTTL-APJ,,,,,,,,,CA308,,,CNY,,,,,,,,2800,0.0,,,,,,,,,,,,A,,,,,2800,,,,,,,,,,,,,,0.0,,,,,A,,,,,,,,,,,2012-06-13,,051MXG3j7j6idPWTKgVc{m,,,,,,1.0,,,,,,,,,,,,,,,,,,,,,,,,,,,,,,,,,,,,,,,L,False,2021-08-18 02:15:17.034428+00:00
800,14447,2012-06-08,00:12:52,C5157856,,,2012-06-08,C,0,OTTL,,,,,,,CNY,2800,10,00,,,,,,,82308,2012-06-21,1,,,,RVAA01,1,F2,100,,OTTL-APJ,,,,,,,,,CA308,,,CNY,,,,,,,,2800,0.0,,,,,,,,,,,,A,,,,,2800,,,,,,,,,,,,,,0.0,,,,,A,,,,,,,,,,,2012-06-21,,051MXG3j7j6idRryVFt6{m,,,,,,1.0,,,,,,,,,,,,,,,,,,,,,,,,,,,,,,,,,,,,,,,L,False,2021-08-18 02:15:17.034428+00:00
800,14448,2012-06-08,00:17:35,C5157856,,,2012-06-08,C,0,OTTL,,,,,,,CNY,2800,10,00,,,,,,,82310,2012-06-21,1,,,,RVAA01,1,F2,100,,OTTL-APJ-2,,,,,,,,,CA308,,,CNY,,,,,,,,2800,0.0,,,,,,,,,,,,A,,,14447.0,,2800,,,,,,,,,,,,C,,0.0,,,,,A,,,,,,,,,,,2012-06-21,,051MXG3j7j6idT7yPOh6{m,,,,,,1.0,,,,,,,,,,,,,,,,,,,,,,,,,,,,,,,,,,,,,,,L,False,2021-08-18 02:15:29.602872+00:00
800,14442,2012-06-06,01:47:15,C5157856,,,2012-06-06,C,0,IOT,,,,,,,CNY,2800,10,00,,,,,,,82295,2012-07-04,1,,,,RVAA01,1,F2,100,,IOT-APJ,,,,,,,,,CA309,,,CNY,,,,,,,,2800,0.0,,,,,,,,,,,,A,,,,,2800,,,,,,,,,,,,,,0.0,,,,,A,,,,,,,,,,,2012-05-28,,051MXG3j7j6hxHZE}z96{m,,,,,,1.0,,,,,,,,,,,,,,,,,,,,,,,,,,,,,,,,,,,,,,,L,False,2021-08-18 02:15:17.034428+00:00
800,14443,2012-06-06,02:55:18,C5157856,,,2012-06-06,C,0,IOT,,,,,,,CNY,2800,10,00,,,,,,,82296,2012-07-04,1,,,,RVAA01,1,F2,100,,IOT,,,,,,,,,CA309,,,CNY,,,,,,,,2800,0.0,,,,,,,,,,,,A,,,14442.0,,2800,,,,,,,,,,,,C,,0.0,,,,,A,,,,,,,,,,,2012-06-05,,051MXG3j7j6hxaa90anc{m,,,,,,1.0,,,,,,,,,,,,,,,,,,,,,,,,,,,,,,,,,,,,,,,L,False,2021-08-18 02:15:29.602872+00:00
800,14183,2011-11-30,12:36:16,I070249,,,2011-11-30,C,0,TA,,,,,,10.0,ARS,7500,10,00,,,,,,,81411,2011-12-09,1,,,,RVAAAR,1,F2,100,,,,,,,,,,,CL301,,,USD,,,,,,,,7500,0.0,,,,,,,,,,,,A,,,,,7500,,,,,,,,,,,,,SD0001,0.0,,,,,A,,,,,,,,,,,2011-12-07,,01Z{UNA27k66wF1ehc{6Im,,,,,,,,,,,,,,,,,,,,,,,,,,,,,,,,,,,,,,,,,,,,,L,False,2021-08-18 02:15:03.820583+00:00
800,14206,2011-12-13,06:27:47,I070249,,,2011-12-13,C,0,TA,,,,,,100.0,ARS,7500,10,00,,,,,,,81500,2011-12-22,1,,,,RVAAAR,1,F2,100,,,,,,,,,,,CL301,,,USD,,,,,,,,7500,0.0,,,,,,,,,,,,A,,,,,7500,,,,,,,,,,,,,SD0001,0.0,,,,,A,,,,,,,,,,,2011-12-20,,01Z{UNA27k69gMOPoh55jG,,,,,,,,,,,,,,,,,,,,,,,,,,,,,,,,,,,,,,,,,,,,,L,False,2021-08-18 02:15:03.820583+00:00
800,14390,2012-05-28,22:32:05,C5157856,,,2012-05-28,C,0,ODOT,,,,,,3000.0,ARS,7500,10,00,,,,,,,82206,2012-06-07,1,,,,RVAAAR,1,F2,100,,ftl/ltl/MD,,,,,,,,,CL301,,,ARS,,,,,,,,7500,0.0,,,,,,,,,,,,A,,,,,7500,,,,,,,,,,,,,,0.0,,,,,A,,,,,,,,,,,2012-05-29,,051MXG3j7k6ge8LFzKCfhG,,,,,,1.0,,,,,,,,,,,,,,,,,,,,,,,,,,,,,,,,,,,,,,,L,False,2021-08-18 02:15:17.034428+00:00
800,14407,2012-05-31,19:09:11,C5157856,,,2012-05-31,C,0,ODOT,,,,,,50000.0,ARS,7500,10,00,,,,,,,82233,2012-06-09,1,,,,RVAAAR,1,F2,100,,CPU,,,,,,,,,CL301,,,ARS,,,,,,,,7500,0.0,,,,,,,,,,,,A,,,,,7500,,,,,,,,,,,,,,0.0,,,,,A,,,,,,,,,,,2012-05-31,,051MXG3j7k6gw6hVBkw4EG,,,,,,1.0,,,,,,,,,,,,,,,,,,,,,,,,,,,,,,,,,,,,,,,L,False,2021-08-18 02:15:17.034428+00:00
800,14409,2012-05-31,22:23:31,C5157856,,,2012-05-31,C,0,ODOT,,,,,,3000.0,ARS,7500,10,00,,,,,,,82240,2012-06-11,1,,,,RVAAAR,1,F2,100,,FTL/LTL/MD,,,,,,,,,CL301,,,ARS,,,,,,,,7500,0.0,,,,,,,,,,,,A,,,,,7500,,,,,,,,,,,,,,0.0,,,,,A,,,,,,,,,,,2012-05-31,,051MXG3j7k6gwy{SiA7aEG,,,,,,1.0,,,,,,,,,,,,,,,,,,,,,,,,,,,,,,,,,,,,,,,L,False,2021-08-18 02:15:17.034428+00:00
800,14531,2012-06-12,22:22:58,C5157856,,,2012-06-12,C,0,ODOT,,,,,,3000.0,ARS,7500,10,00,,,,,,,82441,2012-06-22,1,,,,RVAAAR,1,F2,100,,LTL/FTL/MD,,,,,,,,,CL301,,,ARS,,,,,,,,7500,0.0,,,,,,,,,,,,A,,,,,7500,,,,,,,,,,,,,,0.0,,,,,A,,,,,,,,,,,2012-06-12,,051MXG3j7j6jcOp87G}sJG,,,,,,1.0,,,,,,,,,,,,,,,,,,,,,,,,,,,,,,,,,,,,,,,L,False,2021-08-18 02:15:17.034428+00:00
800,14539,2012-06-13,00:11:05,C5157856,,,2012-06-13,C,0,ODOT,,,,,,50000.0,ARS,7500,10,00,,,,,,,82449,2012-06-22,1,,,,RVAAAR,1,F2,100,,cpu,,,,,,,,,CL301,,,ARS,,,,,,,,7500,0.0,,,,,,,,,,,,A,,,,,7500,,,,,,,,,,,,,,0.0,,,,,A,,,,,,,,,,,2012-06-13,,051MXG3j7j6jct09KYNMJG,,,,,,1.0,,,,,,,,,,,,,,,,,,,,,,,,,,,,,,,,,,,,,,,L,False,2021-08-18 02:15:17.034428+00:00
800,14346,2012-05-15,20:40:09,C5157856,,,2012-05-15,C,0,DOUR,,,,,,30000.0,ARS,7500,10,00,,,,,,,82079,2012-05-22,1,,,,RVAAAR,1,F2,100,,RUSH-LA,,,,,,,,,CL302,,,ARS,,,,,,,,7500,0.0,,,,,,,,,,,,A,,,,,7500,,,,,,,,,,,,,,0.0,,,,,A,,,,,,,,,,,2012-05-18,,051MXG3j7k6drwoQaC8s30,,,,,,1.0,,,,,,,,,,,,,,,,,,,,,,,,,,,,,,,,,,,,,,,L,False,2021-08-18 02:15:17.034428+00:00
800,14347,2012-05-15,20:43:24,C5157856,,,2012-05-15,C,0,DOUR,,,,,,30000.0,ARS,7500,10,00,,,,,,,82080,2012-05-22,1,,,,RVAAAR,1,F2,100,,RUSH-LA,,,,,,,,,CL302,,,ARS,,,,,,,,7500,0.0,,,,,,,,,,,,A,,,14346.0,,7500,,,,,,,,,,,,C,,0.0,,,,,A,,,,,,,,,,,2012-05-18,,051MXG3j7k6drxg4FQls30,,,,,,1.0,,,,,,,,,,,,,,,,,,,,,,,,,,,,,,,,,,,,,,,L,False,2021-08-18 02:15:29.602872+00:00
800,14348,2012-05-15,20:46:42,C5157856,,,2012-05-15,C,0,ODOT,,,,,,30000.0,ARS,7500,10,00,,,,,,,82081,2012-05-25,1,,,,RVAAAR,1,F2,100,,TEST,,,,,,,,,CL302,,,ARS,,,,,,,,7500,0.0,,,,,,,,,,,,A,,,,,7500,,,,,,,,,,,,,,0.0,,,,,A,,,,,,,,,,,2012-05-23,,051MXG3j7k6drybgYNks30,,,,,,1.0,,,,,,,,,,,,,,,,,,,,,,,,,,,,,,,,,,,,,,,L,False,2021-08-18 02:15:17.034428+00:00
800,14391,2012-05-28,22:33:09,C5157856,,,2012-05-28,C,0,ODOT,,,,,,30000.0,ARS,7500,10,00,,,,,,,82207,2012-06-08,1,,,,RVAAAR,1,F2,100,,ftl/ltl/MD,,,,,,,,,CL302,,,ARS,,,,,,,,7500,0.0,,,,,,,,,,,,A,,,,,7500,,,,,,,,,,,,,,0.0,,,,,A,,,,,,,,,,,2012-05-29,,051MXG3j7k6ge8eyLYg9hG,,,,,,1.0,,,,,,,,,,,,,,,,,,,,,,,,,,,,,,,,,,,,,,,L,False,2021-08-18 02:15:17.034428+00:00
800,14397,2012-05-29,19:33:38,C5157856,,,2012-05-29,C,0,ODOT,,,,,,10000.0,ARS,7500,10,00,,,,,,,82220,2012-06-05,1,,,,RVAAAR,1,F2,100,,HUB,,,,,,,,,CL302,,,ARS,,,,,,,,7500,0.0,,,,,,,,,,,,A,,,,,7500,,,,,,,,,,,,,,0.0,,,,,A,,,,,,,,,,,2012-05-29,,051MXG3j7k6gjepdk83aEG,,,,,,1.0,,,,,,,,,,,,,,,,,,,,,,,,,,,,,,,,,,,,,,,L,False,2021-08-18 02:15:17.034428+00:00
800,14405,2012-05-31,00:17:45,C5157856,,,2012-05-31,C,0,ODOT,,,,,,10000.0,ARS,7500,10,00,,,,,,,82228,2012-06-12,1,,,,RVAAAR,1,F2,100,,EM-TEST,,,,,,,,,CL302,,,ARS,,,,,,,,7500,0.0,,,,,,,,,,,,A,,,,,7500,,,,,,,,,,,,,,0.0,,,,,A,,,,,,,,,,,2012-05-31,,051MXG3j7k6grAYidraaEG,,,,,,1.0,,,,,,,,,,,,,,,,,,,,,,,,,,,,,,,,,,,,,,,L,False,2021-08-18 02:15:17.034428+00:00
800,14406,2012-05-31,00:37:53,C5157856,,,2012-05-31,C,0,ODOT,,,,,,10000.0,ARS,7500,10,00,,,,,,,82229,2012-06-12,1,,,,RVAAAR,1,F2,100,,EM,,,,,,,,,CL302,,,ARS,,,,,,,,7500,0.0,,,,,,,,,,,,A,,,14405.0,,7500,,,,,,,,,,,,C,,0.0,,,,,A,,,,,,,,,,,2012-05-31,,051MXG3j7k6grGBVklB4EG,,,,,,1.0,,,,,,,,,,,,,,,,,,,,,,,,,,,,,,,,,,,,,,,L,False,2021-08-18 02:15:29.602872+00:00
800,14408,2012-05-31,19:16:53,C5157856,,,2012-05-31,C,0,DOUR,,,,,,30000.0,ARS,7500,10,00,,,,,,,82236,2012-06-07,1,,,,RVAAAR,1,F2,100,,RUSH,,,,,,,,,CL302,,,ARS,,,,,,,,7500,0.0,,,,,,,,,,,,A,,,,,7500,,,,,,,,,,,,,,0.0,,,,,A,,,,,,,,,,,2012-05-31,,051MXG3j7k6gw8pYRn24EG,,,,,,1.0,,,,,,,,,,,,,,,,,,,,,,,,,,,,,,,,,,,,,,,L,False,2021-08-18 02:15:17.034428+00:00
800,14410,2012-05-31,22:24:26,C5157856,,,2012-05-31,C,0,ODOT,,,,,,30000.0,ARS,7500,10,00,,,,,,,82241,2012-06-12,1,,,,RVAAAR,1,F2,100,,ftl/ltl/MD,,,,,,,,,CL302,,,ARS,,,,,,,,7500,0.0,,,,,,,,,,,,A,,,,,7500,,,,,,,,,,,,,,0.0,,,,,A,,,,,,,,,,,2012-05-31,,051MXG3j7k6gwzEi}IuaEG,,,,,,1.0,,,,,,,,,,,,,,,,,,,,,,,,,,,,,,,,,,,,,,,L,False,2021-08-18 02:15:17.034428+00:00
800,14421,2012-05-31,23:58:22,C5157856,,,2012-05-31,C,0,ODOT,,,,,,10000.0,ARS,7500,10,00,,,,,,,82252,2012-06-07,1,,,,RVAAAR,1,F2,100,,HUB-TEST,,,,,,,,,CL302,,,ARS,,,,,,,,7500,0.0,,,,,,,,,,,,A,,,,,7500,,,,,,,,,,,,,,0.0,,,,,A,,,,,,,,,,,2012-05-31,,051MXG3j7k6gxNRbs124EG,,,,,,1.0,,,,,,,,,,,,,,,,,,,,,,,,,,,,,,,,,,,,,,,L,False,2021-08-18 02:15:17.034428+00:00
800,14528,2012-06-12,22:06:17,C5157856,,,2012-06-12,C,0,ODOT,,,,,,10000.0,ARS,7500,10,00,,,,,,,82438,2012-06-19,1,,,,RVAAAR,1,F2,100,,HUB-La,,,,,,,,,CL302,,,ARS,,,,,,,,7500,0.0,,,,,,,,,,,,A,,,,,7500,,,,,,,,,,,,,,0.0,,,,,A,,,,,,,,,,,2012-06-12,,051MXG3j7j6jcK7QzDPsJG,,,,,,1.0,,,,,,,,,,,,,,,,,,,,,,,,,,,,,,,,,,,,,,,L,False,2021-08-18 02:15:17.034428+00:00
800,14532,2012-06-12,22:24:09,C5157856,,,2012-06-12,C,0,ODOT,,,,,,30000.0,ARS,7500,10,00,,,,,,,82442,2012-06-23,1,,,,RVAAAR,1,F2,100,,ftl/ltl/MD,,,,,,,,,CL302,,,ARS,,,,,,,,7500,0.0,,,,,,,,,,,,A,,,,,7500,,,,,,,,,,,,,,0.0,,,,,A,,,,,,,,,,,2012-06-12,,051MXG3j7j6jcP6oHJbsJG,,,,,,1.0,,,,,,,,,,,,,,,,,,,,,,,,,,,,,,,,,,,,,,,L,False,2021-08-18 02:15:17.034428+00:00
800,14538,2012-06-12,23:54:03,C5157856,,,2012-06-12,C,0,DOUR,,,,,,30000.0,ARS,7500,10,00,,,,,,,82448,2012-06-21,1,,,,RVAAAR,1,F2,100,,RUSH-LA,,,,,,,,,CL302,,,ARS,,,,,,,,7500,0.0,,,,,,,,,,,,A,,,,,7500,,,,,,,,,,,,,,0.0,,,,,A,,,,,,,,,,,2012-06-12,,051MXG3j7j6jcoF1w7MMJG,,,,,,1.0,,,,,,,,,,,,,,,,,,,,,,,,,,,,,,,,,,,,,,,L,False,2021-08-18 02:15:17.034428+00:00
800,14392,2012-05-28,22:34:22,C5157856,,,2012-05-28,C,0,ODOT,,,,,,10000.0,ARS,7500,10,00,,,,,,,82208,2012-06-06,1,,,,RVAAAR,1,F2,100,,ftl/ltl/MD,,,,,,,,,CL303,,,ARS,,,,,,,,7500,0.0,,,,,,,,,,,,A,,,,,7500,,,,,,,,,,,,,,0.0,,,,,A,,,,,,,,,,,2012-05-29,,051MXG3j7k6ge90s0wffhG,,,,,,1.0,,,,,,,,,,,,,,,,,,,,,,,,,,,,,,,,,,,,,,,L,False,2021-08-18 02:15:17.034428+00:00
800,14411,2012-05-31,22:25:11,C5157856,,,2012-05-31,C,0,ODOT,,,,,,10000.0,ARS,7500,10,00,,,,,,,82242,2012-06-10,1,,,,RVAAAR,1,F2,100,,ftl/ltl/MD,,,,,,,,,CL303,,,ARS,,,,,,,,7500,0.0,,,,,,,,,,,,A,,,,,7500,,,,,,,,,,,,,,0.0,,,,,A,,,,,,,,,,,2012-05-31,,051MXG3j7k6gwzRR9FiaEG,,,,,,1.0,,,,,,,,,,,,,,,,,,,,,,,,,,,,,,,,,,,,,,,L,False,2021-08-18 02:15:17.034428+00:00
800,14533,2012-06-12,22:24:38,C5157856,,,2012-06-12,C,0,ODOT,,,,,,10000.0,ARS,7500,10,00,,,,,,,82443,2012-06-21,1,,,,RVAAAR,1,F2,100,,ftl/ltl/MD,,,,,,,,,CL303,,,ARS,,,,,,,,7500,0.0,,,,,,,,,,,,A,,,,,7500,,,,,,,,,,,,,,0.0,,,,,A,,,,,,,,,,,2012-06-12,,051MXG3j7j6jcPGnOIMMJG,,,,,,1.0,,,,,,,,,,,,,,,,,,,,,,,,,,,,,,,,,,,,,,,L,False,2021-08-18 02:15:17.034428+00:00
800,14393,2012-05-28,22:35:14,C5157856,,,2012-05-28,C,0,ODOT,,,,,,10000.0,ARS,7500,10,00,,,,,,,82209,2012-06-07,1,,,,RVAAAR,1,F2,100,,ftl/ltl/MD,,,,,,,,,CL304,,,ARS,,,,,,,,7500,0.0,,,,,,,,,,,,A,,,,,7500,,,,,,,,,,,,,,0.0,,,,,A,,,,,,,,,,,2012-05-29,,051MXG3j7k6ge9G784QfhG,,,,,,1.0,,,,,,,,,,,,,,,,,,,,,,,,,,,,,,,,,,,,,,,L,False,2021-08-18 02:15:17.034428+00:00
800,14412,2012-05-31,22:26:01,C5157856,,,2012-05-31,C,0,ODOT,,,,,,10000.0,ARS,7500,10,00,,,,,,,82243,2012-06-11,1,,,,RVAAAR,1,F2,100,,ftl/ltl/MD,,,,,,,,,CL304,,,ARS,,,,,,,,7500,0.0,,,,,,,,,,,,A,,,,,7500,,,,,,,,,,,,,,0.0,,,,,A,,,,,,,,,,,2012-05-31,,051MXG3j7k6gwzgAJagaEG,,,,,,1.0,,,,,,,,,,,,,,,,,,,,,,,,,,,,,,,,,,,,,,,L,False,2021-08-18 02:15:17.034428+00:00
800,14534,2012-06-12,22:25:07,C5157856,,,2012-06-12,C,0,ODOT,,,,,,10000.0,ARS,7500,10,00,,,,,,,82444,2012-06-22,1,,,,RVAAAR,1,F2,100,,ftl/ltl/MD,,,,,,,,,CL304,,,ARS,,,,,,,,7500,0.0,,,,,,,,,,,,A,,,,,7500,,,,,,,,,,,,,,0.0,,,,,A,,,,,,,,,,,2012-06-12,,051MXG3j7j6jcPPYfjFsJG,,,,,,1.0,,,,,,,,,,,,,,,,,,,,,,,,,,,,,,,,,,,,,,,L,False,2021-08-18 02:15:17.034428+00:00
800,14396,2012-05-28,22:54:39,C5157856,,,2012-05-28,C,0,ODOT,,,,,,10000.0,ARS,7500,10,00,,,,,,,82212,2012-06-11,1,,,,RVAAAR,1,F2,100,,ftl/ltl/MD,,,,,,,,,CL305,,,ARS,,,,,,,,7500,0.0,,,,,,,,,,,,A,,,,,7500,,,,,,,,,,,,,,0.0,,,,,A,,,,,,,,,,,2012-05-29,,051MXG3j7k6geEhQYDE9hG,,,,,,1.0,,,,,,,,,,,,,,,,,,,,,,,,,,,,,,,,,,,,,,,L,False,2021-08-18 02:15:17.034428+00:00
800,14398,2012-05-29,19:34:44,C5157856,,,2012-05-29,C,0,ODOT,,,,,,10000.0,ARS,7500,10,00,,,,,,,82221,2012-06-05,1,,,,RVAAAR,1,F2,100,,HUB,,,,,,,,,CL305,,,ARS,,,,,,,,7500,0.0,,,,,,,,,,,,A,,,,,7500,,,,,,,,,,,,,,0.0,,,,,A,,,,,,,,,,,2012-05-29,,051MXG3j7k6gjf8ZDan4EG,,,,,,1.0,,,,,,,,,,,,,,,,,,,,,,,,,,,,,,,,,,,,,,,L,False,2021-08-18 02:15:17.034428+00:00
800,14413,2012-05-31,22:26:47,C5157856,,,2012-05-31,C,0,ODOT,,,,,,10000.0,ARS,7500,10,00,,,,,,,82244,2012-06-11,1,,,,RVAAAR,1,F2,100,,ftl/ltl/MD,,,,,,,,,CL305,,,ARS,,,,,,,,7500,0.0,,,,,,,,,,,,A,,,,,7500,,,,,,,,,,,,,,0.0,,,,,A,,,,,,,,,,,2012-05-31,,051MXG3j7k6gwzujA4BaEG,,,,,,1.0,,,,,,,,,,,,,,,,,,,,,,,,,,,,,,,,,,,,,,,L,False,2021-08-18 02:15:17.034428+00:00
800,14422,2012-05-31,23:58:48,C5157856,,,2012-05-31,C,0,ODOT,,,,,,10000.0,ARS,7500,10,00,,,,,,,82253,2012-06-07,1,,,,RVAAAR,1,F2,100,,HUB-TEST,,,,,,,,,CL305,,,ARS,,,,,,,,7500,0.0,,,,,,,,,,,,A,,,,,7500,,,,,,,,,,,,,,0.0,,,,,A,,,,,,,,,,,2012-05-31,,051MXG3j7k6gxNZNA3Z4EG,,,,,,1.0,,,,,,,,,,,,,,,,,,,,,,,,,,,,,,,,,,,,,,,L,False,2021-08-18 02:15:17.034428+00:00
800,14529,2012-06-12,22:06:54,C5157856,,,2012-06-12,C,0,ODOT,,,,,,10000.0,ARS,7500,10,00,,,,,,,82439,2012-06-21,1,,,,RVAAAR,1,F2,100,,HUB-La,,,,,,,,,CL305,,,ARS,,,,,,,,7500,0.0,,,,,,,,,,,,A,,,,,7500,,,,,,,,,,,,,,0.0,,,,,A,,,,,,,,,,,2012-06-12,,051MXG3j7j6jcKJprKqMJG,,,,,,1.0,,,,,,,,,,,,,,,,,,,,,,,,,,,,,,,,,,,,,,,L,False,2021-08-18 02:15:17.034428+00:00
800,14530,2012-06-12,22:07:20,C5157856,,,2012-06-12,C,0,ODOT,,,,,,10000.0,ARS,7500,10,00,,,,,,,82440,2012-06-21,1,,,,RVAAAR,1,F2,100,,HUB-La,,,,,,,,,CL305,,,ARS,,,,,,,,7500,0.0,,,,,,,,,,,,A,,,,,7500,,,,,,,,,,,,,,0.0,,,,,A,,,,,,,,,,,2012-06-12,,051MXG3j7j6jcKOtFeFsJG,,,,,,1.0,,,,,,,,,,,,,,,,,,,,,,,,,,,,,,,,,,,,,,,L,False,2021-08-18 02:15:17.034428+00:00
800,14535,2012-06-12,22:25:40,C5157856,,,2012-06-12,C,0,ODOT,,,,,,10000.0,ARS,7500,10,00,,,,,,,82445,2012-06-22,1,,,,RVAAAR,1,F2,100,,ftl/ltl/MD,,,,,,,,,CL305,,,ARS,,,,,,,,7500,0.0,,,,,,,,,,,,A,,,,,7500,,,,,,,,,,,,,,0.0,,,,,A,,,,,,,,,,,2012-06-12,,051MXG3j7j6jcPZIDMnMJG,,,,,,1.0,,,,,,,,,,,,,,,,,,,,,,,,,,,,,,,,,,,,,,,L,False,2021-08-18 02:15:17.034428+00:00
800,14394,2012-05-28,22:36:29,C5157856,,,2012-05-28,C,0,ODOT,,,,,,1000.0,ARS,7500,10,00,,,,,,,82210,2012-06-11,1,,,,RVAAAR,1,F2,100,,ftl/ltl/MD,,,,,,,,,CL306,,,ARS,,,,,,,,7500,0.0,,,,,,,,,,,,A,,,,,7500,,,,,,,,,,,,,,0.0,,,,,A,,,,,,,,,,,2012-05-29,,051MXG3j7k6ge9cTnBX9hG,,,,,,1.0,,,,,,,,,,,,,,,,,,,,,,,,,,,,,,,,,,,,,,,L,False,2021-08-18 02:15:17.034428+00:00
800,14414,2012-05-31,22:27:38,C5157856,,,2012-05-31,C,0,ODOT,,,,,,1000.0,ARS,7500,10,00,,,,,,,82245,2012-06-14,1,,,,RVAAAR,1,F2,100,,ftl/ltl/MD,,,,,,,,,CL306,,,ARS,,,,,,,,7500,0.0,,,,,,,,,,,,A,,,,,7500,,,,,,,,,,,,,,0.0,,,,,A,,,,,,,,,,,2012-05-31,,051MXG3j7k6gw{5CMoIaEG,,,,,,1.0,,,,,,,,,,,,,,,,,,,,,,,,,,,,,,,,,,,,,,,L,False,2021-08-18 02:15:17.034428+00:00
800,14536,2012-06-12,22:26:20,C5157856,,,2012-06-12,C,0,ODOT,,,,,,1000.0,ARS,7500,10,00,,,,,,,82446,2012-06-26,1,,,,RVAAAR,1,F2,100,,ftl/ltl/MD,,,,,,,,,CL306,,,ARS,,,,,,,,7500,0.0,,,,,,,,,,,,A,,,,,7500,,,,,,,,,,,,,,0.0,,,,,A,,,,,,,,,,,2012-06-12,,051MXG3j7j6jcPl8X7gMJG,,,,,,1.0,,,,,,,,,,,,,,,,,,,,,,,,,,,,,,,,,,,,,,,L,False,2021-08-18 02:15:17.034428+00:00
800,14395,2012-05-28,22:37:26,C5157856,,,2012-05-28,C,0,ODOT,,,,,,1000.0,ARS,7500,10,00,,,,,,,82211,2012-06-10,1,,,,RVAAAR,1,F2,100,,ftl/ltl/MD,,,,,,,,,CL307,,,ARS,,,,,,,,7500,0.0,,,,,,,,,,,,A,,,,,7500,,,,,,,,,,,,,,0.0,,,,,A,,,,,,,,,,,2012-05-29,,051MXG3j7k6ge9qk5A69hG,,,,,,1.0,,,,,,,,,,,,,,,,,,,,,,,,,,,,,,,,,,,,,,,L,False,2021-08-18 02:15:17.034428+00:00
800,14399,2012-05-29,19:35:19,C5157856,,,2012-05-29,C,0,ODOT,,,,,,10000.0,ARS,7500,10,00,,,,,,,82222,2012-06-05,1,,,,RVAAAR,1,F2,100,,HUB,,,,,,,,,CL307,,,ARS,,,,,,,,7500,0.0,,,,,,,,,,,,A,,,,,7500,,,,,,,,,,,,,,0.0,,,,,A,,,,,,,,,,,2012-05-29,,051MXG3j7k6gjfK8q6KaEG,,,,,,1.0,,,,,,,,,,,,,,,,,,,,,,,,,,,,,,,,,,,,,,,L,False,2021-08-18 02:15:17.034428+00:00
800,14415,2012-05-31,22:28:25,C5157856,,,2012-05-31,C,0,ODOT,,,,,,1000.0,ARS,7500,10,00,,,,,,,82246,2012-06-13,1,,,,RVAAAR,1,F2,100,,ftl/ltl/MD,,,,,,,,,CL307,,,ARS,,,,,,,,7500,0.0,,,,,,,,,,,,A,,,,,7500,,,,,,,,,,,,,,0.0,,,,,A,,,,,,,,,,,2012-05-31,,051MXG3j7k6gw{KJLoVaEG,,,,,,1.0,,,,,,,,,,,,,,,,,,,,,,,,,,,,,,,,,,,,,,,L,False,2021-08-18 02:15:17.034428+00:00
800,14423,2012-05-31,23:59:32,C5157856,,,2012-05-31,C,0,ODOT,,,,,,10000.0,ARS,7500,10,00,,,,,,,82254,2012-06-07,1,,,,RVAAAR,1,F2,100,,HUB-TEST,,,,,,,,,CL307,,,ARS,,,,,,,,7500,0.0,,,,,,,,,,,,A,,,,,7500,,,,,,,,,,,,,,0.0,,,,,A,,,,,,,,,,,2012-05-31,,051MXG3j7k6gxNoFsdVaEG,,,,,,1.0,,,,,,,,,,,,,,,,,,,,,,,,,,,,,,,,,,,,,,,L,False,2021-08-18 02:15:17.034428+00:00
800,14537,2012-06-12,22:26:47,C5157856,,,2012-06-12,C,0,ODOT,,,,,,1000.0,ARS,7500,10,00,,,,,,,82447,2012-06-25,1,,,,RVAAAR,1,F2,100,,ftl/ltl/MD,,,,,,,,,CL307,,,ARS,,,,,,,,7500,0.0,,,,,,,,,,,,A,,,,,7500,,,,,,,,,,,,,,0.0,,,,,A,,,,,,,,,,,2012-06-12,,051MXG3j7j6jcPtKkZKsJG,,,,,,1.0,,,,,,,,,,,,,,,,,,,,,,,,,,,,,,,,,,,,,,,L,False,2021-08-18 02:15:17.034428+00:00
800,14385,2012-05-25,22:27:21,C5157856,,,2012-05-25,C,0,OTTL,,,,,,2000.0,ARS,7500,10,00,,,,,,,82201,2012-06-08,1,,,,RVAAAR,1,F2,100,,OTTL,,,,,,,,,CL308,,,ARS,,,,,,,,7500,0.0,,,,,,,,,,,,A,,,,,7500,,,,,,,,,,,,,,0.0,,,,,A,,,,,,,,,,,2012-06-06,,051MXG3j7k6frG1mLB59hG,,,,,,1.0,,,,,,,,,,,,,,,,,,,,,,,,,,,,,,,,,,,,,,,L,False,2021-08-18 02:15:17.034428+00:00
800,14386,2012-05-25,22:58:16,C5157856,,,2012-05-25,C,0,OTTL,,,,,,2000.0,ARS,7500,10,00,,,,,,,82202,2012-06-08,1,,,,RVAAAR,1,F2,100,,OTTL,,,,,,,,,CL308,,,ARS,,,,,,,,7500,0.0,,,,,,,,,,,,A,,,,,7500,,,,,,,,,,,,,,0.0,,,,,A,,,,,,,,,,,2012-06-06,,051MXG3j7k6frOh4ijkfhG,,,,,,1.0,,,,,,,,,,,,,,,,,,,,,,,,,,,,,,,,,,,,,,,L,False,2021-08-18 02:15:17.034428+00:00
800,14387,2012-05-25,23:58:29,C5157856,,,2012-05-25,C,0,OTTL,,,,,,2000.0,ARS,7500,10,00,,,,,,,82203,2012-06-08,1,,,,RVAAAR,1,F2,100,,OTTL-2,,,,,,,,,CL308,,,ARS,,,,,,,,7500,0.0,,,,,,,,,,,,A,,,,,7500,,,,,,,,,,,,,,0.0,,,,,A,,,,,,,,,,,2012-06-06,,051MXG3j7k6frfXE}JKfhG,,,,,,1.0,,,,,,,,,,,,,,,,,,,,,,,,,,,,,,,,,,,,,,,L,False,2021-08-18 02:15:17.034428+00:00
800,14388,2012-05-26,00:10:56,C5157856,,,2012-05-26,C,0,OTTL,,,,,,2000.0,ARS,7500,10,00,,,,,,,82204,2012-06-08,1,,,,RVAAAR,1,F2,100,,OTTL-3,,,,,,,,,CL308,,,ARS,,,,,,,,7500,0.0,,,,,,,,,,,,A,,,14387.0,,7500,,,,,,,,,,,,C,,0.0,,,,,A,,,,,,,,,,,2012-06-06,,051MXG3j7k6friz6RnkfhG,,,,,,1.0,,,,,,,,,,,,,,,,,,,,,,,,,,,,,,,,,,,,,,,L,False,2021-08-18 02:15:29.602872+00:00
800,14389,2012-05-28,01:52:57,C5157856,,,2012-05-28,C,0,OTTL,,,,,,2000.0,ARS,7500,10,00,,,,,,,82205,2012-06-11,1,,,,RVAAAR,1,F2,100,,OTTL-4,,,,,,,,,CL308,,,ARS,,,,,,,,7500,0.0,,,,,,,,,,,,A,,,,,7500,,,,,,,,,,,,,,0.0,,,,,A,,,,,,,,,,,2012-06-07,,051MXG3j7k6gYk7iN4ZfhG,,,,,,1.0,,,,,,,,,,,,,,,,,,,,,,,,,,,,,,,,,,,,,,,L,False,2021-08-18 02:15:17.034428+00:00
800,14400,2012-05-30,00:56:21,C5157856,,,2012-05-30,C,0,OTTL,,,,,,1500.0,ARS,7500,10,00,,,,,,,82223,2012-06-11,1,,,,RVAAAR,1,F2,100,,OTTL,,,,,,,,,CL308,,,ARS,,,,,,,,7500,0.0,,,,,,,,,,,,A,,,,,7500,,,,,,,,,,,,,,0.0,,,,,A,,,,,,,,,,,2012-06-07,,051MXG3j7k6gl30kFyk4EG,,,,,,1.0,,,,,,,,,,,,,,,,,,,,,,,,,,,,,,,,,,,,,,,L,False,2021-08-18 02:15:17.034428+00:00
800,14401,2012-05-30,01:15:41,C5157856,,,2012-05-30,C,0,OTTL,,,,,,1500.0,ARS,7500,10,00,,,,,,,82224,2012-06-11,1,,,,RVAAAR,1,F2,100,,TEST,,,,,,,,,CL308,,,ARS,,,,,,,,7500,0.0,,,,,,,,,,,,A,,,,,7500,,,,,,,,,,,,,,0.0,,,,,A,,,,,,,,,,,2012-06-07,,051MXG3j7k6gl8QXWa3aEG,,,,,,1.0,,,,,,,,,,,,,,,,,,,,,,,,,,,,,,,,,,,,,,,L,False,2021-08-18 02:15:17.034428+00:00
800,14402,2012-05-30,01:37:09,C5157856,,,2012-05-30,C,0,OTTL,,,,,,1500.0,ARS,7500,10,00,,,,,,,82225,2012-06-11,1,,,,RVAAAR,1,F2,100,,TEST,,,,,,,,,CL308,,,ARS,,,,,,,,7500,0.0,,,,,,,,,,,,A,,,14401.0,,7500,,,,,,,,,,,,C,,0.0,,,,,A,,,,,,,,,,,2012-06-07,,051MXG3j7k6glEQWtZaaEG,,,,,,1.0,,,,,,,,,,,,,,,,,,,,,,,,,,,,,,,,,,,,,,,L,False,2021-08-18 02:15:29.602872+00:00
800,14416,2012-05-31,22:56:06,C5157856,,,2012-05-31,C,0,OTTL,,,,,,2000.0,ARS,7500,10,00,,,,,,,82247,2012-06-14,1,,,,RVAAAR,1,F2,100,,OTTL-LA,,,,,,,,,CL308,,,ARS,,,,,,,,7500,0.0,,,,,,,,,,,,A,,,,,7500,,,,,,,,,,,,,,0.0,,,,,A,,,,,,,,,,,2012-06-12,,051MXG3j7k6gx652nLvaEG,,,,,,1.0,,,,,,,,,,,,,,,,,,,,,,,,,,,,,,,,,,,,,,,L,False,2021-08-18 02:15:17.034428+00:00
800,14417,2012-05-31,22:58:44,C5157856,,,2012-05-31,C,0,OTTL,,,,,,2000.0,ARS,7500,10,00,,,,,,,82248,2012-06-14,1,,,,RVAAAR,1,F2,100,,OTTL-LA-2,,,,,,,,,CL308,,,ARS,,,,,,,,7500,0.0,,,,,,,,,,,,A,,,14416.0,,7500,,,,,,,,,,,,C,,0.0,,,,,A,,,,,,,,,,,2012-06-12,,051MXG3j7k6gx6q9kpqaEG,,,,,,1.0,,,,,,,,,,,,,,,,,,,,,,,,,,,,,,,,,,,,,,,L,False,2021-08-18 02:15:29.602872+00:00
800,14418,2012-05-31,23:01:41,C5157856,,,2012-05-31,C,0,OTTL,,,,,,2000.0,ARS,7500,10,00,,,,,,,82249,2012-06-14,1,,,,RVAAAR,1,F2,100,,TEST,,,,,,,,,CL308,,,ARS,,,,,,,,7500,0.0,,,,,,,,,,,,A,,,14417.0,,7500,,,,,,,,,,,,C,,0.0,,,,,A,,,,,,,,,,,2012-06-12,,051MXG3j7k6gx7d9Mao4EG,,,,,,1.0,,,,,,,,,,,,,,,,,,,,,,,,,,,,,,,,,,,,,,,L,False,2021-08-18 02:15:29.602872+00:00
800,14419,2012-05-31,23:06:00,C5157856,,,2012-05-31,C,0,OTTL,,,,,,2000.0,ARS,7500,10,00,,,,,,,82250,2012-06-14,1,,,,RVAAAR,1,F2,100,,TEST-1,,,,,,,,,CL308,,,ARS,,,,,,,,7500,0.0,,,,,,,,,,,,A,,,,,7500,,,,,,,,,,,,,,0.0,,,,,A,,,,,,,,,,,2012-06-12,,051MXG3j7k6gx8rzPbhaEG,,,,,,1.0,,,,,,,,,,,,,,,,,,,,,,,,,,,,,,,,,,,,,,,L,False,2021-08-18 02:15:17.034428+00:00
800,14420,2012-05-31,23:10:05,C5157856,,,2012-05-31,C,0,OTTL,,,,,,2000.0,ARS,7500,10,00,,,,,,,82251,2012-06-14,1,,,,RVAAAR,1,F2,100,,test3,,,,,,,,,CL308,,,ARS,,,,,,,,7500,0.0,,,,,,,,,,,,A,,,14419.0,,7500,,,,,,,,,,,,C,,0.0,,,,,A,,,,,,,,,,,2012-06-12,,051MXG3j7k6gx9zkWop4EG,,,,,,1.0,,,,,,,,,,,,,,,,,,,,,,,,,,,,,,,,,,,,,,,L,False,2021-08-18 02:15:29.602872+00:00
800,5360,1998-03-06,16:35:55,D020740,,,1998-03-06,C,0,TA,,,,,,232.5,USD,R300,R6,R1,,,,,,,13877,1998-03-13,1,,,,VKPUS3,1,F2,100,,r300206039801,,,,,,,,,R3002,,000001,USD,,,,,,,,R300,0.0,,,,,,,,,,,,A,,,,,R300,,,,,,,,,,,,,,0.0,,,,,,,,,,,,,,B,,,,,,,,,,,,,,,,,,,,,,,,,,,,,,,,,,,,,,,,,,,,,,,,,L,False,2021-08-18 02:15:10.917494+00:00
800,13946,2011-03-31,08:50:21,I023055,,,2011-03-31,C,0,TA,,,,,,30000.0,RUB,9000,10,00,,,,,,,80378,2011-04-11,1,,,,RVAARU,2,F2,100,,,,,,,,,,,RU-01,,,RUB,,,,,,,,9000,0.0,,,,,,,,,,,,A,,,40000206.0,,9000,,,,,,,,,,,,G,SD0001,0.0,,,,,A,,,,,,,,,,,2011-03-31,,01Z{UNA27k2Mx6Ic37vpOW,,,,,,,,,,,,,,,,,,,,,,,,,,,,,,,,,,,,,,,,,,,,,L,False,2021-08-18 02:15:29.602872+00:00
800,14057,2011-07-20,09:54:00,I023055,,,2011-07-20,C,0,TA,,,,,,1062500000.0,RUB,9000,10,00,,,,,,,80900,2011-07-27,1,,,,RVAARU,2,F2,100,,,,,,,,,,,RU-01,,,RUB,,,,,,,,9000,0.0,,,,,,,,,,,,A,,,,,9000,,,,,,,,,,,,,SD0001,0.0,,,,,A,,,,,,,,,,,2011-07-20,,01Z{UNA27k2irAqFNxEhhm,,,,,,,,,,,,,,,,,,,,,,,,,,,,,,,,,,,,,,,,,,,,,L,False,2021-08-18 02:15:03.820583+00:00
800,14088,2011-08-26,12:20:28,I023055,,,2011-08-26,C,0,TA,,,,,,30000.0,RUB,9000,10,00,,,,,,,81020,2011-08-26,1,,,,RVAARU,2,F2,100,,RU-01 -26.09,,,,,,,,,RU-01,,,RUB,,,,,,,,9000,0.0,,,,,,,,,,,,A,,,,,9000,,,,,,,,,,,,,SD0001,0.0,,,,,A,,,,,,,,,,,2011-08-26,,01Z{UNA27k2p{Q1}czNe0m,,,,,,,,,,,,,,,,,,,,,,,,,,,,,,,,,,,,,,,,,,,,,L,False,2021-08-18 02:15:03.820583+00:00
800,14181,2011-11-30,12:00:50,I070249,,,2011-11-30,C,0,TA,,,,,,12500.0,RUB,9000,10,00,,,,,,,81405,2011-12-09,1,,,,RVAARU,2,F2,100,,,,,,,,,,,RU-01,,,RUB,,,,,,,,9000,0.0,,,,,,,,,,,,A,,,,,9000,,,,,,,,,,,,,SD0001,0.0,,,,,A,,,,,,,,,,,2011-12-09,,01Z{UNA27k66w584UC5cIm,,,,,,,,,,,,,,,,,,,,,,,,,,,,,,,,,,,,,,,,,,,,,L,False,2021-08-18 02:15:03.820583+00:00
800,14208,2011-12-13,07:19:46,I070249,,,2011-12-13,C,0,TA,,,,,,12500.0,RUB,9000,10,00,,,,,,,81506,2011-12-22,1,,,,RVAARU,2,F2,100,,,,,,,,,,,RU-01,,,RUB,,,,,,,,9000,0.0,,,,,,,,,,,,A,,,,,9000,,,,,,,,,,,,,SD0001,0.0,,,,,A,,,,,,,,,,,2011-12-22,,01Z{UNA27k69gat9T6dbjG,,,,,,,,,,,,,,,,,,,,,,,,,,,,,,,,,,,,,,,,,,,,,L,False,2021-08-18 02:15:03.820583+00:00
800,40000206,2011-03-31,08:46:19,I023055,,,2011-03-31,G,4,KM,,,,,,18000000.0,RUB,9000,10,00,,,,,2011-03-31,2015-12-31,80377,,1,,,,RVAARU,2,,100,,контракт IDES-RU,,2011-03-31,,,,,,,RU-01,,,RUB,,,,,,,,9000,0.0,,,,,,,,,,,,,,,,,9000,,,,,,,,,,,,,,0.0,,,,,,,,,,,,,,,,,,01Z{UNA27k2Mx5AV5C0pOW,,,,,,,,,,,,,,,,,,,,,,,,,,,,,,,,,,,,,,,,,,,,,L,False,2021-08-18 02:15:17.034428+00:00
800,14687,2012-07-25,14:33:26,C5166245,,,2012-07-25,C,0,ZGT1,,,,,,15000.0,NZD,8590,10,00,,,,,,,82821,2012-08-03,1,,,,RVAANZ,2,ZGT1,100,,IDES_Test,,,,,,,,,A300015,,,NZD,,,,,,,,8500,0.0,,8590.0,A300015,,ZZZ,999.0,NZD,,,,,A,,,,,8590,,,,,,,,,,,,,,0.0,,,,,A,,,,,,,,,,,2012-08-02,,051MXG3j7j6rofsrvm38nW,,,,,,,,,,,,,,,,,,,,,,,,,,,,,,,,,,,,,,,,,,,,,L,False,2021-08-18 02:15:17.034428+00:00
800,16565,2015-02-25,13:02:03,TCS_DEMO_2ND,,,2015-02-25,C,0,ZGT1,,,,,,15000.0,NZD,8590,10,00,,,,,,,88492,2015-03-06,1,,,,RVAANZ,2,ZGT1,100,,IDES_Test,,,,,,,,,A300015,,,NZD,,,,,,,,8500,0.0,,8590.0,A300015,,ZZZ,999.0,NZD,,,,,A,,,,,8590,,,,,,,,,,,,,,0.0,,,,,A,,,,,,,,,,,2015-03-05,,051MXMaN7jIldCD4J2QD5G,,,,,,,,,,,,,,,,,,,,,,,,,,,,,,,,,,,,,,,,,,,,,L,False,2021-08-18 02:15:17.034428+00:00
800,18364,2016-06-13,11:22:09,C5245479,,,2016-06-13,C,0,ZGT1,,,,,,15000.0,NZD,8590,10,00,,,,,,,92726,2016-06-22,1,,,,RVAANZ,2,ZGT1,100,,Udes_test,,,,,,,,,A300015,,,NZD,,,,,,,,8500,0.0,,8590.0,A300015,,ZZZ,999.0,NZD,,,,,A,,,,,8590,,,,,,,,,,,,,,0.0,,,,,A,,,,,,,,,,,2016-06-21,,051MXMaN7jQCgGZglTsWpm,,,,20160613092227.137,,,,,,,,,,,,,,,,,,,,,,,,,,,,,,,,,,,,,,,,,L,False,2021-08-18 02:15:23.399543+00:00
800,18388,2016-07-28,15:11:30,C5245479,,,2016-07-28,C,0,ZGT1,,,,,,1000.0,USD,5000,10,00,,,,,,,92862,2016-08-08,1,,,,RVAA01,3,ZGT1,100,,,,,,,,,,,JGTS002,,Z00001,JPY,,,,,,,,5000,0.0,,,,,,,,,,,,A,,,,,5000,,,,,,,,,,,,,,0.0,,,,,A,,,,,,,,,,,2016-08-04,,051MXMaN7jQLc9YRAaS0rW,,,,20160728132011.68,,,,,,,,,,,,,,,,,,,,,,,,,,,,,,,,,,,,,,,,,L,False,2021-08-18 02:15:17.034428+00:00
800,18412,2016-08-18,11:19:30,C5245479,,,2016-08-18,C,0,ZGT1,,,,,,1000.0,USD,5000,10,00,,,,,,,92959,2016-08-29,1,,,,RVAA01,3,ZGT1,100,,,,,,,,,,,JGTS002,,Z00001,JPY,,,,,,,,5000,0.0,,,,,,,,,,,,A,,,,,5000,,,,,,,,,,,,,,0.0,,,,,A,,,,,,,,,,,2016-08-25,,051MXMaN7jQPf9jS2uvWt0,,,,20160818091949.79,,,,,,,,,,,,,,,,,,,,,,,,,,,,,,,,,,,,,,,,,L,False,2021-08-18 02:15:17.034428+00:00
800,17498,2015-09-11,08:57:31,I304043,,,2015-09-11,C,0,TA,,,,,,80.0,CNY,2800,10,00,,,,,,,90689,2015-09-12,1,,,,RVAA01,1,F2,100,,123#,,,,,,,,,0000002800,,,CNY,,,,,,,,2800,0.0,,,,,,,,,,,,A,,,,,2800,,,,,,,,,,,,,,0.0,,,,,A,,,,,,,,,,,2015-09-11,,051MXMaN7kMMYaisczwBIG,,,,20150911070545.273,,,,,,,,,,,,,,,,,,,,,,,,,,,,,,,,,,,,,,,,,L,False,2021-08-18 02:15:23.399543+00:00
800,17605,2015-09-29,11:15:22,I304043,,,2015-09-29,C,0,TA,,,,,,80.0,CNY,2800,10,00,,,,,,,90921,2015-09-30,1,,,,RVAA01,1,F2,100,,,,,,,,,,,0000002800,,,CNY,,,,,,,,2800,0.0,,,,,,,,,,,,A,,,,,2800,,,,,,,,,,,,,,0.0,,,,,A,,,,,,,,,,,2015-09-29,,051MXMaN7kMPqLCo5ml4iG,,,,20150929091756.07,,,,,,,,,,,,,,,,,,,,,,,,,,,,,,,,,,,,,,,,,L,False,2021-08-18 02:15:17.034428+00:00
800,17606,2015-09-29,11:30:29,I304043,,,2015-09-29,C,0,TA,,,,,,,CNY,2800,10,00,,,,,,,90922,2015-09-30,1,,,,RVAA01,1,F2,100,,,,,,,,,,,0000002800,,,CNY,,,,,,,,2800,0.0,,,,,,,,,,,,A,,,,,2800,,,,,,,,,,,,,,0.0,,,,,A,,,,,,,,,,,2015-09-29,,051MXMaN7kMPqPPl9D94iG,,,,20150929093421.816,,,,,,,,,,,,,,,,,,,,,,,,,,,,,,,,,,,,,,,,,L,False,2021-08-18 02:15:17.034428+00:00
800,17607,2015-09-30,13:10:04,RFCHYBRIS,,,2015-09-30,C,0,TA,,,,,,1.0,CNY,2800,10,00,,,,,,,90923,2015-10-01,1,,,,RVAA01,1,F2,100,,,,,,,,,,,0000002800,,,CNY,2015-11-10,,,,,,,2800,0.0,,,,,,,,,,,,A,,,,,2800,,,,,,,,,,,,,,0.0,,,,,A,,,,,,,,,,,,,051MXMaN7kMPx7ZZylA4iG,,,,20151110055318.492,,,,,,,,,,,,,,,,,,,,,,,,,,,,,,,,,,,,,,,,,L,False,2021-08-18 02:15:29.602872+00:00
800,17608,2015-09-30,13:20:09,RFCHYBRIS,,,2015-09-30,C,0,TA,,,,,,91.0,CNY,2800,10,00,,,,,,,90924,2015-10-01,1,,,,RVAA01,1,F2,100,,1234567898098876654,,,,,,,,,0000002800,,,CNY,2015-11-10,,,,,,,2800,0.0,,,,,,,,,,,,A,,,,,2800,,,,,,,,,,,,,,0.0,,,,,A,,,,,,,,,,,,,051MXMaN7kMPxAOpOuyaiG,,,,20151110055321.52,,,,,,,,,,,,,,,,,,,,,,,,,,,,,,,,,,,,,,,,,L,False,2021-08-18 02:15:29.602872+00:00
800,17609,2015-09-30,13:24:50,I304043,,,2015-09-30,C,0,TA,,,,,,90.0,CNY,2800,10,00,,,,,,,90925,2015-10-01,1,,,,RVAA01,1,F2,100,,ASDFAF,,,,,,,,,0000002800,,,CNY,,,,,,,,2800,0.0,,,,,,,,,,,,A,,,,,2800,,,,,,,,,,,,,,0.0,,,,,A,,,,,,,,,,,2015-09-30,,051MXMaN7kMPxBjATn{4iG,,,,20150930112513.113,,,,,,,,,,,,,,,,,,,,,,,,,,,,,,,,,,,,,,,,,L,False,2021-08-18 02:15:23.399543+00:00
800,17610,2015-09-30,13:29:54,RFCHYBRIS,,,2015-09-30,C,0,TA,,,,,,1.0,CNY,2800,10,00,,,,,,,90926,2015-10-01,1,,,,RVAA01,1,F2,100,,1234567890987654,,,,,,,,,0000002800,,,CNY,2015-11-10,,,,,,,2800,0.0,,,,,,,,,,,,A,,,,,2800,,,,,,,,,,,,,,0.0,,,,,A,,,,,,,,,,,2015-09-30,,051MXMaN7kMPxD5uYMu4iG,,,,20151110055323.777,,,,,,,,,,,,,,,,,,,,,,,,,,,,,,,,,,,,,,,,,L,False,2021-08-18 02:15:29.602872+00:00
800,17611,2015-09-30,13:46:54,RFCHYBRIS,,,2015-09-30,C,0,TA,,,,,,1.0,CNY,2800,10,00,,,,,,,90927,2015-10-01,1,,,,RVAA01,1,F2,100,,leon debug,,,,,,,,,0000002800,,,CNY,2015-11-10,,,,,,,2800,0.0,,,,,,,,,,,,A,,,,,2800,,,,,,,,,,,,,,0.0,,,,,A,,,,,,,,,,,2015-09-30,,051MXMaN7kMPxHynRcK4iG,,,,20151110055325.76,,,,,,,,,,,,,,,,,,,,,,,,,,,,,,,,,,,,,,,,,L,False,2021-08-18 02:15:29.602872+00:00
800,17612,2015-09-30,14:18:51,RFCHYBRIS,,,2015-09-30,C,0,TA,,,,,,1.0,CNY,2800,10,00,,,,,,,90928,2015-10-01,1,,,,RVAA01,1,F2,100,,,,,,,,,,,0000002800,,,CNY,2015-11-10,,,,,,,2800,0.0,,,,,,,,,,,,A,,,,,2800,,,,,,,,,,,,,,0.0,,,,,A,,,,,,,,,,,2015-09-30,,051MXMaN7kMPxQniy0x4iG,,,,20151110055327.594,,,,,,,,,,,,,,,,,,,,,,,,,,,,,,,,,,,,,,,,,L,False,2021-08-18 02:15:23.399543+00:00
800,17613,2015-09-30,14:24:44,RFCHYBRIS,,,2015-09-30,C,0,TA,,,,,,90.0,CNY,2800,10,00,,,,,,,90929,2015-10-01,1,,,,RVAA01,1,F2,100,,,,,,,,,,,0000002800,,,CNY,,,,,,,,2800,0.0,,,,,,,,,,,,A,,,,,2800,,,,,,,,,,,,,,0.0,,,,,A,,,,,,,,,,,2015-09-30,,051MXMaN7kMPxSRTBkp4iG,,,,20150930122751.23,,,,,,,,,,,,,,,,,,,,,,,,,,,,,,,,,,,,,,,,,L,False,2021-08-18 02:15:17.034428+00:00
800,17614,2015-09-30,14:31:21,RFCHYBRIS,,,2015-09-30,C,0,TA,,,,,,1.0,CNY,2800,10,00,,,,,,,90930,2015-10-01,1,,,,RVAA01,1,F2,100,,,,,,,,,,,0000002800,,,CNY,2015-11-10,,,,,,,2800,0.0,,,,,,,,,,,,A,,,,,2800,,,,,,,,,,,,,,0.0,,,,,A,,,,,,,,,,,2015-09-30,,051MXMaN7kMPxUIinUl4iG,,,,20151110055329.457,,,,,,,,,,,,,,,,,,,,,,,,,,,,,,,,,,,,,,,,,L,False,2021-08-18 02:15:23.399543+00:00
800,17615,2015-09-30,14:39:58,RFCHYBRIS,,,2015-09-30,C,0,TA,,,,,,90.0,CNY,2800,10,00,,,,,,,90931,2015-10-01,1,,,,RVAA01,1,F2,100,,,,,,,,,,,0000002800,,,CNY,,,,,,,,2800,0.0,,,,,,,,,,,,A,,,,,2800,,,,,,,,,,,,,,0.0,,,,,A,,,,,,,,,,,2015-09-30,,051MXMaN7kMPxWiuza54iG,,,,20150930124045.3,,,,,,,,,,,,,,,,,,,,,,,,,,,,,,,,,,,,,,,,,L,False,2021-08-18 02:15:17.034428+00:00
800,17636,2015-10-13,05:41:53,RFCHYBRIS,,,2015-10-13,C,0,TA,,,,,,1.0,CNY,2800,10,00,,,,,,,91001,2015-10-14,1,,,,RVAA01,1,F2,100,,12345678,,,,,,,,,0000002800,,,CNY,2015-11-10,,,,,,,2800,0.0,,,,,,,,,,,,A,,,,,2800,,,,,,,,,,,,,,0.0,,,,,A,,,,,,,,,,,2015-10-13,,051MXMaN7kMSgufbhx1GLG,,,,20151110055331.246,,,,,,,,,,,,,,,,,,,,,,,,,,,,,,,,,,,,,,,,,L,False,2021-08-18 02:15:29.602872+00:00
800,17637,2015-10-13,05:52:37,RFCHYBRIS,,,2015-10-13,C,0,TA,,,,,,1.0,CNY,2800,10,00,,,,,,,91002,2015-10-14,1,,,,RVAA01,1,F2,100,,12345678,,,,,,,,,0000002800,,,CNY,2015-11-10,,,,,,,2800,0.0,,,,,,,,,,,,A,,,,,2800,,,,,,,,,,,,,,0.0,,,,,A,,,,,,,,,,,2015-10-13,,051MXMaN7kMSgxeqY{ymLG,,,,20151110055333.31,,,,,,,,,,,,,,,,,,,,,,,,,,,,,,,,,,,,,,,,,L,False,2021-08-18 02:15:29.602872+00:00
800,17641,2015-10-14,10:42:47,RFCHYBRIS,,,2015-10-14,C,0,TA,,,,,,1.0,CNY,2800,10,00,,,,,,,91020,2015-10-15,1,,,,RVAA01,1,F2,100,,120356789012334,,,,,,,,,0000002800,,,CNY,2015-11-10,,,,,,,2800,0.0,,,,,,,,,,,,A,,,,,2800,,,,,,,,,,,,,,0.0,,,,,A,,,,,,,,,,,2015-10-14,,051MXMaN7jMSoV3rPkIQ7W,,,,20151110055335.098,,,,,,,,,,,,,,,,,,,,,,,,,,,,,,,,,,,,,,,,,L,False,2021-08-18 02:15:29.602872+00:00
800,17644,2015-10-15,13:40:58,I304043,,,2015-10-15,C,0,TA,,,,,,90.0,CNY,2800,10,00,,,,,,,91027,2015-10-16,1,,,,RVAA01,1,F2,100,,C2FTEST2,,,,,,,,,0000002800,,,CNY,,,,,,,,2800,0.0,,,,,,,,,,,,A,,,,,2800,,,,,,,,,,,,,,0.0,,,,,A,,,,,,,,,,,2015-10-16,,051MXMaN7jMSvZB5rNjQ7W,,,,20151015114610.44,,,,,,,,,,,,,,,,,,,,,,,,,,,,,,,,,,,,,,,,,L,False,2021-08-18 02:15:23.399543+00:00
800,17649,2015-10-26,09:20:39,RFCHYBRIS,,,2015-10-26,C,0,TA,,,,,,1.0,CNY,2800,10,00,,,,,,,91078,2015-10-27,1,,,,RVAA01,1,F2,100,,,,,,,,,,,0000002800,,,CNY,2015-11-10,,,,,,,2800,0.0,,,,,,,,,,,,A,,,,,2800,,,,,,,,,,,,,,0.0,,,,,A,,,,,,,,,,,2015-10-27,,051MXMaN7kMUzquH{Oj3Km,,,,20151110055336.953,,,,,,,,,,,,,,,,,,,,,,,,,,,,,,,,,,,,,,,,,L,False,2021-08-18 02:15:29.602872+00:00
800,17652,2015-10-26,10:46:26,RFCHYBRIS,,,2015-10-26,C,0,TA,,,,,,1.0,CNY,2800,10,00,,,,,,,91081,2015-10-27,1,,,,RVAA01,1,F2,100,,123456789,,,,,,,,,0000002800,,,CNY,2015-11-10,,,,,,,2800,0.0,,,,,,,,,,,,A,,,,,2800,,,,,,,,,,,,,,0.0,,,,,A,,,,,,,,,,,2015-10-27,,051MXMaN7kMU{CrOHgOZKm,,,,20151110055339.117,,,,,,,,,,,,,,,,,,,,,,,,,,,,,,,,,,,,,,,,,L,False,2021-08-18 02:15:29.602872+00:00
800,17653,2015-10-26,10:54:41,RFCHYBRIS,,,2015-10-26,C,0,TA,,,,,,1.0,CNY,2800,10,00,,,,,,,91082,2015-10-27,1,,,,RVAA01,1,F2,100,,12345678,,,,,,,,,0000002800,,,CNY,2015-11-10,,,,,,,2800,0.0,,,,,,,,,,,,A,,,,,2800,,,,,,,,,,,,,,0.0,,,,,A,,,,,,,,,,,2015-10-27,,051MXMaN7kMU{F9RzC{ZKm,,,,20151110055341.324,,,,,,,,,,,,,,,,,,,,,,,,,,,,,,,,,,,,,,,,,L,False,2021-08-18 02:15:29.602872+00:00
800,17654,2015-10-26,13:20:45,RFCHYBRIS,,,2015-10-26,C,0,TA,,,,,,1.0,CNY,2800,10,00,,,,,,,91083,2015-10-27,1,,,,RVAA01,1,F2,100,,test,,,,,,,,,0000002800,,,CNY,2015-11-10,,,,,,,2800,0.0,,,,,,,,,,,,A,,,,,2800,,,,,,,,,,,,,,0.0,,,,,A,,,,,,,,,,,2015-10-27,,051MXMaN7kMU{tyxRnT3Km,,,,20151110055343.395,,,,,,,,,,,,,,,,,,,,,,,,,,,,,,,,,,,,,,,,,L,False,2021-08-18 02:15:29.602872+00:00
800,17655,2015-10-26,13:55:44,I304043,,,2015-10-26,C,0,TA,,,,,,1.0,CNY,2800,10,00,,,,,,,91084,2015-10-27,1,,,,RVAA01,1,F2,100,,,,,,,,,,,0000002800,,,CNY,2015-11-10,,,,,,,2800,0.0,,,,,,,,,,,,A,,,,,2800,,,,,,,,,,,,,,0.0,,,,,A,,,,,,,,,,,2015-10-27,,051MXMaN7kMU}1kjjtUZKm,,,,20151110055345.44,,,,,,,,,,,,,,,,,,,,,,,,,,,,,,,,,,,,,,,,,L,False,2021-08-18 02:15:23.399543+00:00
800,17656,2015-10-26,14:59:20,RFCHYBRIS,,,2015-10-26,C,0,TA,,,,,,92.0,CNY,2800,10,00,,,,,,,91085,2015-10-27,1,,,,RVAA01,1,F2,100,,123456789,,,,,,,,,0000002800,,,CNY,2015-11-10,,,,,,,2800,0.0,,,,,,,,,,,,A,,,,,2800,,,,,,,,,,,,,,0.0,,,,,A,,,,,,,,,,,2015-10-27,,051MXMaN7kMU}JTrWDyZKm,,,,20151110055347.414,,,,,,,,,,,,,,,,,,,,,,,,,,,,,,,,,,,,,,,,,L,False,2021-08-18 02:15:29.602872+00:00
800,17658,2015-10-26,17:25:53,I304043,,,2015-10-26,C,0,TA,,,,,,92.0,CNY,2800,10,00,,,,,,,91087,2015-10-27,1,,,,RVAA01,1,F2,100,,C2FTEST3,,,,,,,,,0000002800,,,CNY,2015-11-10,,,,,,,2800,0.0,,,,,,,,,,,,A,,,,,2800,,,,,,,,,,,,,,0.0,,,,,A,,,,,,,,,,,2015-10-27,,051MXMaN7kMU}yQwfye3Km,,,,20151110055349.54,,,,,,,,,,,,,,,,,,,,,,,,,,,,,,,,,,,,,,,,,L,False,2021-08-18 02:15:29.602872+00:00
800,17659,2015-10-26,17:53:30,I304043,,,2015-10-26,C,0,TA,,,,,,92.0,CNY,2800,10,00,,,,,,,91088,2015-10-27,1,,,,RVAA01,1,F2,100,,C2FTEST3,,,,,,,,,0000002800,,,CNY,,,,,,,,2800,0.0,,,,,,,,,,,,A,,,,,2800,,,,,,,,,,,,,,0.0,,,,,A,,,,,,,,,,,2015-10-27,,051MXMaN7kMVW48I5ng3Km,,,,20151026165418.688,,,,,,,,,,,,,,,,,,,,,,,,,,,,,,,,,,,,,,,,,L,False,2021-08-18 02:15:23.399543+00:00
800,17660,2015-10-27,06:25:08,I304043,,,2015-10-27,C,0,TA,,,,,,92.0,CNY,2800,10,00,,,,,,,91098,2015-10-28,1,,,,RVAA01,1,F2,100,,,,,,,,,,,0000002800,,,CNY,2015-11-10,,,,,,,2800,0.0,,,,,,,,,,,,A,,,,,2800,,,,,,,,,,,,,,0.0,,,,,A,,,,,,,,,,,2015-10-28,,051MXMaN7kMVZM9fMEk3Km,,,,20151110055351.508,,,,,,,,,,,,,,,,,,,,,,,,,,,,,,,,,,,,,,,,,L,False,2021-08-18 02:15:29.602872+00:00
800,17661,2015-10-27,07:18:55,RFCHYBRIS,,,2015-10-27,C,0,TA,,,,,,92.0,CNY,2800,10,00,,,,,,,91099,2015-10-28,1,,,,RVAA01,1,F2,100,,123456789,,,,,,,,,0000002800,,,CNY,2015-11-10,,,,,,,2800,0.0,,,,,,,,,,,,A,,,,,2800,,,,,,,,,,,,,,0.0,,,,,A,,,,,,,,,,,2015-10-28,,051MXMaN7kMVZbAZNmb3Km,,,,20151110055353.5,,,,,,,,,,,,,,,,,,,,,,,,,,,,,,,,,,,,,,,,,L,False,2021-08-18 02:15:29.602872+00:00
800,17662,2015-10-27,07:46:11,RFCHYBRIS,,,2015-10-27,C,0,TA,,,,,,92.0,CNY,2800,10,00,,,,,,,91100,2015-10-28,1,,,,RVAA01,1,F2,100,,12345678,,,,,,,,,0000002800,,,CNY,2015-11-10,,,,,,,2800,0.0,,,,,,,,,,,,A,,,,,2800,,,,,,,,,,,,,,0.0,,,,,A,,,,,,,,,,,2015-10-28,,051MXMaN7kMVZioRKfHZKm,,,,20151110055355.344,,,,,,,,,,,,,,,,,,,,,,,,,,,,,,,,,,,,,,,,,L,False,2021-08-18 02:15:29.602872+00:00
800,17663,2015-10-27,08:17:22,RFCHYBRIS,,,2015-10-27,C,0,TA,,,,,,92.0,CNY,2800,10,00,,,,,,,91101,2015-10-28,1,,,,RVAA01,1,F2,100,,,,,,,,,,,0000002800,,,CNY,2015-11-10,,,,,,,2800,0.0,,,,,,,,,,,,A,,,,,2800,,,,,,,,,,,,,,0.0,,,,,A,,,,,,,,,,,2015-10-28,,051MXMaN7kMVZrVEvoMZKm,,,,20151110055357.223,,,,,,,,,,,,,,,,,,,,,,,,,,,,,,,,,,,,,,,,,L,False,2021-08-18 02:15:29.602872+00:00
800,17664,2015-10-27,08:20:57,RFCHYBRIS,,,2015-10-27,C,0,TA,,,,,,92.0,CNY,2800,10,00,,,,,,,91102,2015-10-28,1,,,,RVAA01,1,F2,100,,12345678,,,,,,,,,0000002800,,,CNY,2015-11-10,,,,,,,2800,0.0,,,,,,,,,,,,A,,,,,2800,,,,,,,,,,,,,,0.0,,,,,A,,,,,,,,,,,2015-10-28,,051MXMaN7kMVZsWXMAf3Km,,,,20151110055359.02,,,,,,,,,,,,,,,,,,,,,,,,,,,,,,,,,,,,,,,,,L,False,2021-08-18 02:15:29.602872+00:00
800,17665,2015-10-27,08:32:57,RFCHYBRIS,,,2015-10-27,C,0,TA,,,,,,92.0,CNY,2800,10,00,,,,,,,91103,2015-10-28,1,,,,RVAA01,1,F2,100,,leon 123,,,,,,,,,0000002800,,,CNY,2015-11-10,,,,,,,2800,0.0,,,,,,,,,,,,A,,,,,2800,,,,,,,,,,,,,,0.0,,,,,A,,,,,,,,,,,2015-10-28,,051MXMaN7kMVZvrYS{F3Km,,,,20151110055400.875,,,,,,,,,,,,,,,,,,,,,,,,,,,,,,,,,,,,,,,,,L,False,2021-08-18 02:15:29.602872+00:00
800,17668,2015-10-29,08:52:45,RFCHYBRIS,,,2015-10-29,C,0,TA,,,,,,92.0,CNY,2800,10,00,,,,,,,91106,2015-10-30,1,,,,RVAA01,1,F2,100,,leon test,,,,,,,,,0000002800,,,CNY,2015-11-10,,,,,,,2800,0.0,,,,,,,,,,,,A,,,,,2800,,,,,,,,,,,,,,0.0,,,,,A,,,,,,,,,,,2015-10-30,,051MXMaN7kMVma3fWBNZKm,,,,20151110055402.8,,,,,,,,,,,,,,,,,,,,,,,,,,,,,,,,,,,,,,,,,L,False,2021-08-18 02:15:29.602872+00:00
800,17669,2015-10-29,09:44:20,RFCHYBRIS,,,2015-10-29,C,0,TA,,,,,,92.0,CNY,2800,10,00,,,,,,,91111,2015-10-30,1,,,,RVAA01,1,F2,100,,Leon for Kevin,,,,,,,,,0000002800,,,CNY,2015-11-10,,,,,,,2800,0.0,,,,,,,,,,,,A,,,,,2800,,,,,,,,,,,,,,0.0,,,,,A,,,,,,,,,,,2015-10-30,,051MXMaN7kMVmoVBSXY3Km,,,,20151110055404.594,,,,,,,,,,,,,,,,,,,,,,,,,,,,,,,,,,,,,,,,,L,False,2021-08-18 02:15:29.602872+00:00
800,17670,2015-10-29,09:51:47,RFCHYBRIS,,,2015-10-29,C,0,TA,,,,,,92.0,CNY,2800,10,00,,,,,,,91116,2015-10-30,1,,,,RVAA01,1,F2,100,,C2F01,,,,,,,,,0000002800,,,CNY,,,,,,,,2800,0.0,,,,,,,,,,,,A,,,,,2800,,,,,,,,,,,,,,0.0,,,,,A,,,,,,,,,,,2015-10-30,,051MXMaN7kMVmqYmBc4ZKm,,,,20151029090619.28,,,,,,,,,,,,,,,,,,,,,,,,,,,,,,,,,,,,,,,,,L,False,2021-08-18 02:15:23.399543+00:00
800,17671,2015-10-29,10:33:46,RFCHYBRIS,,,2015-10-29,C,0,TA,,,,,,92.0,CNY,2800,10,00,,,,,,,91117,2015-10-30,1,,,,RVAA01,1,F2,100,,leon,,,,,,,,,0000002800,,,CNY,2015-11-10,,,,,,,2800,0.0,,,,,,,,,,,,A,,,,,2800,,,,,,,,,,,,,,0.0,,,,,A,,,,,,,,,,,2015-10-30,,051MXMaN7kMVn0JAw4X3Km,,,,20151110055406.77,,,,,,,,,,,,,,,,,,,,,,,,,,,,,,,,,,,,,,,,,L,False,2021-08-18 02:15:29.602872+00:00
800,17675,2015-10-30,10:02:46,RFCHYBRIS,,,2015-10-30,C,0,TA,,,,,,92.0,CNY,2800,10,00,,,,,,,91127,2015-10-31,1,,,,RVAA01,1,F2,100,,test,,,,,,,,,0000002800,,,CNY,2015-11-10,,,,,,,2800,0.0,,,,,,,,,,,,A,,,,,2800,,,,,,,,,,,,,,0.0,,,,,A,,,,,,,,,,,2015-10-30,,051MXMaN7kMVt9zS5JEZKm,,,,20151110055408.83,,,,,,,,,,,,,,,,,,,,,,,,,,,,,,,,,,,,,,,,,L,False,2021-08-18 02:15:29.602872+00:00
800,17709,2015-11-03,11:50:48,C5212517,,,2015-11-03,C,0,TA,,,,,,90.0,CNY,2800,10,00,,,,,,,91180,2015-11-04,1,,,,RVAA01,1,F2,100,,X123,,,,,,,,,0000002800,,,CNY,,,,,,,,2800,0.0,,,,,,,,,,,,A,,,,,2800,,,,,,,,,,,,,,0.0,,,,,A,,,,,,,,,,,2015-11-04,,051MXMaN7jMWmnUCE6shIG,,,,20151103105609.0,,,,,,,,,,,,,,,,,,,,,,,,,,,,,,,,,,,,,,,,,L,False,2021-08-18 02:15:23.399543+00:00
800,17728,2015-11-04,00:51:59,I304043,,,2015-11-04,C,0,TA,,,,,,90.0,CNY,2800,10,00,,,,,,,91199,2015-11-05,1,,,,RVAA01,1,F2,100,,C2FTEST7,,,,,,,,,0000002800,,,CNY,,,,,,,,2800,0.0,,,,,,,,,,,,A,,,,,2800,,,,,,,,,,,,,,0.0,,,,,A,,,,,,,,,,,2015-11-05,,051MXMaN7jMWqBixNk}hIG,,,,20151103235233.44,,,,,,,,,,,,,,,,,,,,,,,,,,,,,,,,,,,,,,,,,L,False,2021-08-18 02:15:23.399543+00:00
800,17729,2015-11-04,07:23:30,C5212517,,,2015-11-04,C,0,TA,,,,,,90.0,CNY,2800,10,00,,,,,,,91201,2015-11-05,1,,,,RVAA01,1,F2,100,,X111,,,,,,,,,0000002800,,,CNY,,,,,,,,2800,0.0,,,,,,,,,,,,A,,,,,2800,,,,,,,,,,,,,,0.0,,,,,A,,,,,,,,,,,2015-11-05,,051MXMaN7jMWrv6}D0nhIG,,,,20151104062344.09,,,,,,,,,,,,,,,,,,,,,,,,,,,,,,,,,,,,,,,,,L,False,2021-08-18 02:15:23.399543+00:00
800,17730,2015-11-04,08:49:26,C5212517,,,2015-11-04,C,0,TA,,,,,,90.0,CNY,2800,10,00,,,,,,,91203,2015-11-05,1,,,,RVAA01,1,F2,100,,A111,,,,,,,,,0000002800,,,CNY,,,,,,,,2800,0.0,,,,,,,,,,,,A,,,,,2800,,,,,,,,,,,,,,0.0,,,,,A,,,,,,,,,,,2015-11-05,,051MXMaN7jMWsH8jcHDhIG,,,,20151104074947.574,,,,,,,,,,,,,,,,,,,,,,,,,,,,,,,,,,,,,,,,,L,False,2021-08-18 02:15:23.399543+00:00
800,17733,2015-11-04,08:53:43,C5212517,,,2015-11-04,C,0,TA,,,,,,90.0,CNY,2800,10,00,,,,,,,91206,2015-11-05,1,,,,RVAA01,1,F2,100,,A222,,,,,,,,,0000002800,,,CNY,,,,,,,,2800,0.0,,,,,,,,,,,,A,,,,,2800,,,,,,,,,,,,,,0.0,,,,,A,,,,,,,,,,,2015-11-05,,051MXMaN7jMWsIIZyEtBIG,,,,20151104075402.66,,,,,,,,,,,,,,,,,,,,,,,,,,,,,,,,,,,,,,,,,L,False,2021-08-18 02:15:23.399543+00:00
800,17734,2015-11-04,09:02:40,C5212517,,,2015-11-04,C,0,TA,,,,,,90.0,CNY,2800,10,00,,,,,,,91209,2015-11-05,1,,,,RVAA01,1,F2,100,,a333,,,,,,,,,0000002800,,,CNY,,,,,,,,2800,0.0,,,,,,,,,,,,A,,,,,2800,,,,,,,,,,,,,,0.0,,,,,A,,,,,,,,,,,2015-11-05,,051MXMaN7jMWsKrKt14BIG,,,,20151104080251.457,,,,,,,,,,,,,,,,,,,,,,,,,,,,,,,,,,,,,,,,,L,False,2021-08-18 02:15:23.399543+00:00
800,17741,2015-11-04,12:01:12,I048863,,,2015-11-04,C,0,TA,,,,,,90.0,CNY,2800,10,00,,,,,,,91217,2015-11-05,1,,,,RVAA01,1,F2,100,,1111,,,,,,,,,0000002800,,,CNY,,,,,,,,2800,0.0,,,,,,,,,,,,A,,,,,2800,,,,,,,,,,,,,,0.0,,,,,A,,,,,,,,,,,2015-11-05,,051MXMaN7jMWt6hqdWIBIG,,,,20151104110146.703,,,,,,,,,,,,,,,,,,,,,,,,,,,,,,,,,,,,,,,,,L,False,2021-08-18 02:15:23.399543+00:00
800,17744,2015-11-05,07:42:58,I306857,,,2015-11-05,C,0,TA,,,,,,90.0,CNY,2800,10,00,,,,,,,91230,2015-11-06,1,,,,RVAA01,1,F2,100,,12345,,,,,,,,,0000002800,,,CNY,,,,,,,,2800,0.0,,,,,,,,,,,,A,,,,,2800,,,,,,,,,,,,,,0.0,,,,,A,,,,,,,,,,,2015-11-06,,051MXMaN7jMWyGucBbXBIG,,,,20151105064326.99,,,,,,,,,,,,,,,,,,,,,,,,,,,,,,,,,,,,,,,,,L,False,2021-08-18 02:15:23.399543+00:00
800,17745,2015-11-05,08:04:07,I306857,,,2015-11-05,C,0,TA,,,,,,180.0,CNY,2800,10,00,,,,,,,91232,2015-11-06,1,,,,RVAA01,1,F2,100,,,,,,,,,,,0000002800,,,CNY,,,,,,,,2800,0.0,,,,,,,,,,,,A,,,,,2800,,,,,,,,,,,,,,0.0,,,,,A,,,,,,,,,,,2015-11-06,,051MXMaN7jMWyMnICQzhIG,,,,20151105070412.473,,,,,,,,,,,,,,,,,,,,,,,,,,,,,,,,,,,,,,,,,L,False,2021-08-18 02:15:17.034428+00:00
800,17748,2015-11-05,08:29:39,RFCHYBRIS,,,2015-11-05,C,0,TA,,,,,,92.0,CNY,2800,10,00,,,,,,,91235,2015-11-06,1,,,,RVAA01,1,F2,100,,,,,,,,,,,0000002800,,,CNY,2015-11-10,,,,,,,2800,0.0,,,,,,,,,,,,A,,,,,2800,,,,,,,,,,,,,,0.0,,,,,A,,,,,,,,,,,2015-11-06,,051MXMaN7jMWyTxwvKHBIG,,,,20151110055410.98,,,,,,,,,,,,,,,,,,,,,,,,,,,,,,,,,,,,,,,,,L,False,2021-08-18 02:15:29.602872+00:00
800,17749,2015-11-05,09:22:20,I048863,,,2015-11-05,C,0,TA,,,,,,90.0,CNY,2800,10,00,,,,,,,91236,2015-11-06,1,,,,RVAA01,1,F2,100,,1122,,,,,,,,,0000002800,,,CNY,,,,,,,,2800,0.0,,,,,,,,,,,,A,,,,,2800,,,,,,,,,,,,,,0.0,,,,,A,,,,,,,,,,,2015-11-06,,051MXMaN7jMWyieuh2mBIG,,,,20151105082225.363,,,,,,,,,,,,,,,,,,,,,,,,,,,,,,,,,,,,,,,,,L,False,2021-08-18 02:15:23.399543+00:00
800,17750,2015-11-05,10:06:54,I048863,,,2015-11-05,C,0,TA,,,,,,90.0,CNY,2800,10,00,,,,,,,91238,2015-11-06,1,,,,RVAA01,1,F2,100,,,,,,,,,,,0000002800,,,CNY,,,,,,,,2800,0.0,,,,,,,,,,,,A,,,,,2800,,,,,,,,,,,,,,0.0,,,,,A,,,,,,,,,,,2015-11-06,,051MXMaN7jMWyv5f{q0hIG,,,,20151105090658.53,,,,,,,,,,,,,,,,,,,,,,,,,,,,,,,,,,,,,,,,,L,False,2021-08-18 02:15:17.034428+00:00
800,17751,2015-11-05,12:28:03,RFCHYBRIS,,,2015-11-05,C,0,TA,,,,,,92.0,CNY,2800,10,00,,,,,,,91241,2015-11-06,1,,,,RVAA01,1,F2,100,,,,,,,,,,,0000002800,,,CNY,2015-11-10,,,,,,,2800,0.0,,,,,,,,,,,,A,,,,,2800,,,,,,,,,,,,,,0.0,,,,,A,,,,,,,,,,,2015-11-06,,051MXMaN7jMWzWZQszGBIG,,,,20151110055412.848,,,,,,,,,,,,,,,,,,,,,,,,,,,,,,,,,,,,,,,,,L,False,2021-08-18 02:15:29.602872+00:00
800,17752,2015-11-05,15:24:42,I048863,,,2015-11-05,C,0,TA,,,,,,90.0,CNY,2800,10,00,,,,,,,91242,2015-11-06,1,,,,RVAA01,1,F2,100,,1122,,,,,,,,,0000002800,,,CNY,,,,,,,,2800,0.0,,,,,,,,,,,,A,,,,,2800,,,,,,,,,,,,,,0.0,,,,,A,,,,,,,,,,,2015-11-06,,051MXMaN7jMW{Hv6uSqBIG,,,,20151105142448.875,,,,,,,,,,,,,,,,,,,,,,,,,,,,,,,,,,,,,,,,,L,False,2021-08-18 02:15:23.399543+00:00
800,17753,2015-11-05,15:38:04,I048863,,,2015-11-05,C,0,TA,,,,,,92.0,CNY,2800,10,00,,,,,,,91243,2015-11-06,1,,,,RVAA01,1,F2,100,,1111,,,,,,,,,0000002800,,,CNY,,,,,,,,2800,0.0,,,,,,,,,,,,A,,,,,2800,,,,,,,,,,,,,,0.0,,,,,A,,,,,,,,,,,2015-11-06,,051MXMaN7jMW{LcId}dBIG,,,,20151105143813.64,,,,,,,,,,,,,,,,,,,,,,,,,,,,,,,,,,,,,,,,,L,False,2021-08-18 02:15:23.399543+00:00
800,17754,2015-11-05,15:46:58,I048863,,,2015-11-05,C,0,TA,,,,,,90.0,CNY,2800,10,00,,,,,,,91244,2015-11-06,1,,,,RVAA01,1,F2,100,,1111,,,,,,,,,0000002800,,,CNY,,,,,,,,2800,0.0,,,,,,,,,,,,A,,,,,2800,,,,,,,,,,,,,,0.0,,,,,A,,,,,,,,,,,2015-11-06,,051MXMaN7jMW{O7EYoVBIG,,,,20151105144725.465,,,,,,,,,,,,,,,,,,,,,,,,,,,,,,,,,,,,,,,,,L,False,2021-08-18 02:15:23.399543+00:00
800,17755,2015-11-05,16:05:04,RFCHYBRIS,,,2015-11-05,C,0,TA,,,,,,93.0,CNY,2800,10,00,,,,,,,91245,2015-11-06,1,,,,RVAA01,1,F2,100,,1234,,,,,,,,,0000002800,,,CNY,2015-11-10,,,,,,,2800,0.0,,,,,,,,,,,,A,,,,,2800,,,,,,,,,,,,,,0.0,,,,,A,,,,,,,,,,,2015-11-06,,051MXMaN7jMW{TBQVfUhIG,,,,20151110055414.68,,,,,,,,,,,,,,,,,,,,,,,,,,,,,,,,,,,,,,,,,L,False,2021-08-18 02:15:29.602872+00:00
800,17756,2015-11-05,16:05:37,RFCHYBRIS,,,2015-11-05,C,0,TA,,,,,,92.0,CNY,2800,10,00,,,,,,,91247,2015-11-06,1,,,,RVAA01,1,F2,100,,1234,,,,,,,,,0000002800,,,CNY,2015-11-10,,,,,,,2800,0.0,,,,,,,,,,,,A,,,,,2800,,,,,,,,,,,,,,0.0,,,,,A,,,,,,,,,,,2015-11-06,,051MXMaN7jMW{TLNsjzhIG,,,,20151110055416.55,,,,,,,,,,,,,,,,,,,,,,,,,,,,,,,,,,,,,,,,,L,False,2021-08-18 02:15:29.602872+00:00
800,17757,2015-11-05,16:11:56,RFCHYBRIS,,,2015-11-05,C,0,TA,,,,,,90.0,CNY,2800,10,00,,,,,,,91249,2015-11-06,1,,,,RVAA01,1,F2,100,,12345678,,,,,,,,,0000002800,,,CNY,,,,,,,,2800,0.0,,,,,,,,,,,,A,,,,,2800,,,,,,,,,,,,,,0.0,,,,,A,,,,,,,,,,,2015-11-06,,051MXMaN7jMW{V6KKvshIG,,,,20151105152852.02,,,,,,,,,,,,,,,,,,,,,,,,,,,,,,,,,,,,,,,,,L,False,2021-08-18 02:15:23.399543+00:00
800,17759,2015-11-06,04:38:38,RFCHYBRIS,,,2015-11-06,C,0,TA,,,,,,92.0,CNY,2800,10,00,,,,,,,91262,2015-11-07,1,,,,RVAA01,1,F2,100,,1234567890987654,,,,,,,,,0000002800,,,CNY,2015-11-10,,,,,,,2800,0.0,,,,,,,,,,,,A,,,,,2800,,,,,,,,,,,,,,0.0,,,,,A,,,,,,,,,,,2015-11-06,,051MXMaN7kMXXljsFV3SOW,,,,20151110055418.4,,,,,,,,,,,,,,,,,,,,,,,,,,,,,,,,,,,,,,,,,L,False,2021-08-18 02:15:29.602872+00:00
800,17760,2015-11-09,03:38:13,RFCHYBRIS,,,2015-11-09,C,0,TA,,,,,,,CNY,2800,10,00,,,,,,,91278,2015-11-10,1,,,,RVAA01,1,F2,100,,,,,,,,,,,0000002800,,,CNY,,,,,,,,2800,0.0,,,,,,,,,,,,A,,,,,2800,,,,,,,,,,,,,,0.0,,,,,A,,,,,,,,,,,2015-11-10,,051MXMaN7kMXqLsX3nuk9m,,,,20151109024724.414,,,,,,,,,,,,,,,,,,,,,,,,,,,,,,,,,,,,,,,,,L,False,2021-08-18 02:15:17.034428+00:00
800,17770,2015-11-09,08:54:22,I304043,,,2015-11-09,C,0,TA,,,,,,90.0,CNY,2800,10,00,,,,,,,91295,2015-11-10,1,,,,RVAA01,1,F2,100,,C2FTEST15,,,,,,,,,0000002800,,,CNY,,,,,,,,2800,0.0,,,,,,,,,,,,A,,,,,2800,,,,,,,,,,,,,,0.0,,,,,A,,,,,,,,,,,2015-11-10,,051MXMaN7kMXrkBBPPDk9m,,,,20151109075530.555,,,,,,,,,,,,,,,,,,,,,,,,,,,,,,,,,,,,,,,,,L,False,2021-08-18 02:15:23.399543+00:00
800,17845,2015-11-09,11:16:21,RFCHYBRIS,,,2015-11-09,C,0,TA,,,,,,140.0,CNY,2800,10,00,,,,,,,91440,2015-11-10,1,,,,RVAA01,1,F2,100,,,,,,,,,,,0000002800,,,CNY,2015-11-10,,,,,,,2800,0.0,,,,,,,,,,,,A,,,,,2800,,,,,,,,,,,,,,0.0,,,,,A,,,,,,,,,,,2015-11-10,,051MXMaN7kMXsLr1rYnE9m,,,,20151110055420.24,,,,,,,,,,,,,,,,,,,,,,,,,,,,,,,,,,,,,,,,,L,False,2021-08-18 02:15:29.602872+00:00
800,17846,2015-11-09,11:35:45,RFCHYBRIS,,,2015-11-09,C,0,TA,,,,,,90.0,CNY,2800,10,00,,,,,,,91441,2015-11-10,1,,,,RVAA01,1,F2,100,,,,,,,,,,,0000002800,,,CNY,,,,,,,,2800,0.0,,,,,,,,,,,,A,,,,,2800,,,,,,,,,,,,,,0.0,,,,,A,,,,,,,,,,,2015-11-10,,051MXMaN7kMXsRH5XjGE9m,,,,20151109103624.117,,,,,,,,,,,,,,,,,,,,,,,,,,,,,,,,,,,,,,,,,L,False,2021-08-18 02:15:17.034428+00:00
800,17863,2015-11-09,18:28:44,RFCHYBRIS,,,2015-11-09,C,0,TA,,,,,,140.0,CNY,2800,10,00,,,,,,,91460,2015-11-10,1,,,,RVAA01,1,F2,100,,,,,,,,,,,0000002800,,,CNY,2015-11-10,,,,,,,2800,0.0,,,,,,,,,,,,A,,,,,2800,,,,,,,,,,,,,,0.0,,,,,A,,,,,,,,,,,2015-11-10,,051MXMaN7kMXuEfPU3hk9m,,,,20151110055422.184,,,,,,,,,,,,,,,,,,,,,,,,,,,,,,,,,,,,,,,,,L,False,2021-08-18 02:15:29.602872+00:00
800,17864,2015-11-09,18:56:04,RFCHYBRIS,,,2015-11-09,C,0,TA,,,,,,140.0,CNY,2800,10,00,,,,,,,91461,2015-11-10,1,,,,RVAA01,1,F2,100,,,,,,,,,,,0000002800,,,CNY,2015-11-10,,,,,,,2800,0.0,,,,,,,,,,,,A,,,,,2800,,,,,,,,,,,,,,0.0,,,,,A,,,,,,,,,,,2015-11-10,,051MXMaN7kMXuMIcjkkk9m,,,,20151110055424.08,,,,,,,,,,,,,,,,,,,,,,,,,,,,,,,,,,,,,,,,,L,False,2021-08-18 02:15:29.602872+00:00
800,17865,2015-11-10,03:48:21,RFCHYBRIS,,,2015-11-10,C,0,TA,,,,,,140.0,CNY,2800,10,00,,,,,,,91462,2015-11-11,1,,,,RVAA01,1,F2,100,,,,,,,,,,,0000002800,,,CNY,2015-11-10,,,,,,,2800,0.0,,,,,,,,,,,,A,,,,,2800,,,,,,,,,,,,,,0.0,,,,,A,,,,,,,,,,,2015-11-11,,051MXMaN7kMXwh0LPDqE9m,,,,20151110055425.973,,,,,,,,,,,,,,,,,,,,,,,,,,,,,,,,,,,,,,,,,L,False,2021-08-18 02:15:29.602872+00:00
800,17866,2015-11-10,03:49:32,RFCHYBRIS,,,2015-11-10,C,0,TA,,,,,,140.0,CNY,2800,10,00,,,,,,,91463,2015-11-11,1,,,,RVAA01,1,F2,100,,,,,,,,,,,0000002800,,,CNY,,,,,,,,2800,0.0,,,,,,,,,,,,A,,,,,2800,,,,,,,,,,,,,,0.0,,,,,A,,,,,,,,,,,2015-11-11,,051MXMaN7kMXwhLDbr6k9m,,,,20151110034000.23,,,,,,,,,,,,,,,,,,,,,,,,,,,,,,,,,,,,,,,,,L,False,2021-08-18 02:15:17.034428+00:00
800,17867,2015-11-10,04:40:02,RFCHYBRIS,,,2015-11-10,C,0,TA,,,,,,140.0,CNY,2800,10,00,,,,,,,91464,2015-11-11,1,,,,RVAA01,1,F2,100,,,,,,,,,,,0000002800,,,CNY,2015-11-10,,,,,,,2800,0.0,,,,,,,,,,,,A,,,,,2800,,,,,,,,,,,,,,0.0,,,,,A,,,,,,,,,,,2015-11-11,,051MXMaN7kMXwvSMebTE9m,,,,20151110055427.777,,,,,,,,,,,,,,,,,,,,,,,,,,,,,,,,,,,,,,,,,L,False,2021-08-18 02:15:29.602872+00:00
800,17868,2015-11-10,06:13:28,RFCHYBRIS,,,2015-11-10,C,0,TA,,,,,,90.0,CNY,2800,10,00,,,,,,,91465,2015-11-11,1,,,,RVAA01,1,F2,100,,,,,,,,,,,0000002800,,,CNY,,,,,,,,2800,0.0,,,,,,,,,,,,A,,,,,2800,,,,,,,,,,,,,,0.0,,,,,A,,,,,,,,,,,2015-11-11,,051MXMaN7kMXxJYdjjrk9m,,,,20151110051431.902,,,,,,,,,,,,,,,,,,,,,,,,,,,,,,,,,,,,,,,,,L,False,2021-08-18 02:15:17.034428+00:00
800,17869,2015-11-10,06:14:33,RFCHYBRIS,,,2015-11-10,C,0,TA,,,,,,140.0,CNY,2800,10,00,,,,,,,91466,2015-11-11,1,,,,RVAA01,1,F2,100,,,,,,,,,,,0000002800,,,CNY,,,,,,,,2800,0.0,,,,,,,,,,,,A,,,,,2800,,,,,,,,,,,,,,0.0,,,,,A,,,,,,,,,,,2015-11-11,,051MXMaN7kMXxJsdfqUk9m,,,,20151110052441.715,,,,,,,,,,,,,,,,,,,,,,,,,,,,,,,,,,,,,,,,,L,False,2021-08-18 02:15:17.034428+00:00
