mandt,vbeln,posnr,etenr,ettyp,lfrel,edatu,ezeit,wmeng,bmeng,vrkme,lmeng,meins,bddat,bdart,plart,vbele,posne,etene,rsdat,idnnr,banfn,bsart,bstyp,wepos,repos,lrgdt,prgrs,tddat,mbdat,lddat,wadat,cmeng,lifsp,grstr,abart,abruf,roms1,roms2,roms3,romei,rform,umvkz,umvkn,verfp,bwart,bnfpo,etart,aufnr,plnum,sernr,aeskd,abges,mbuhr,tduhr,lduhr,wauhr,aulwe,handoverdate,handovertime,dataaging,fsh_ralloc_qty,fsh_os_id,fsh_pqr_rc,mbdat_drs,operation_flag,is_deleted,recordstamp
50,175,10,1,,,,,,,,,,,,,,,,,,,,,,,,,,,,,,,,,,,,,,,,,,,,,,,,,,,,,,,,,,,,,,D,True,2022-02-27 14:46:40.479073+00:00
50,175,20,1,,,,,,,,,,,,,,,,,,,,,,,,,,,,,,,,,,,,,,,,,,,,,,,,,,,,,,,,,,,,,,D,True,2022-02-27 14:46:40.479073+00:00
50,176,10,1,,,,,,,,,,,,,,,,,,,,,,,,,,,,,,,,,,,,,,,,,,,,,,,,,,,,,,,,,,,,,,D,True,2022-02-27 14:47:00.553391+00:00
50,176,20,1,,,,,,,,,,,,,,,,,,,,,,,,,,,,,,,,,,,,,,,,,,,,,,,,,,,,,,,,,,,,,,D,True,2022-02-27 14:47:00.553391+00:00
50,628,10,1,,,,,,,,,,,,,,,,,,,,,,,,,,,,,,,,,,,,,,,,,,,,,,,,,,,,,,,,,,,,,,D,True,2022-03-08 05:42:12.287316+00:00
50,628,20,1,,,,,,,,,,,,,,,,,,,,,,,,,,,,,,,,,,,,,,,,,,,,,,,,,,,,,,,,,,,,,,D,True,2022-03-08 05:42:12.287316+00:00
50,629,10,1,,,,,,,,,,,,,,,,,,,,,,,,,,,,,,,,,,,,,,,,,,,,,,,,,,,,,,,,,,,,,,D,True,2022-03-08 06:31:50.035336+00:00
50,629,20,1,,,,,,,,,,,,,,,,,,,,,,,,,,,,,,,,,,,,,,,,,,,,,,,,,,,,,,,,,,,,,,D,True,2022-03-08 06:31:50.035336+00:00
50,640,20,1,,,,,,,,,,,,,,,,,,,,,,,,,,,,,,,,,,,,,,,,,,,,,,,,,,,,,,,,,,,,,,D,True,2022-03-08 14:50:31.538602+00:00
50,680,10,1,,,,,,,,,,,,,,,,,,,,,,,,,,,,,,,,,,,,,,,,,,,,,,,,,,,,,,,,,,,,,,D,True,2022-03-10 07:55:54.160857+00:00
50,680,20,1,,,,,,,,,,,,,,,,,,,,,,,,,,,,,,,,,,,,,,,,,,,,,,,,,,,,,,,,,,,,,,D,True,2022-03-10 07:55:54.160857+00:00
50,719,10,1,,,,,,,,,,,,,,,,,,,,,,,,,,,,,,,,,,,,,,,,,,,,,,,,,,,,,,,,,,,,,,D,True,2022-03-17 18:12:56.959634+00:00
50,717,10,1,,,,,,,,,,,,,,,,,,,,,,,,,,,,,,,,,,,,,,,,,,,,,,,,,,,,,,,,,,,,,,D,True,2022-03-19 09:32:23.106574+00:00
50,717,20,1,,,,,,,,,,,,,,,,,,,,,,,,,,,,,,,,,,,,,,,,,,,,,,,,,,,,,,,,,,,,,,D,True,2022-03-19 09:32:23.106574+00:00
50,718,10,1,,,,,,,,,,,,,,,,,,,,,,,,,,,,,,,,,,,,,,,,,,,,,,,,,,,,,,,,,,,,,,D,True,2022-03-19 09:32:41.531355+00:00
50,718,20,1,,,,,,,,,,,,,,,,,,,,,,,,,,,,,,,,,,,,,,,,,,,,,,,,,,,,,,,,,,,,,,D,True,2022-03-19 09:32:41.531355+00:00
50,768,10,1,,,,,,,,,,,,,,,,,,,,,,,,,,,,,,,,,,,,,,,,,,,,,,,,,,,,,,,,,,,,,,D,True,2022-03-22 14:51:00.914143+00:00
50,768,20,1,,,,,,,,,,,,,,,,,,,,,,,,,,,,,,,,,,,,,,,,,,,,,,,,,,,,,,,,,,,,,,D,True,2022-03-22 14:51:00.914143+00:00
800,16043,10,1,,,,,,,,,,,,,,0.0,0.0,,0.0,,,,,,,,,,,,,,0.0,,0.0,,,,,,,,,,0.0,,,,,,,,,,,,,,,,0.0,,,D,True,2021-05-19 21:29:08.205583+00:00
800,16043,10,1,,,,,,,,,,,,,,0.0,0.0,,0.0,,,,,,,,,,,,,,0.0,,0.0,,,,,,,,,,0.0,,,,,,,,,,,,,,,,0.0,,,D,True,2021-04-06 06:54:10.694039+00:00
800,16048,10,1,,,,,,,,,,,,,,0.0,0.0,,0.0,,,,,,,,,,,,,,0.0,,0.0,,,,,,,,,,0.0,,,,,,,,,,,,,,,,0.0,,,D,True,2021-04-06 06:54:10.694039+00:00
800,16048,10,1,,,,,,,,,,,,,,0.0,0.0,,0.0,,,,,,,,,,,,,,0.0,,0.0,,,,,,,,,,0.0,,,,,,,,,,,,,,,,0.0,,,D,True,2021-05-19 21:29:08.205583+00:00
800,16049,10,1,,,,,,,,,,,,,,0.0,0.0,,0.0,,,,,,,,,,,,,,0.0,,0.0,,,,,,,,,,0.0,,,,,,,,,,,,,,,,0.0,,,D,True,2021-04-06 06:54:10.694039+00:00
800,16049,10,1,,,,,,,,,,,,,,0.0,0.0,,0.0,,,,,,,,,,,,,,0.0,,0.0,,,,,,,,,,0.0,,,,,,,,,,,,,,,,0.0,,,D,True,2021-05-19 21:29:08.205583+00:00
800,16050,10,1,,,,,,,,,,,,,,0.0,0.0,,0.0,,,,,,,,,,,,,,0.0,,0.0,,,,,,,,,,0.0,,,,,,,,,,,,,,,,0.0,,,D,True,2021-05-19 21:29:08.205583+00:00
800,16050,10,1,,,,,,,,,,,,,,0.0,0.0,,0.0,,,,,,,,,,,,,,0.0,,0.0,,,,,,,,,,0.0,,,,,,,,,,,,,,,,0.0,,,D,True,2021-04-06 06:54:10.694039+00:00
800,16060,10,1,,,,,,,,,,,,,,0.0,0.0,,0.0,,,,,,,,,,,,,,0.0,,0.0,,,,,,,,,,0.0,,,,,,,,,,,,,,,,0.0,,,D,True,2021-05-19 21:29:08.205583+00:00
800,16060,10,1,,,,,,,,,,,,,,0.0,0.0,,0.0,,,,,,,,,,,,,,0.0,,0.0,,,,,,,,,,0.0,,,,,,,,,,,,,,,,0.0,,,D,True,2021-04-06 06:54:10.694039+00:00
800,16061,10,1,,,,,,,,,,,,,,0.0,0.0,,0.0,,,,,,,,,,,,,,0.0,,0.0,,,,,,,,,,0.0,,,,,,,,,,,,,,,,0.0,,,D,True,2021-04-06 06:54:10.694039+00:00
800,16061,10,1,,,,,,,,,,,,,,0.0,0.0,,0.0,,,,,,,,,,,,,,0.0,,0.0,,,,,,,,,,0.0,,,,,,,,,,,,,,,,0.0,,,D,True,2021-05-19 21:29:08.205583+00:00
800,16062,10,1,,,,,,,,,,,,,,0.0,0.0,,0.0,,,,,,,,,,,,,,0.0,,0.0,,,,,,,,,,0.0,,,,,,,,,,,,,,,,0.0,,,D,True,2021-05-19 21:29:08.205583+00:00
800,16062,10,1,,,,,,,,,,,,,,0.0,0.0,,0.0,,,,,,,,,,,,,,0.0,,0.0,,,,,,,,,,0.0,,,,,,,,,,,,,,,,0.0,,,D,True,2021-04-06 06:54:10.694039+00:00
800,16063,10,1,,,,,,,,,,,,,,0.0,0.0,,0.0,,,,,,,,,,,,,,0.0,,0.0,,,,,,,,,,0.0,,,,,,,,,,,,,,,,0.0,,,D,True,2021-05-19 21:29:08.205583+00:00
800,16063,10,1,,,,,,,,,,,,,,0.0,0.0,,0.0,,,,,,,,,,,,,,0.0,,0.0,,,,,,,,,,0.0,,,,,,,,,,,,,,,,0.0,,,D,True,2021-04-06 06:54:10.694039+00:00
800,16067,10,1,,,,,,,,,,,,,,0.0,0.0,,0.0,,,,,,,,,,,,,,0.0,,0.0,,,,,,,,,,0.0,,,,,,,,,,,,,,,,0.0,,,D,True,2021-05-19 21:29:08.205583+00:00
800,16067,10,1,,,,,,,,,,,,,,0.0,0.0,,0.0,,,,,,,,,,,,,,0.0,,0.0,,,,,,,,,,0.0,,,,,,,,,,,,,,,,0.0,,,D,True,2021-04-06 06:54:10.694039+00:00
800,16068,10,1,,,,,,,,,,,,,,0.0,0.0,,0.0,,,,,,,,,,,,,,0.0,,0.0,,,,,,,,,,0.0,,,,,,,,,,,,,,,,0.0,,,D,True,2021-05-19 21:29:08.205583+00:00
800,16068,10,1,,,,,,,,,,,,,,0.0,0.0,,0.0,,,,,,,,,,,,,,0.0,,0.0,,,,,,,,,,0.0,,,,,,,,,,,,,,,,0.0,,,D,True,2021-04-06 06:54:10.694039+00:00
800,16069,10,1,,,,,,,,,,,,,,0.0,0.0,,0.0,,,,,,,,,,,,,,0.0,,0.0,,,,,,,,,,0.0,,,,,,,,,,,,,,,,0.0,,,D,True,2021-05-19 21:29:08.205583+00:00
800,16069,10,1,,,,,,,,,,,,,,0.0,0.0,,0.0,,,,,,,,,,,,,,0.0,,0.0,,,,,,,,,,0.0,,,,,,,,,,,,,,,,0.0,,,D,True,2021-04-06 06:54:10.694039+00:00
800,16073,10,1,,,,,,,,,,,,,,0.0,0.0,,0.0,,,,,,,,,,,,,,0.0,,0.0,,,,,,,,,,0.0,,,,,,,,,,,,,,,,0.0,,,D,True,2021-05-19 21:29:08.205583+00:00
800,16073,10,1,,,,,,,,,,,,,,0.0,0.0,,0.0,,,,,,,,,,,,,,0.0,,0.0,,,,,,,,,,0.0,,,,,,,,,,,,,,,,0.0,,,D,True,2021-04-06 06:54:10.694039+00:00
800,16074,10,1,,,,,,,,,,,,,,0.0,0.0,,0.0,,,,,,,,,,,,,,0.0,,0.0,,,,,,,,,,0.0,,,,,,,,,,,,,,,,0.0,,,D,True,2021-05-19 21:29:08.205583+00:00
800,16074,10,1,,,,,,,,,,,,,,0.0,0.0,,0.0,,,,,,,,,,,,,,0.0,,0.0,,,,,,,,,,0.0,,,,,,,,,,,,,,,,0.0,,,D,True,2021-04-06 06:54:10.694039+00:00
800,16075,10,1,,,,,,,,,,,,,,0.0,0.0,,0.0,,,,,,,,,,,,,,0.0,,0.0,,,,,,,,,,0.0,,,,,,,,,,,,,,,,0.0,,,D,True,2021-04-06 06:54:10.694039+00:00
800,16075,10,1,,,,,,,,,,,,,,0.0,0.0,,0.0,,,,,,,,,,,,,,0.0,,0.0,,,,,,,,,,0.0,,,,,,,,,,,,,,,,0.0,,,D,True,2021-05-19 21:29:08.205583+00:00
800,16076,10,1,,,,,,,,,,,,,,0.0,0.0,,0.0,,,,,,,,,,,,,,0.0,,0.0,,,,,,,,,,0.0,,,,,,,,,,,,,,,,0.0,,,D,True,2021-05-19 21:29:08.205583+00:00
800,16076,10,1,,,,,,,,,,,,,,0.0,0.0,,0.0,,,,,,,,,,,,,,0.0,,0.0,,,,,,,,,,0.0,,,,,,,,,,,,,,,,0.0,,,D,True,2021-04-06 06:54:10.694039+00:00
800,16077,10,1,,,,,,,,,,,,,,0.0,0.0,,0.0,,,,,,,,,,,,,,0.0,,0.0,,,,,,,,,,0.0,,,,,,,,,,,,,,,,0.0,,,D,True,2021-04-06 06:54:10.694039+00:00
800,16077,10,1,,,,,,,,,,,,,,0.0,0.0,,0.0,,,,,,,,,,,,,,0.0,,0.0,,,,,,,,,,0.0,,,,,,,,,,,,,,,,0.0,,,D,True,2021-05-19 21:29:08.205583+00:00
800,16084,10,1,,,,,,,,,,,,,,0.0,0.0,,0.0,,,,,,,,,,,,,,0.0,,0.0,,,,,,,,,,0.0,,,,,,,,,,,,,,,,0.0,,,D,True,2021-05-19 21:29:08.205583+00:00
800,16084,10,1,,,,,,,,,,,,,,0.0,0.0,,0.0,,,,,,,,,,,,,,0.0,,0.0,,,,,,,,,,0.0,,,,,,,,,,,,,,,,0.0,,,D,True,2021-04-06 06:54:10.694039+00:00
800,16085,10,1,,,,,,,,,,,,,,0.0,0.0,,0.0,,,,,,,,,,,,,,0.0,,0.0,,,,,,,,,,0.0,,,,,,,,,,,,,,,,0.0,,,D,True,2021-05-19 21:29:08.205583+00:00
800,16085,10,1,,,,,,,,,,,,,,0.0,0.0,,0.0,,,,,,,,,,,,,,0.0,,0.0,,,,,,,,,,0.0,,,,,,,,,,,,,,,,0.0,,,D,True,2021-04-06 06:54:10.694039+00:00
800,16086,10,1,,,,,,,,,,,,,,0.0,0.0,,0.0,,,,,,,,,,,,,,0.0,,0.0,,,,,,,,,,0.0,,,,,,,,,,,,,,,,0.0,,,D,True,2021-05-19 21:29:08.205583+00:00
800,16086,10,1,,,,,,,,,,,,,,0.0,0.0,,0.0,,,,,,,,,,,,,,0.0,,0.0,,,,,,,,,,0.0,,,,,,,,,,,,,,,,0.0,,,D,True,2021-04-06 06:54:10.694039+00:00
800,16088,10,1,,,,,,,,,,,,,,0.0,0.0,,0.0,,,,,,,,,,,,,,0.0,,0.0,,,,,,,,,,0.0,,,,,,,,,,,,,,,,0.0,,,D,True,2021-04-06 06:54:10.694039+00:00
800,16088,10,1,,,,,,,,,,,,,,0.0,0.0,,0.0,,,,,,,,,,,,,,0.0,,0.0,,,,,,,,,,0.0,,,,,,,,,,,,,,,,0.0,,,D,True,2021-05-19 21:29:08.205583+00:00
800,16094,10,1,,,,,,,,,,,,,,0.0,0.0,,0.0,,,,,,,,,,,,,,0.0,,0.0,,,,,,,,,,0.0,,,,,,,,,,,,,,,,0.0,,,D,True,2021-04-06 06:54:10.694039+00:00
800,16094,10,1,,,,,,,,,,,,,,0.0,0.0,,0.0,,,,,,,,,,,,,,0.0,,0.0,,,,,,,,,,0.0,,,,,,,,,,,,,,,,0.0,,,D,True,2021-05-19 21:29:08.205583+00:00
800,16095,10,1,,,,,,,,,,,,,,0.0,0.0,,0.0,,,,,,,,,,,,,,0.0,,0.0,,,,,,,,,,0.0,,,,,,,,,,,,,,,,0.0,,,D,True,2021-04-06 06:54:10.694039+00:00
800,16095,10,1,,,,,,,,,,,,,,0.0,0.0,,0.0,,,,,,,,,,,,,,0.0,,0.0,,,,,,,,,,0.0,,,,,,,,,,,,,,,,0.0,,,D,True,2021-05-19 21:29:08.205583+00:00
800,16105,10,1,,,,,,,,,,,,,,0.0,0.0,,0.0,,,,,,,,,,,,,,0.0,,0.0,,,,,,,,,,0.0,,,,,,,,,,,,,,,,0.0,,,D,True,2021-05-19 21:29:08.205583+00:00
800,16105,10,1,,,,,,,,,,,,,,0.0,0.0,,0.0,,,,,,,,,,,,,,0.0,,0.0,,,,,,,,,,0.0,,,,,,,,,,,,,,,,0.0,,,D,True,2021-04-06 06:54:10.694039+00:00
800,16106,10,1,,,,,,,,,,,,,,0.0,0.0,,0.0,,,,,,,,,,,,,,0.0,,0.0,,,,,,,,,,0.0,,,,,,,,,,,,,,,,0.0,,,D,True,2021-04-06 06:54:10.694039+00:00
800,16106,10,1,,,,,,,,,,,,,,0.0,0.0,,0.0,,,,,,,,,,,,,,0.0,,0.0,,,,,,,,,,0.0,,,,,,,,,,,,,,,,0.0,,,D,True,2021-05-19 21:29:08.205583+00:00
800,16121,10,1,,,,,,,,,,,,,,0.0,0.0,,0.0,,,,,,,,,,,,,,0.0,,0.0,,,,,,,,,,0.0,,,,,,,,,,,,,,,,0.0,,,D,True,2021-04-06 06:54:10.694039+00:00
800,16121,10,1,,,,,,,,,,,,,,0.0,0.0,,0.0,,,,,,,,,,,,,,0.0,,0.0,,,,,,,,,,0.0,,,,,,,,,,,,,,,,0.0,,,D,True,2021-05-19 21:29:08.205583+00:00
800,16122,10,1,,,,,,,,,,,,,,0.0,0.0,,0.0,,,,,,,,,,,,,,0.0,,0.0,,,,,,,,,,0.0,,,,,,,,,,,,,,,,0.0,,,D,True,2021-04-06 06:54:10.694039+00:00
800,16122,10,1,,,,,,,,,,,,,,0.0,0.0,,0.0,,,,,,,,,,,,,,0.0,,0.0,,,,,,,,,,0.0,,,,,,,,,,,,,,,,0.0,,,D,True,2021-05-19 21:29:08.205583+00:00
800,16126,10,1,,,,,,,,,,,,,,0.0,0.0,,0.0,,,,,,,,,,,,,,0.0,,0.0,,,,,,,,,,0.0,,,,,,,,,,,,,,,,0.0,,,D,True,2021-05-19 21:29:08.205583+00:00
800,16126,10,1,,,,,,,,,,,,,,0.0,0.0,,0.0,,,,,,,,,,,,,,0.0,,0.0,,,,,,,,,,0.0,,,,,,,,,,,,,,,,0.0,,,D,True,2021-04-06 06:54:10.694039+00:00
800,16127,10,1,,,,,,,,,,,,,,0.0,0.0,,0.0,,,,,,,,,,,,,,0.0,,0.0,,,,,,,,,,0.0,,,,,,,,,,,,,,,,0.0,,,D,True,2021-04-06 06:54:10.694039+00:00
800,16127,10,1,,,,,,,,,,,,,,0.0,0.0,,0.0,,,,,,,,,,,,,,0.0,,0.0,,,,,,,,,,0.0,,,,,,,,,,,,,,,,0.0,,,D,True,2021-05-19 21:29:08.205583+00:00
800,16130,10,1,,,,,,,,,,,,,,0.0,0.0,,0.0,,,,,,,,,,,,,,0.0,,0.0,,,,,,,,,,0.0,,,,,,,,,,,,,,,,0.0,,,D,True,2021-05-19 21:29:08.205583+00:00
800,16130,10,1,,,,,,,,,,,,,,0.0,0.0,,0.0,,,,,,,,,,,,,,0.0,,0.0,,,,,,,,,,0.0,,,,,,,,,,,,,,,,0.0,,,D,True,2021-04-06 06:54:10.694039+00:00
800,16131,10,1,,,,,,,,,,,,,,0.0,0.0,,0.0,,,,,,,,,,,,,,0.0,,0.0,,,,,,,,,,0.0,,,,,,,,,,,,,,,,0.0,,,D,True,2021-05-19 21:29:08.205583+00:00
800,16131,10,1,,,,,,,,,,,,,,0.0,0.0,,0.0,,,,,,,,,,,,,,0.0,,0.0,,,,,,,,,,0.0,,,,,,,,,,,,,,,,0.0,,,D,True,2021-04-06 06:54:10.694039+00:00
800,16132,10,1,,,,,,,,,,,,,,0.0,0.0,,0.0,,,,,,,,,,,,,,0.0,,0.0,,,,,,,,,,0.0,,,,,,,,,,,,,,,,0.0,,,D,True,2021-05-19 21:29:08.205583+00:00
800,16132,10,1,,,,,,,,,,,,,,0.0,0.0,,0.0,,,,,,,,,,,,,,0.0,,0.0,,,,,,,,,,0.0,,,,,,,,,,,,,,,,0.0,,,D,True,2021-04-06 06:54:10.694039+00:00
800,16133,10,1,,,,,,,,,,,,,,0.0,0.0,,0.0,,,,,,,,,,,,,,0.0,,0.0,,,,,,,,,,0.0,,,,,,,,,,,,,,,,0.0,,,D,True,2021-05-19 21:29:08.205583+00:00
800,16133,10,1,,,,,,,,,,,,,,0.0,0.0,,0.0,,,,,,,,,,,,,,0.0,,0.0,,,,,,,,,,0.0,,,,,,,,,,,,,,,,0.0,,,D,True,2021-04-06 06:54:10.694039+00:00
800,16144,10,1,,,,,,,,,,,,,,0.0,0.0,,0.0,,,,,,,,,,,,,,0.0,,0.0,,,,,,,,,,0.0,,,,,,,,,,,,,,,,0.0,,,D,True,2021-04-06 06:54:10.694039+00:00
800,16144,10,1,,,,,,,,,,,,,,0.0,0.0,,0.0,,,,,,,,,,,,,,0.0,,0.0,,,,,,,,,,0.0,,,,,,,,,,,,,,,,0.0,,,D,True,2021-05-19 21:29:08.205583+00:00
800,16145,10,1,,,,,,,,,,,,,,0.0,0.0,,0.0,,,,,,,,,,,,,,0.0,,0.0,,,,,,,,,,0.0,,,,,,,,,,,,,,,,0.0,,,D,True,2021-05-19 21:29:08.205583+00:00
800,16145,10,1,,,,,,,,,,,,,,0.0,0.0,,0.0,,,,,,,,,,,,,,0.0,,0.0,,,,,,,,,,0.0,,,,,,,,,,,,,,,,0.0,,,D,True,2021-04-06 06:54:10.694039+00:00
800,16149,10,1,,,,,,,,,,,,,,0.0,0.0,,0.0,,,,,,,,,,,,,,0.0,,0.0,,,,,,,,,,0.0,,,,,,,,,,,,,,,,0.0,,,D,True,2021-05-19 21:29:08.205583+00:00
800,16149,10,1,,,,,,,,,,,,,,0.0,0.0,,0.0,,,,,,,,,,,,,,0.0,,0.0,,,,,,,,,,0.0,,,,,,,,,,,,,,,,0.0,,,D,True,2021-04-06 06:54:10.694039+00:00
800,16150,10,1,,,,,,,,,,,,,,0.0,0.0,,0.0,,,,,,,,,,,,,,0.0,,0.0,,,,,,,,,,0.0,,,,,,,,,,,,,,,,0.0,,,D,True,2021-05-19 21:29:08.205583+00:00
800,16150,10,1,,,,,,,,,,,,,,0.0,0.0,,0.0,,,,,,,,,,,,,,0.0,,0.0,,,,,,,,,,0.0,,,,,,,,,,,,,,,,0.0,,,D,True,2021-04-06 06:54:10.694039+00:00
800,16153,10,1,,,,,,,,,,,,,,0.0,0.0,,0.0,,,,,,,,,,,,,,0.0,,0.0,,,,,,,,,,0.0,,,,,,,,,,,,,,,,0.0,,,D,True,2021-04-06 06:54:10.694039+00:00
800,16153,10,1,,,,,,,,,,,,,,0.0,0.0,,0.0,,,,,,,,,,,,,,0.0,,0.0,,,,,,,,,,0.0,,,,,,,,,,,,,,,,0.0,,,D,True,2021-05-19 21:29:08.205583+00:00
800,16154,10,1,,,,,,,,,,,,,,0.0,0.0,,0.0,,,,,,,,,,,,,,0.0,,0.0,,,,,,,,,,0.0,,,,,,,,,,,,,,,,0.0,,,D,True,2021-04-06 06:54:10.694039+00:00
800,16154,10,1,,,,,,,,,,,,,,0.0,0.0,,0.0,,,,,,,,,,,,,,0.0,,0.0,,,,,,,,,,0.0,,,,,,,,,,,,,,,,0.0,,,D,True,2021-05-19 21:29:08.205583+00:00
800,16160,10,1,,,,,,,,,,,,,,0.0,0.0,,0.0,,,,,,,,,,,,,,0.0,,0.0,,,,,,,,,,0.0,,,,,,,,,,,,,,,,0.0,,,D,True,2021-05-19 21:29:08.205583+00:00
800,16160,10,1,,,,,,,,,,,,,,0.0,0.0,,0.0,,,,,,,,,,,,,,0.0,,0.0,,,,,,,,,,0.0,,,,,,,,,,,,,,,,0.0,,,D,True,2021-04-06 06:54:10.694039+00:00
800,16161,10,1,,,,,,,,,,,,,,0.0,0.0,,0.0,,,,,,,,,,,,,,0.0,,0.0,,,,,,,,,,0.0,,,,,,,,,,,,,,,,0.0,,,D,True,2021-05-19 21:29:08.205583+00:00
800,16161,10,1,,,,,,,,,,,,,,0.0,0.0,,0.0,,,,,,,,,,,,,,0.0,,0.0,,,,,,,,,,0.0,,,,,,,,,,,,,,,,0.0,,,D,True,2021-04-06 06:54:10.694039+00:00
800,16162,10,1,,,,,,,,,,,,,,0.0,0.0,,0.0,,,,,,,,,,,,,,0.0,,0.0,,,,,,,,,,0.0,,,,,,,,,,,,,,,,0.0,,,D,True,2021-05-19 21:29:08.205583+00:00
800,16162,10,1,,,,,,,,,,,,,,0.0,0.0,,0.0,,,,,,,,,,,,,,0.0,,0.0,,,,,,,,,,0.0,,,,,,,,,,,,,,,,0.0,,,D,True,2021-04-06 06:54:10.694039+00:00
800,16171,10,1,,,,,,,,,,,,,,0.0,0.0,,0.0,,,,,,,,,,,,,,0.0,,0.0,,,,,,,,,,0.0,,,,,,,,,,,,,,,,0.0,,,D,True,2021-04-06 06:54:10.694039+00:00
800,16171,10,1,,,,,,,,,,,,,,0.0,0.0,,0.0,,,,,,,,,,,,,,0.0,,0.0,,,,,,,,,,0.0,,,,,,,,,,,,,,,,0.0,,,D,True,2021-05-19 21:29:08.205583+00:00
800,16172,10,1,,,,,,,,,,,,,,0.0,0.0,,0.0,,,,,,,,,,,,,,0.0,,0.0,,,,,,,,,,0.0,,,,,,,,,,,,,,,,0.0,,,D,True,2021-04-06 06:54:10.694039+00:00
800,16172,10,1,,,,,,,,,,,,,,0.0,0.0,,0.0,,,,,,,,,,,,,,0.0,,0.0,,,,,,,,,,0.0,,,,,,,,,,,,,,,,0.0,,,D,True,2021-05-19 21:29:08.205583+00:00
800,16183,10,1,,,,,,,,,,,,,,0.0,0.0,,0.0,,,,,,,,,,,,,,0.0,,0.0,,,,,,,,,,0.0,,,,,,,,,,,,,,,,0.0,,,D,True,2021-04-06 06:54:10.694039+00:00
800,16183,10,1,,,,,,,,,,,,,,0.0,0.0,,0.0,,,,,,,,,,,,,,0.0,,0.0,,,,,,,,,,0.0,,,,,,,,,,,,,,,,0.0,,,D,True,2021-05-19 21:29:08.205583+00:00
800,16184,10,1,,,,,,,,,,,,,,0.0,0.0,,0.0,,,,,,,,,,,,,,0.0,,0.0,,,,,,,,,,0.0,,,,,,,,,,,,,,,,0.0,,,D,True,2021-05-19 21:29:08.205583+00:00
800,16184,10,1,,,,,,,,,,,,,,0.0,0.0,,0.0,,,,,,,,,,,,,,0.0,,0.0,,,,,,,,,,0.0,,,,,,,,,,,,,,,,0.0,,,D,True,2021-04-06 06:54:10.694039+00:00
800,16185,10,1,,,,,,,,,,,,,,0.0,0.0,,0.0,,,,,,,,,,,,,,0.0,,0.0,,,,,,,,,,0.0,,,,,,,,,,,,,,,,0.0,,,D,True,2021-04-06 06:54:10.694039+00:00
800,16185,10,1,,,,,,,,,,,,,,0.0,0.0,,0.0,,,,,,,,,,,,,,0.0,,0.0,,,,,,,,,,0.0,,,,,,,,,,,,,,,,0.0,,,D,True,2021-05-19 21:29:08.205583+00:00
800,16186,10,1,,,,,,,,,,,,,,0.0,0.0,,0.0,,,,,,,,,,,,,,0.0,,0.0,,,,,,,,,,0.0,,,,,,,,,,,,,,,,0.0,,,D,True,2021-05-19 21:29:08.205583+00:00
800,16186,10,1,,,,,,,,,,,,,,0.0,0.0,,0.0,,,,,,,,,,,,,,0.0,,0.0,,,,,,,,,,0.0,,,,,,,,,,,,,,,,0.0,,,D,True,2021-04-06 06:54:10.694039+00:00
800,16205,10,1,,,,,,,,,,,,,,0.0,0.0,,0.0,,,,,,,,,,,,,,0.0,,0.0,,,,,,,,,,0.0,,,,,,,,,,,,,,,,0.0,,,D,True,2021-04-06 06:54:10.694039+00:00
800,16205,10,1,,,,,,,,,,,,,,0.0,0.0,,0.0,,,,,,,,,,,,,,0.0,,0.0,,,,,,,,,,0.0,,,,,,,,,,,,,,,,0.0,,,D,True,2021-05-19 21:29:08.205583+00:00
800,16206,10,1,,,,,,,,,,,,,,0.0,0.0,,0.0,,,,,,,,,,,,,,0.0,,0.0,,,,,,,,,,0.0,,,,,,,,,,,,,,,,0.0,,,D,True,2021-05-19 21:29:08.205583+00:00
800,16206,10,1,,,,,,,,,,,,,,0.0,0.0,,0.0,,,,,,,,,,,,,,0.0,,0.0,,,,,,,,,,0.0,,,,,,,,,,,,,,,,0.0,,,D,True,2021-04-06 06:54:10.694039+00:00
800,16210,10,1,,,,,,,,,,,,,,0.0,0.0,,0.0,,,,,,,,,,,,,,0.0,,0.0,,,,,,,,,,0.0,,,,,,,,,,,,,,,,0.0,,,D,True,2021-04-06 06:54:10.694039+00:00
800,16210,10,1,,,,,,,,,,,,,,0.0,0.0,,0.0,,,,,,,,,,,,,,0.0,,0.0,,,,,,,,,,0.0,,,,,,,,,,,,,,,,0.0,,,D,True,2021-05-19 21:29:08.205583+00:00
800,16211,10,1,,,,,,,,,,,,,,0.0,0.0,,0.0,,,,,,,,,,,,,,0.0,,0.0,,,,,,,,,,0.0,,,,,,,,,,,,,,,,0.0,,,D,True,2021-04-06 06:54:10.694039+00:00
800,16211,10,1,,,,,,,,,,,,,,0.0,0.0,,0.0,,,,,,,,,,,,,,0.0,,0.0,,,,,,,,,,0.0,,,,,,,,,,,,,,,,0.0,,,D,True,2021-05-19 21:29:08.205583+00:00
800,16212,10,1,,,,,,,,,,,,,,0.0,0.0,,0.0,,,,,,,,,,,,,,0.0,,0.0,,,,,,,,,,0.0,,,,,,,,,,,,,,,,0.0,,,D,True,2021-04-06 06:54:10.694039+00:00
800,16212,10,1,,,,,,,,,,,,,,0.0,0.0,,0.0,,,,,,,,,,,,,,0.0,,0.0,,,,,,,,,,0.0,,,,,,,,,,,,,,,,0.0,,,D,True,2021-05-19 21:29:08.205583+00:00
800,16225,10,1,,,,,,,,,,,,,,0.0,0.0,,0.0,,,,,,,,,,,,,,0.0,,0.0,,,,,,,,,,0.0,,,,,,,,,,,,,,,,0.0,,,D,True,2021-05-19 21:29:08.205583+00:00
800,16225,10,1,,,,,,,,,,,,,,0.0,0.0,,0.0,,,,,,,,,,,,,,0.0,,0.0,,,,,,,,,,0.0,,,,,,,,,,,,,,,,0.0,,,D,True,2021-04-06 06:54:10.694039+00:00
800,16226,10,1,,,,,,,,,,,,,,0.0,0.0,,0.0,,,,,,,,,,,,,,0.0,,0.0,,,,,,,,,,0.0,,,,,,,,,,,,,,,,0.0,,,D,True,2021-04-06 06:54:10.694039+00:00
800,16226,10,1,,,,,,,,,,,,,,0.0,0.0,,0.0,,,,,,,,,,,,,,0.0,,0.0,,,,,,,,,,0.0,,,,,,,,,,,,,,,,0.0,,,D,True,2021-05-19 21:29:08.205583+00:00
800,16231,10,1,,,,,,,,,,,,,,0.0,0.0,,0.0,,,,,,,,,,,,,,0.0,,0.0,,,,,,,,,,0.0,,,,,,,,,,,,,,,,0.0,,,D,True,2021-04-06 06:54:10.694039+00:00
800,16231,10,1,,,,,,,,,,,,,,0.0,0.0,,0.0,,,,,,,,,,,,,,0.0,,0.0,,,,,,,,,,0.0,,,,,,,,,,,,,,,,0.0,,,D,True,2021-05-19 21:29:08.205583+00:00
800,16232,10,1,,,,,,,,,,,,,,0.0,0.0,,0.0,,,,,,,,,,,,,,0.0,,0.0,,,,,,,,,,0.0,,,,,,,,,,,,,,,,0.0,,,D,True,2021-05-19 21:29:08.205583+00:00
800,16232,10,1,,,,,,,,,,,,,,0.0,0.0,,0.0,,,,,,,,,,,,,,0.0,,0.0,,,,,,,,,,0.0,,,,,,,,,,,,,,,,0.0,,,D,True,2021-04-06 06:54:10.694039+00:00
800,16233,10,1,,,,,,,,,,,,,,0.0,0.0,,0.0,,,,,,,,,,,,,,0.0,,0.0,,,,,,,,,,0.0,,,,,,,,,,,,,,,,0.0,,,D,True,2021-05-19 21:29:08.205583+00:00
800,16233,10,1,,,,,,,,,,,,,,0.0,0.0,,0.0,,,,,,,,,,,,,,0.0,,0.0,,,,,,,,,,0.0,,,,,,,,,,,,,,,,0.0,,,D,True,2021-04-06 06:54:10.694039+00:00
800,16234,10,1,,,,,,,,,,,,,,0.0,0.0,,0.0,,,,,,,,,,,,,,0.0,,0.0,,,,,,,,,,0.0,,,,,,,,,,,,,,,,0.0,,,D,True,2021-05-19 21:29:08.205583+00:00
800,16234,10,1,,,,,,,,,,,,,,0.0,0.0,,0.0,,,,,,,,,,,,,,0.0,,0.0,,,,,,,,,,0.0,,,,,,,,,,,,,,,,0.0,,,D,True,2021-04-06 06:54:10.694039+00:00
800,16235,10,1,,,,,,,,,,,,,,0.0,0.0,,0.0,,,,,,,,,,,,,,0.0,,0.0,,,,,,,,,,0.0,,,,,,,,,,,,,,,,0.0,,,D,True,2021-04-06 06:54:10.694039+00:00
800,16235,10,1,,,,,,,,,,,,,,0.0,0.0,,0.0,,,,,,,,,,,,,,0.0,,0.0,,,,,,,,,,0.0,,,,,,,,,,,,,,,,0.0,,,D,True,2021-05-19 21:29:08.205583+00:00
800,16236,10,1,,,,,,,,,,,,,,0.0,0.0,,0.0,,,,,,,,,,,,,,0.0,,0.0,,,,,,,,,,0.0,,,,,,,,,,,,,,,,0.0,,,D,True,2021-05-19 21:29:08.205583+00:00
800,16236,10,1,,,,,,,,,,,,,,0.0,0.0,,0.0,,,,,,,,,,,,,,0.0,,0.0,,,,,,,,,,0.0,,,,,,,,,,,,,,,,0.0,,,D,True,2021-04-06 06:54:10.694039+00:00
800,16244,10,1,,,,,,,,,,,,,,0.0,0.0,,0.0,,,,,,,,,,,,,,0.0,,0.0,,,,,,,,,,0.0,,,,,,,,,,,,,,,,0.0,,,D,True,2021-04-06 06:54:10.694039+00:00
800,16244,10,1,,,,,,,,,,,,,,0.0,0.0,,0.0,,,,,,,,,,,,,,0.0,,0.0,,,,,,,,,,0.0,,,,,,,,,,,,,,,,0.0,,,D,True,2021-05-19 21:29:08.205583+00:00
800,16245,10,1,,,,,,,,,,,,,,0.0,0.0,,0.0,,,,,,,,,,,,,,0.0,,0.0,,,,,,,,,,0.0,,,,,,,,,,,,,,,,0.0,,,D,True,2021-04-06 06:54:10.694039+00:00
800,16245,10,1,,,,,,,,,,,,,,0.0,0.0,,0.0,,,,,,,,,,,,,,0.0,,0.0,,,,,,,,,,0.0,,,,,,,,,,,,,,,,0.0,,,D,True,2021-05-19 21:29:08.205583+00:00
800,16246,10,1,,,,,,,,,,,,,,0.0,0.0,,0.0,,,,,,,,,,,,,,0.0,,0.0,,,,,,,,,,0.0,,,,,,,,,,,,,,,,0.0,,,D,True,2021-04-06 06:54:10.694039+00:00
800,16246,10,1,,,,,,,,,,,,,,0.0,0.0,,0.0,,,,,,,,,,,,,,0.0,,0.0,,,,,,,,,,0.0,,,,,,,,,,,,,,,,0.0,,,D,True,2021-05-19 21:29:08.205583+00:00
800,16247,10,1,,,,,,,,,,,,,,0.0,0.0,,0.0,,,,,,,,,,,,,,0.0,,0.0,,,,,,,,,,0.0,,,,,,,,,,,,,,,,0.0,,,D,True,2021-04-06 06:54:10.694039+00:00
800,16247,10,1,,,,,,,,,,,,,,0.0,0.0,,0.0,,,,,,,,,,,,,,0.0,,0.0,,,,,,,,,,0.0,,,,,,,,,,,,,,,,0.0,,,D,True,2021-05-19 21:29:08.205583+00:00
800,16248,10,1,,,,,,,,,,,,,,0.0,0.0,,0.0,,,,,,,,,,,,,,0.0,,0.0,,,,,,,,,,0.0,,,,,,,,,,,,,,,,0.0,,,D,True,2021-04-06 06:54:10.694039+00:00
800,16248,10,1,,,,,,,,,,,,,,0.0,0.0,,0.0,,,,,,,,,,,,,,0.0,,0.0,,,,,,,,,,0.0,,,,,,,,,,,,,,,,0.0,,,D,True,2021-05-19 21:29:08.205583+00:00
800,16251,10,1,,,,,,,,,,,,,,0.0,0.0,,0.0,,,,,,,,,,,,,,0.0,,0.0,,,,,,,,,,0.0,,,,,,,,,,,,,,,,0.0,,,D,True,2021-05-19 21:29:08.205583+00:00
800,16251,10,1,,,,,,,,,,,,,,0.0,0.0,,0.0,,,,,,,,,,,,,,0.0,,0.0,,,,,,,,,,0.0,,,,,,,,,,,,,,,,0.0,,,D,True,2021-04-06 06:54:10.694039+00:00
800,16252,10,1,,,,,,,,,,,,,,0.0,0.0,,0.0,,,,,,,,,,,,,,0.0,,0.0,,,,,,,,,,0.0,,,,,,,,,,,,,,,,0.0,,,D,True,2021-04-06 06:54:10.694039+00:00
800,16252,10,1,,,,,,,,,,,,,,0.0,0.0,,0.0,,,,,,,,,,,,,,0.0,,0.0,,,,,,,,,,0.0,,,,,,,,,,,,,,,,0.0,,,D,True,2021-05-19 21:29:08.205583+00:00
800,16253,10,1,,,,,,,,,,,,,,0.0,0.0,,0.0,,,,,,,,,,,,,,0.0,,0.0,,,,,,,,,,0.0,,,,,,,,,,,,,,,,0.0,,,D,True,2021-05-19 21:29:08.205583+00:00
800,16253,10,1,,,,,,,,,,,,,,0.0,0.0,,0.0,,,,,,,,,,,,,,0.0,,0.0,,,,,,,,,,0.0,,,,,,,,,,,,,,,,0.0,,,D,True,2021-04-06 06:54:10.694039+00:00
800,16265,10,1,,,,,,,,,,,,,,0.0,0.0,,0.0,,,,,,,,,,,,,,0.0,,0.0,,,,,,,,,,0.0,,,,,,,,,,,,,,,,0.0,,,D,True,2021-04-06 06:54:10.694039+00:00
800,16265,10,1,,,,,,,,,,,,,,0.0,0.0,,0.0,,,,,,,,,,,,,,0.0,,0.0,,,,,,,,,,0.0,,,,,,,,,,,,,,,,0.0,,,D,True,2021-05-19 21:29:08.205583+00:00
800,16266,10,1,,,,,,,,,,,,,,0.0,0.0,,0.0,,,,,,,,,,,,,,0.0,,0.0,,,,,,,,,,0.0,,,,,,,,,,,,,,,,0.0,,,D,True,2021-04-06 06:54:10.694039+00:00
800,16266,10,1,,,,,,,,,,,,,,0.0,0.0,,0.0,,,,,,,,,,,,,,0.0,,0.0,,,,,,,,,,0.0,,,,,,,,,,,,,,,,0.0,,,D,True,2021-05-19 21:29:08.205583+00:00
800,16267,10,1,,,,,,,,,,,,,,0.0,0.0,,0.0,,,,,,,,,,,,,,0.0,,0.0,,,,,,,,,,0.0,,,,,,,,,,,,,,,,0.0,,,D,True,2021-05-19 21:29:08.205583+00:00
800,16267,10,1,,,,,,,,,,,,,,0.0,0.0,,0.0,,,,,,,,,,,,,,0.0,,0.0,,,,,,,,,,0.0,,,,,,,,,,,,,,,,0.0,,,D,True,2021-04-06 06:54:10.694039+00:00
800,16278,10,1,,,,,,,,,,,,,,0.0,0.0,,0.0,,,,,,,,,,,,,,0.0,,0.0,,,,,,,,,,0.0,,,,,,,,,,,,,,,,0.0,,,D,True,2021-05-19 21:29:08.205583+00:00
800,16278,10,1,,,,,,,,,,,,,,0.0,0.0,,0.0,,,,,,,,,,,,,,0.0,,0.0,,,,,,,,,,0.0,,,,,,,,,,,,,,,,0.0,,,D,True,2021-04-06 06:54:10.694039+00:00
800,16279,10,1,,,,,,,,,,,,,,0.0,0.0,,0.0,,,,,,,,,,,,,,0.0,,0.0,,,,,,,,,,0.0,,,,,,,,,,,,,,,,0.0,,,D,True,2021-05-19 21:29:08.205583+00:00
800,16279,10,1,,,,,,,,,,,,,,0.0,0.0,,0.0,,,,,,,,,,,,,,0.0,,0.0,,,,,,,,,,0.0,,,,,,,,,,,,,,,,0.0,,,D,True,2021-04-06 06:54:10.694039+00:00
800,16287,10,1,,,,,,,,,,,,,,0.0,0.0,,0.0,,,,,,,,,,,,,,0.0,,0.0,,,,,,,,,,0.0,,,,,,,,,,,,,,,,0.0,,,D,True,2021-05-19 21:29:08.205583+00:00
800,16287,10,1,,,,,,,,,,,,,,0.0,0.0,,0.0,,,,,,,,,,,,,,0.0,,0.0,,,,,,,,,,0.0,,,,,,,,,,,,,,,,0.0,,,D,True,2021-04-06 06:54:10.694039+00:00
800,16288,10,1,,,,,,,,,,,,,,0.0,0.0,,0.0,,,,,,,,,,,,,,0.0,,0.0,,,,,,,,,,0.0,,,,,,,,,,,,,,,,0.0,,,D,True,2021-04-06 06:54:10.694039+00:00
800,16288,10,1,,,,,,,,,,,,,,0.0,0.0,,0.0,,,,,,,,,,,,,,0.0,,0.0,,,,,,,,,,0.0,,,,,,,,,,,,,,,,0.0,,,D,True,2021-05-19 21:29:08.205583+00:00
800,16289,10,1,,,,,,,,,,,,,,0.0,0.0,,0.0,,,,,,,,,,,,,,0.0,,0.0,,,,,,,,,,0.0,,,,,,,,,,,,,,,,0.0,,,D,True,2021-05-19 21:29:08.205583+00:00
800,16289,10,1,,,,,,,,,,,,,,0.0,0.0,,0.0,,,,,,,,,,,,,,0.0,,0.0,,,,,,,,,,0.0,,,,,,,,,,,,,,,,0.0,,,D,True,2021-04-06 06:54:10.694039+00:00
800,16290,10,1,,,,,,,,,,,,,,0.0,0.0,,0.0,,,,,,,,,,,,,,0.0,,0.0,,,,,,,,,,0.0,,,,,,,,,,,,,,,,0.0,,,D,True,2021-04-06 06:54:10.694039+00:00
800,16290,10,1,,,,,,,,,,,,,,0.0,0.0,,0.0,,,,,,,,,,,,,,0.0,,0.0,,,,,,,,,,0.0,,,,,,,,,,,,,,,,0.0,,,D,True,2021-05-19 21:29:08.205583+00:00
800,16291,10,1,,,,,,,,,,,,,,0.0,0.0,,0.0,,,,,,,,,,,,,,0.0,,0.0,,,,,,,,,,0.0,,,,,,,,,,,,,,,,0.0,,,D,True,2021-04-06 06:54:10.694039+00:00
800,16291,10,1,,,,,,,,,,,,,,0.0,0.0,,0.0,,,,,,,,,,,,,,0.0,,0.0,,,,,,,,,,0.0,,,,,,,,,,,,,,,,0.0,,,D,True,2021-05-19 21:29:08.205583+00:00
800,16292,10,1,,,,,,,,,,,,,,0.0,0.0,,0.0,,,,,,,,,,,,,,0.0,,0.0,,,,,,,,,,0.0,,,,,,,,,,,,,,,,0.0,,,D,True,2021-04-06 06:54:10.694039+00:00
800,16292,10,1,,,,,,,,,,,,,,0.0,0.0,,0.0,,,,,,,,,,,,,,0.0,,0.0,,,,,,,,,,0.0,,,,,,,,,,,,,,,,0.0,,,D,True,2021-05-19 21:29:08.205583+00:00
800,16295,10,1,,,,,,,,,,,,,,0.0,0.0,,0.0,,,,,,,,,,,,,,0.0,,0.0,,,,,,,,,,0.0,,,,,,,,,,,,,,,,0.0,,,D,True,2021-04-06 06:54:10.694039+00:00
800,16295,10,1,,,,,,,,,,,,,,0.0,0.0,,0.0,,,,,,,,,,,,,,0.0,,0.0,,,,,,,,,,0.0,,,,,,,,,,,,,,,,0.0,,,D,True,2021-05-19 21:29:08.205583+00:00
800,16296,10,1,,,,,,,,,,,,,,0.0,0.0,,0.0,,,,,,,,,,,,,,0.0,,0.0,,,,,,,,,,0.0,,,,,,,,,,,,,,,,0.0,,,D,True,2021-04-06 06:54:10.694039+00:00
800,16296,10,1,,,,,,,,,,,,,,0.0,0.0,,0.0,,,,,,,,,,,,,,0.0,,0.0,,,,,,,,,,0.0,,,,,,,,,,,,,,,,0.0,,,D,True,2021-05-19 21:29:08.205583+00:00
50,146,10,2,,,,,,,,,,,,,,,,,,,,,,,,,,,,,,,,,,,,,,,,,,,,,,,,,,,,,,,,,,,,,,D,True,2022-02-02 04:43:44.852100+00:00
50,147,10,2,,,,,,,,,,,,,,,,,,,,,,,,,,,,,,,,,,,,,,,,,,,,,,,,,,,,,,,,,,,,,,D,True,2022-02-02 04:57:10.835050+00:00
50,175,10,2,,,,,,,,,,,,,,,,,,,,,,,,,,,,,,,,,,,,,,,,,,,,,,,,,,,,,,,,,,,,,,D,True,2022-02-27 14:46:40.479073+00:00
50,175,20,2,,,,,,,,,,,,,,,,,,,,,,,,,,,,,,,,,,,,,,,,,,,,,,,,,,,,,,,,,,,,,,D,True,2022-02-27 14:46:40.479073+00:00
50,176,10,2,,,,,,,,,,,,,,,,,,,,,,,,,,,,,,,,,,,,,,,,,,,,,,,,,,,,,,,,,,,,,,D,True,2022-02-27 14:47:00.553391+00:00
50,176,20,2,,,,,,,,,,,,,,,,,,,,,,,,,,,,,,,,,,,,,,,,,,,,,,,,,,,,,,,,,,,,,,D,True,2022-02-27 14:47:00.553391+00:00
50,629,10,2,,,,,,,,,,,,,,,,,,,,,,,,,,,,,,,,,,,,,,,,,,,,,,,,,,,,,,,,,,,,,,D,True,2022-03-08 06:31:50.035336+00:00
50,629,20,2,,,,,,,,,,,,,,,,,,,,,,,,,,,,,,,,,,,,,,,,,,,,,,,,,,,,,,,,,,,,,,D,True,2022-03-08 06:31:50.035336+00:00
50,680,10,2,,,,,,,,,,,,,,,,,,,,,,,,,,,,,,,,,,,,,,,,,,,,,,,,,,,,,,,,,,,,,,D,True,2022-03-10 07:55:54.160857+00:00
50,680,20,2,,,,,,,,,,,,,,,,,,,,,,,,,,,,,,,,,,,,,,,,,,,,,,,,,,,,,,,,,,,,,,D,True,2022-03-10 07:55:54.160857+00:00
50,719,10,2,,,,,,,,,,,,,,,,,,,,,,,,,,,,,,,,,,,,,,,,,,,,,,,,,,,,,,,,,,,,,,D,True,2022-03-17 18:12:56.959634+00:00
50,1765,10,2,,,,,,,,,,,,,,,,,,,,,,,,,,,,,,,,,,,,,,,,,,,,,,,,,,,,,,,,,,,,,,D,True,2022-03-18 13:36:55.514878+00:00
50,70,10,2,,,,,,,,,,,,,,,,,,,,,,,,,,,,,,,,,,,,,,,,,,,,,,,,,,,,,,,,,,,,,,D,True,2022-03-19 09:07:33.838863+00:00
50,717,10,2,,,,,,,,,,,,,,,,,,,,,,,,,,,,,,,,,,,,,,,,,,,,,,,,,,,,,,,,,,,,,,D,True,2022-03-19 09:32:23.106574+00:00
50,717,20,2,,,,,,,,,,,,,,,,,,,,,,,,,,,,,,,,,,,,,,,,,,,,,,,,,,,,,,,,,,,,,,D,True,2022-03-19 09:32:23.106574+00:00
50,718,10,2,,,,,,,,,,,,,,,,,,,,,,,,,,,,,,,,,,,,,,,,,,,,,,,,,,,,,,,,,,,,,,D,True,2022-03-19 09:32:41.531355+00:00
50,718,20,2,,,,,,,,,,,,,,,,,,,,,,,,,,,,,,,,,,,,,,,,,,,,,,,,,,,,,,,,,,,,,,D,True,2022-03-19 09:32:41.531355+00:00
50,1900,10,2,,,,,,,,,,,,,,,,,,,,,,,,,,,,,,,,,,,,,,,,,,,,,,,,,,,,,,,,,,,,,,D,True,2022-03-19 09:44:02.288266+00:00
50,1900,10,2,,,,,,,,,,,,,,,,,,,,,,,,,,,,,,,,,,,,,,,,,,,,,,,,,,,,,,,,,,,,,,D,True,2022-03-19 09:46:52.352446+00:00
50,2050,10,2,,,,,,,,,,,,,,,,,,,,,,,,,,,,,,,,,,,,,,,,,,,,,,,,,,,,,,,,,,,,,,D,True,2022-03-20 04:52:33.185099+00:00
